question_id,question_type,category,source_video_id,duration_seconds,duration_bucket,stage,source_order,canonical_order_recovered,num_temporal_bins,embedding_dim,raw_adjacent_mean,raw_nonadjacent_mean,raw_far_mean,raw_adjacent_advantage_vs_nonadjacent,raw_adjacent_advantage_vs_far,centered_adjacent_mean,centered_nonadjacent_mean,centered_far_mean,centered_adjacent_advantage_vs_nonadjacent,centered_adjacent_advantage_vs_far,mean_adjacent_unit_l2,mean_nonadjacent_unit_l2,adjacent_to_nonadjacent_l2_ratio,nearest_neighbor_is_adjacent_fraction,effective_rank,stable_rank,pc1_variance_fraction,temporal_variance,final_top_bin,final_top1_temporal_bin_mass,final_normalized_temporal_entropy,final_bins_to_80pct_mass,final_absolute_visual_mass,top_bin_is_first,top_bin_is_boundary
fine_grained_action_localization_1388,fine_grained_action_localization,fine_grained,P01-20240203-121517,316.43,long,vision_block_early,window,True,64,1280,0.9957106908302659,0.9924249928532073,0.9920228632739058,0.003285697977058577,0.0036878275563601015,0.4469005025972689,-0.028510386846219732,-0.1314476653884345,0.47541088944348864,0.5783481679857034,0.08311227085626734,0.11566020853546169,0.7185900138748662,0.140625,4.899364256801117,1.818755122324322,0.5498266301633976,0.8959830542580248,62,0.05568075794686928,0.9043999512459324,28,0.573900842368346,False,False
fine_grained_action_localization_1388,fine_grained_action_localization,fine_grained,P01-20240203-121517,316.43,long,vision_block_middle,window,True,64,1280,0.9810281475347324,0.9628216505171704,0.9564870136775354,0.01820649701756205,0.02454113385719703,0.4651268645985621,-0.03088584995001653,-0.1948197956580562,0.49601271454857865,0.6599466602566183,0.18960184368462765,0.2683718625379821,0.7064892790606679,0.59375,20.538801691595285,3.8075326185530005,0.2626372772559558,15.849365343256238,62,0.05568075794686928,0.9043999512459324,28,0.573900842368346,False,False
fine_grained_action_localization_1388,fine_grained_action_localization,fine_grained,P01-20240203-121517,316.43,long,vision_block_late,window,True,64,1280,0.9999751894790534,0.9999546545124419,0.9999459600761705,2.0534966611474026e-05,2.922940288285769e-05,0.17999393225424337,-0.005496045485921525,-0.014529670648655945,0.1854899777401649,0.19452360290289933,0.006899208677014341,0.00937352758238727,0.736031191712484,0.5,1.1362169364428705,1.0158025950844183,0.9844432420621008,30386.137877919857,62,0.05568075794686928,0.9043999512459324,28,0.573900842368346,False,False
fine_grained_action_localization_1388,fine_grained_action_localization,fine_grained,P01-20240203-121517,316.43,long,vision_merger_pre_reverse,window,True,64,3584,0.9578066941314852,0.9218085351425261,0.906787137860563,0.035998158988959084,0.05101955627092225,0.4390336998328263,-0.029570275423247302,-0.216230460854241,0.4686039752560736,0.6552641606870673,0.2845904313332204,0.3889390825417651,0.7317095249811014,0.5625,20.976333787280996,3.3476731621193747,0.2987149436556438,43.38428244523679,62,0.05568075794686928,0.9043999512459324,28,0.573900842368346,False,False
fine_grained_action_localization_1388,fine_grained_action_localization,fine_grained,P01-20240203-121517,316.43,long,vision_final,canonical,False,64,3584,0.9578066941314852,0.9218085351425261,0.906787137860563,0.035998158988959084,0.05101955627092225,0.4390336998328263,-0.029570275423247302,-0.216230460854241,0.4686039752560736,0.6552641606870673,0.2845904313332204,0.3889390825417651,0.7317095249811014,0.5625,20.976333787280996,3.3476731621193747,0.2987149436556438,43.38428244523679,62,0.05568075794686928,0.9043999512459324,28,0.573900842368346,False,False
fine_grained_action_localization_1515,fine_grained_action_localization,fine_grained,P04-20240414-165333,553.2189999999999,long,vision_block_early,window,True,64,1280,0.9961760927060829,0.994674670330356,0.9941671799286927,0.001501422375726924,0.002008912777390126,0.3008662060195887,-0.01882875392265147,-0.059928257861753306,0.3196949599422402,0.360794463881342,0.07620954298417401,0.0935011788631961,0.8150650495613332,0.171875,4.78211029118145,1.6788789825495802,0.5956355463342446,0.6189652949250375,51,0.05878050039197327,0.8989167632461733,27,0.6059028144171896,False,False
fine_grained_action_localization_1515,fine_grained_action_localization,fine_grained,P04-20240414-165333,553.2189999999999,long,vision_block_middle,window,True,64,1280,0.9820194396065518,0.9713685037113733,0.9681697143928122,0.010650935895178515,0.013849725213739617,0.31532947671528583,-0.020626635954329457,-0.06553679303912147,0.3359561126696153,0.3808662697544073,0.18465044605824776,0.23251267305684833,0.7941521794517478,0.53125,25.336640627315433,5.291741362211371,0.1889737104577819,11.24674063109224,51,0.05878050039197327,0.8989167632461733,27,0.6059028144171896,False,False
fine_grained_action_localization_1515,fine_grained_action_localization,fine_grained,P04-20240414-165333,553.2189999999999,long,vision_block_late,window,True,64,1280,0.999983107962682,0.999974103918049,0.9999703759506653,9.004044632998642e-06,1.2732012016680727e-05,0.31042967465421106,-0.010094079748925039,-0.030821887059415867,0.3205237544031361,0.3412515617136269,0.005618552362811998,0.006898095264461442,0.8145077948920814,0.4375,1.0472723807238835,1.004826001211304,0.9951971772172632,66264.63967910878,51,0.05878050039197327,0.8989167632461733,27,0.6059028144171896,False,False
fine_grained_action_localization_1515,fine_grained_action_localization,fine_grained,P04-20240414-165333,553.2189999999999,long,vision_merger_pre_reverse,window,True,64,3584,0.9660741798424508,0.9470986195934491,0.940951600232927,0.01897556024900171,0.0251225796095238,0.29827652238977015,-0.01786410772806992,-0.0639124659760414,0.31614063011784005,0.36218898836581154,0.2527387885337994,0.31333394683199084,0.8066115755702574,0.515625,23.506809429377274,4.119186619844431,0.24276637411435537,27.848979553052338,51,0.05878050039197327,0.8989167632461733,27,0.6059028144171896,False,False
fine_grained_action_localization_1515,fine_grained_action_localization,fine_grained,P04-20240414-165333,553.2189999999999,long,vision_final,canonical,False,64,3584,0.9660741798424508,0.9470986195934491,0.940951600232927,0.01897556024900171,0.0251225796095238,0.29827652238977015,-0.01786410772806992,-0.0639124659760414,0.31614063011784005,0.36218898836581154,0.2527387885337994,0.31333394683199084,0.8066115755702574,0.515625,23.506809429377274,4.119186619844431,0.24276637411435537,27.848979553052338,51,0.05878050039197327,0.8989167632461733,27,0.6059028144171896,False,False
fine_grained_action_localization_2299,fine_grained_action_localization,fine_grained,P08-20240613-122900,189.949,long,vision_block_early,window,True,64,1280,0.9956867205054393,0.9944383521867071,0.9945789619734741,0.001248368318732207,0.0011077585319652083,0.18162724312761294,-0.015844306039531006,-0.04378052343067855,0.19747154916714393,0.22540776655829148,0.08207038412488585,0.09671459378052048,0.8485832480580179,0.140625,3.7045401662454354,1.5744875923253094,0.6351272660860621,0.6360176882114026,63,0.04369264383692961,0.9353873297668243,32,0.5278978955440681,False,True
fine_grained_action_localization_2299,fine_grained_action_localization,fine_grained,P08-20240613-122900,189.949,long,vision_block_middle,window,True,64,1280,0.9880083831299995,0.977746501386322,0.9742454204618415,0.010261881743677481,0.013762962668158019,0.4195517780613971,-0.02899188547063634,-0.13253425084992906,0.44854366353203345,0.5520860289113262,0.1509525333059207,0.20806369134436523,0.7255111755951685,0.5625,20.740486592530214,4.9087719037665,0.2037169417533335,12.222671239002093,63,0.04369264383692961,0.9353873297668243,32,0.5278978955440681,False,True
fine_grained_action_localization_2299,fine_grained_action_localization,fine_grained,P08-20240613-122900,189.949,long,vision_block_late,window,True,64,1280,0.9999831055410233,0.9999709691966989,0.9999675582520328,1.2136344324398252e-05,1.554728899055835e-05,0.4770985089417192,-0.029955471787806606,-0.09997255926459511,0.5070539807295258,0.5770710682063143,0.005721132372510021,0.007504638453654582,0.7623461686850437,0.4375,1.0869982714667943,1.0094011254988424,0.9906864325178988,33915.397774781646,63,0.04369264383692961,0.9353873297668243,32,0.5278978955440681,False,True
fine_grained_action_localization_2299,fine_grained_action_localization,fine_grained,P08-20240613-122900,189.949,long,vision_merger_pre_reverse,window,True,64,3584,0.968998832583728,0.9463935499533288,0.9413346126454062,0.02260528263039918,0.0276642199383218,0.3774852526866547,-0.02661983757883071,-0.11009018940355082,0.4041050902654854,0.48757544209020554,0.2449816321316897,0.32294743706411294,0.7585805119210618,0.484375,23.865588682060086,4.172862257654948,0.23964366381026359,29.16105067202585,63,0.04369264383692961,0.9353873297668243,32,0.5278978955440681,False,True
fine_grained_action_localization_2299,fine_grained_action_localization,fine_grained,P08-20240613-122900,189.949,long,vision_final,canonical,False,64,3584,0.968998832583728,0.9463935499533288,0.9413346126454062,0.02260528263039918,0.0276642199383218,0.3774852526866547,-0.02661983757883071,-0.11009018940355082,0.4041050902654854,0.48757544209020554,0.2449816321316897,0.32294743706411294,0.7585805119210618,0.484375,23.865588682060086,4.172862257654948,0.23964366381026359,29.16105067202585,63,0.04369264383692961,0.9353873297668243,32,0.5278978955440681,False,True
fine_grained_action_localization_3168,fine_grained_action_localization,fine_grained,P04-20240415-181212,433.67,long,vision_block_early,window,True,64,1280,0.9953940933761088,0.9915177587489704,0.9898724232916977,0.0038763346271384336,0.005521670084411179,0.3801977679551938,-0.0033999574057457923,-0.043904557910857574,0.38359772536093956,0.42410232586605134,0.08699259115031699,0.11911234735910922,0.7303406664301973,0.203125,4.540023286570944,1.7652716406495423,0.5664850536159092,0.9967442468482024,54,0.04909146528489591,0.9184450217244954,29,0.5707611965661408,False,False
fine_grained_action_localization_3168,fine_grained_action_localization,fine_grained,P04-20240415-181212,433.67,long,vision_block_middle,window,True,64,1280,0.9804234306932389,0.9666399178903032,0.9629322029943519,0.01378351280293566,0.017491227698887002,0.35332447226758873,-0.025177798176849637,-0.06450130043649546,0.37850227044443835,0.41782577270408416,0.1945504162347754,0.25417483839781124,0.7654196515324733,0.46875,23.94260369969971,4.36677456660874,0.22900197496950367,14.102882539347291,54,0.04909146528489591,0.9184450217244954,29,0.5707611965661408,False,False
fine_grained_action_localization_3168,fine_grained_action_localization,fine_grained,P04-20240415-181212,433.67,long,vision_block_late,window,True,64,1280,0.9999782989219888,0.9999656820974027,0.9999620201603836,1.2616824586086928e-05,1.6278761605148517e-05,0.5379900397512563,-0.031155892437733933,-0.09181020004134692,0.5691459321889902,0.6298002397926031,0.0064530579341487045,0.008117727509894411,0.7949340411196729,0.421875,1.0373062175077215,1.0036835110520832,0.9963300074061973,101677.86567499902,54,0.04909146528489591,0.9184450217244954,29,0.5707611965661408,False,False
fine_grained_action_localization_3168,fine_grained_action_localization,fine_grained,P04-20240415-181212,433.67,long,vision_merger_pre_reverse,window,True,64,3584,0.9585407050377232,0.9350928430393282,0.926834092033049,0.023447861998394992,0.031706613004674145,0.3217435235351172,-0.02354830040200837,-0.07891435474463517,0.3452918239371256,0.40065787827975236,0.28267939820526455,0.3546283922908211,0.7971144001731448,0.4375,25.305732001242376,4.7258434464408525,0.21160243908484194,35.12238754170902,54,0.04909146528489591,0.9184450217244954,29,0.5707611965661408,False,False
fine_grained_action_localization_3168,fine_grained_action_localization,fine_grained,P04-20240415-181212,433.67,long,vision_final,canonical,False,64,3584,0.9585407050377232,0.9350928430393282,0.926834092033049,0.023447861998394992,0.031706613004674145,0.3217435235351172,-0.02354830040200837,-0.07891435474463517,0.3452918239371256,0.40065787827975236,0.28267939820526455,0.3546283922908211,0.7971144001731448,0.4375,25.305732001242376,4.7258434464408525,0.21160243908484194,35.12238754170902,54,0.04909146528489591,0.9184450217244954,29,0.5707611965661408,False,False
fine_grained_action_localization_3677,fine_grained_action_localization,fine_grained,P04-20240414-065311,402.06,long,vision_block_early,window,True,64,1280,0.9925260041882249,0.989942286973729,0.9908765390926864,0.0025837172144959064,0.0016494650955385382,0.19344359217351192,-0.01873401130627683,-0.02957343264639863,0.21217760347978876,0.22301702481991056,0.11176021399589296,0.1312478362142605,0.8515204305040562,0.046875,4.6258640597937974,2.0604956072752545,0.48532013194746576,1.1922923028215018,58,0.055158594012939176,0.8958705598625811,26,0.561523166307883,False,False
fine_grained_action_localization_3677,fine_grained_action_localization,fine_grained,P04-20240414-065311,402.06,long,vision_block_middle,window,True,64,1280,0.9813532374295485,0.9653200251043441,0.9653811423298224,0.016033212325204382,0.01597209509972608,0.429146901466084,-0.025592042961262315,-0.03767259465655272,0.4547389444273463,0.4668194961226367,0.18872072266369622,0.25815631453214744,0.7310327582174845,0.546875,21.775398578089057,4.161079084946556,0.24032227688670418,15.546723143810732,58,0.055158594012939176,0.8958705598625811,26,0.561523166307883,False,False
fine_grained_action_localization_3677,fine_grained_action_localization,fine_grained,P04-20240414-065311,402.06,long,vision_block_late,window,True,64,1280,0.9999795356059726,0.9999633767234692,0.9999616543864792,1.6158882503392036e-05,1.7881219493420808e-05,0.4263940192826056,-0.02392178146234272,-0.08454367528678171,0.4503158007449483,0.5109376945693873,0.006204573086863217,0.008336904814917489,0.7442298100562665,0.53125,1.0433812371055955,1.0043364731398272,0.995682250664192,91227.39445915772,58,0.055158594012939176,0.8958705598625811,26,0.561523166307883,False,False
fine_grained_action_localization_3677,fine_grained_action_localization,fine_grained,P04-20240414-065311,402.06,long,vision_merger_pre_reverse,window,True,64,3584,0.9593798601148668,0.9263679167309296,0.9240965989435983,0.0330119433839372,0.035283261171268454,0.4069257373723769,-0.024054672279685857,-0.06161646606788562,0.43098040965206275,0.46854220344026254,0.27989868665116246,0.37660796372248073,0.7432096864988693,0.5625,23.976196771774415,4.44603448381906,0.2249195330444263,38.818422500720914,58,0.055158594012939176,0.8958705598625811,26,0.561523166307883,False,False
fine_grained_action_localization_3677,fine_grained_action_localization,fine_grained,P04-20240414-065311,402.06,long,vision_final,canonical,False,64,3584,0.9593798601148668,0.9263679167309296,0.9240965989435983,0.0330119433839372,0.035283261171268454,0.4069257373723769,-0.024054672279685857,-0.06161646606788562,0.43098040965206275,0.46854220344026254,0.27989868665116246,0.37660796372248073,0.7432096864988693,0.5625,23.976196771774415,4.44603448381906,0.2249195330444263,38.818422500720914,58,0.055158594012939176,0.8958705598625811,26,0.561523166307883,False,False
fine_grained_action_localization_404,fine_grained_action_localization,fine_grained,P04-20240413-142619,290.909,long,vision_block_early,window,True,64,1280,0.9974987278517483,0.9962904741747928,0.9958521920725611,0.0012082536769555396,0.0016465357791871638,0.2055260271361519,-0.01141657490142493,0.017062120775099058,0.21694260203757681,0.18846390636105284,0.062338027859394365,0.0762772854503729,0.8172554580478927,0.15625,2.7615293525281244,1.2617652304691926,0.7925404630369675,0.42952185430901935,62,0.05660452738291022,0.9359721370915371,33,0.5726043376578172,False,False
fine_grained_action_localization_404,fine_grained_action_localization,fine_grained,P04-20240413-142619,290.909,long,vision_block_middle,window,True,64,1280,0.9843407851419469,0.9747096802156345,0.9727201235919839,0.009631104926312362,0.011620661549962996,0.32857930773496735,-0.02284276131008502,-0.028582973462200855,0.35142206904505235,0.3571622811971682,0.1721850966564444,0.21962980034156906,0.7839787514657005,0.515625,22.754279672055958,3.9082300322497834,0.25587030234869446,10.24301824750042,62,0.05660452738291022,0.9359721370915371,33,0.5726043376578172,False,False
fine_grained_action_localization_404,fine_grained_action_localization,fine_grained,P04-20240413-142619,290.909,long,vision_block_late,window,True,64,1280,0.9999860138102357,0.9999797472856521,0.999978089529875,6.266524583575794e-06,7.92428036067161e-06,0.1924089487613519,-0.021067578893671585,-0.06787627324140037,0.21347652765502348,0.2602852220027523,0.005153336910099949,0.006233400514742884,0.8267296314285549,0.46875,1.055851109019373,1.0057445426176572,0.9942882686664093,46060.38177049416,62,0.05660452738291022,0.9359721370915371,33,0.5726043376578172,False,False
fine_grained_action_localization_404,fine_grained_action_localization,fine_grained,P04-20240413-142619,290.909,long,vision_merger_pre_reverse,window,True,64,3584,0.9720534195077012,0.9585939537083437,0.9545267203433434,0.013459465799357528,0.017526699164357784,0.2770870794578061,-0.021474159529404707,-0.043669785131538456,0.29856123898721076,0.32075686458934455,0.23134359031951268,0.2817236069512918,0.8211721865378165,0.53125,27.54508527722729,4.485678843397308,0.22293169772328872,21.505302962168525,62,0.05660452738291022,0.9359721370915371,33,0.5726043376578172,False,False
fine_grained_action_localization_404,fine_grained_action_localization,fine_grained,P04-20240413-142619,290.909,long,vision_final,canonical,False,64,3584,0.9720534195077012,0.9585939537083437,0.9545267203433434,0.013459465799357528,0.017526699164357784,0.2770870794578061,-0.021474159529404707,-0.043669785131538456,0.29856123898721076,0.32075686458934455,0.23134359031951268,0.2817236069512918,0.8211721865378165,0.53125,27.54508527722729,4.485678843397308,0.22293169772328872,21.505302962168525,62,0.05660452738291022,0.9359721370915371,33,0.5726043376578172,False,False
fine_grained_action_localization_5424,fine_grained_action_localization,fine_grained,P06-20240510-135423,382.699,long,vision_block_early,window,True,64,1280,0.9883979877105882,0.9845262461924449,0.9844584532299294,0.00387174151814329,0.003939534480658757,0.2512149307967677,-0.02120076518650117,-0.0022698301263109288,0.27241569598326887,0.25348476092307864,0.13504953900932617,0.16610040426234554,0.8130596647797653,0.125,6.18953864940414,2.543067401738686,0.3932259126581952,1.9123335306639988,58,0.06092106621931307,0.9261979730723765,31,0.5124823486704747,False,False
fine_grained_action_localization_5424,fine_grained_action_localization,fine_grained,P06-20240510-135423,382.699,long,vision_block_middle,window,True,64,1280,0.9765027335671169,0.9491143440667466,0.9495516866514672,0.02738838950037037,0.026951046915649757,0.4550731325561589,-0.026284658684748476,-0.017170069894191346,0.4813577912409074,0.47224320245035023,0.211847280382981,0.31056446530661774,0.6821362520461765,0.5625,16.96389291143059,2.9949756684715303,0.33389252892005783,22.818378497448215,58,0.06092106621931307,0.9261979730723765,31,0.5124823486704747,False,False
fine_grained_action_localization_5424,fine_grained_action_localization,fine_grained,P06-20240510-135423,382.699,long,vision_block_late,window,True,64,1280,0.9999703033213657,0.9999416438406094,0.9999434665694513,2.8659480756365596e-05,2.6836751914394164e-05,0.3074208480950888,0.013140810763905976,0.029691473518950583,0.2942800373311828,0.2777293745761382,0.007521162793374457,0.010609463894883885,0.7089107298815849,0.5625,1.0960097271725762,1.0108511478811029,0.9892653355502949,57633.66176611344,58,0.06092106621931307,0.9261979730723765,31,0.5124823486704747,False,False
fine_grained_action_localization_5424,fine_grained_action_localization,fine_grained,P06-20240510-135423,382.699,long,vision_merger_pre_reverse,window,True,64,3584,0.9495901093056206,0.8984332618988463,0.9032389544984835,0.051156847406774286,0.04635115480713714,0.4600336767582103,-0.028875750366465856,-0.013727923844635906,0.4889094271246761,0.47376160060284617,0.3084224404067116,0.4420802827201154,0.6976616068669507,0.59375,19.226728784239526,3.6196844689318226,0.2762671742753043,58.192570062874566,58,0.06092106621931307,0.9261979730723765,31,0.5124823486704747,False,False
fine_grained_action_localization_5424,fine_grained_action_localization,fine_grained,P06-20240510-135423,382.699,long,vision_final,canonical,False,64,3584,0.9495901093056206,0.8984332618988463,0.9032389544984835,0.051156847406774286,0.04635115480713714,0.4600336767582103,-0.028875750366465856,-0.013727923844635906,0.4889094271246761,0.47376160060284617,0.3084224404067116,0.4420802827201154,0.6976616068669507,0.59375,19.226728784239526,3.6196844689318226,0.2762671742753043,58.192570062874566,58,0.06092106621931307,0.9261979730723765,31,0.5124823486704747,False,False
fine_grained_action_localization_5475,fine_grained_action_localization,fine_grained,P01-20240204-152537,228.471,long,vision_block_early,window,True,64,1280,0.9927674954335564,0.9805463397144327,0.9809994266226467,0.012221155719123633,0.011768068810909638,0.6298684363771094,-0.030159812021669435,-0.03442841615554105,0.6600282483987788,0.6642968525326505,0.10304288819835213,0.1830536050540869,0.5629110017686131,0.296875,3.8102609140754584,1.8002240439562203,0.555486414792224,2.2829866940696055,55,0.04816994605102627,0.9412475420807527,35,0.5179187679751717,False,False
fine_grained_action_localization_5475,fine_grained_action_localization,fine_grained,P01-20240204-152537,228.471,long,vision_block_middle,window,True,64,1280,0.980249082845478,0.9457186672576947,0.93585901420933,0.03453041558778325,0.04439006863614792,0.6106022871438921,-0.030609240543700778,-0.1243829137512617,0.6412115276875928,0.7349852008951538,0.1922054709006106,0.32081567527073596,0.5991149613821352,0.703125,15.7113588663504,3.6667244675785082,0.27272297355366776,23.83437289532708,55,0.04816994605102627,0.9412475420807527,35,0.5179187679751717,False,False
fine_grained_action_localization_5475,fine_grained_action_localization,fine_grained,P01-20240204-152537,228.471,long,vision_block_late,window,True,64,1280,0.9999749908852646,0.9999411454959559,0.9999305506389409,3.384538930872871e-05,4.4440246323773636e-05,0.4966531559311042,0.0026650959896359224,-0.18322514404657655,0.49398805994146827,0.6798782999776808,0.006890641340879169,0.010628469641867514,0.6483192381465394,0.5625,1.0833811928381887,1.009201086275609,0.9908828018511504,60516.15973723413,55,0.04816994605102627,0.9412475420807527,35,0.5179187679751717,False,False
fine_grained_action_localization_5475,fine_grained_action_localization,fine_grained,P01-20240204-152537,228.471,long,vision_merger_pre_reverse,window,True,64,3584,0.9577777046700052,0.8970237047759105,0.8730239004479311,0.06075399989409469,0.08475380422207413,0.547524213913739,-0.02904736903390242,-0.15112314784746414,0.5765715829476413,0.6986473617612031,0.2828847761878952,0.44269620252746117,0.6390042981458541,0.578125,17.085145854110117,3.4441489088421426,0.29034749265129217,59.47565243980682,55,0.04816994605102627,0.9412475420807527,35,0.5179187679751717,False,False
fine_grained_action_localization_5475,fine_grained_action_localization,fine_grained,P01-20240204-152537,228.471,long,vision_final,canonical,False,64,3584,0.9577777046700052,0.8970237047759105,0.8730239004479311,0.06075399989409469,0.08475380422207413,0.547524213913739,-0.02904736903390242,-0.15112314784746414,0.5765715829476413,0.6986473617612031,0.2828847761878952,0.44269620252746117,0.6390042981458541,0.578125,17.085145854110117,3.4441489088421426,0.29034749265129217,59.47565243980682,55,0.04816994605102627,0.9412475420807527,35,0.5179187679751717,False,False
fine_grained_action_localization_6783,fine_grained_action_localization,fine_grained,P07-20240531-101357,901.99,long,vision_block_early,window,True,64,1280,0.9950036127660538,0.9904589647779716,0.9887179144520148,0.004544647988082184,0.006285698314038912,0.5190972186924739,-0.016665089758964642,-0.4139328009572111,0.5357623084514386,0.933030019649685,0.08646560379319801,0.12683613576732347,0.6817111170259569,0.203125,5.319705174690698,1.932595447674599,0.5174388676136296,1.1437670647848872,47,0.04329654262526735,0.9291098831519429,31,0.5319549573837691,False,False
fine_grained_action_localization_6783,fine_grained_action_localization,fine_grained,P07-20240531-101357,901.99,long,vision_block_middle,window,True,64,1280,0.9745176640972028,0.9392425145295309,0.9127658562057839,0.03527514956767186,0.061751807891418875,0.5734492140238026,-0.01782707858805984,-0.34114951638729535,0.5912762926118624,0.9145987304110978,0.21413360817554625,0.3344783003891392,0.6402017946348646,0.734375,15.329738339963539,2.6253962347958364,0.38089488616858813,23.243777344054333,47,0.04329654262526735,0.9291098831519429,31,0.5319549573837691,False,False
fine_grained_action_localization_6783,fine_grained_action_localization,fine_grained,P07-20240531-101357,901.99,long,vision_block_late,window,True,64,1280,0.9999754854168033,0.9999471910320912,0.9999277882505808,2.829438471207979e-05,4.7697166222437914e-05,0.3010966944467599,0.019664109336881307,-0.18180743671371288,0.2814325851098786,0.4829041311604728,0.006803456708716038,0.010016704416900115,0.6792110883533005,0.609375,1.1010774251367481,1.011451601907691,0.988678052527583,47554.158990070355,47,0.04329654262526735,0.9291098831519429,31,0.5319549573837691,False,False
fine_grained_action_localization_6783,fine_grained_action_localization,fine_grained,P07-20240531-101357,901.99,long,vision_merger_pre_reverse,window,True,64,3584,0.9589928566565675,0.9079852496137671,0.8716283780967762,0.051007607042800385,0.08736447855979135,0.5390297808140337,-0.026889140885169718,-0.356726953734346,0.5659189216992034,0.8957567345483797,0.27741354554303804,0.41668239173768745,0.665767383128772,0.578125,16.985286691220647,2.806914901334539,0.35626302725620684,54.31788660001897,47,0.04329654262526735,0.9291098831519429,31,0.5319549573837691,False,False
fine_grained_action_localization_6783,fine_grained_action_localization,fine_grained,P07-20240531-101357,901.99,long,vision_final,canonical,False,64,3584,0.9589928566565675,0.9079852496137671,0.8716283780967762,0.051007607042800385,0.08736447855979135,0.5390297808140337,-0.026889140885169718,-0.356726953734346,0.5659189216992034,0.8957567345483797,0.27741354554303804,0.41668239173768745,0.665767383128772,0.578125,16.985286691220647,2.806914901334539,0.35626302725620684,54.31788660001897,47,0.04329654262526735,0.9291098831519429,31,0.5319549573837691,False,False
fine_grained_action_localization_8009,fine_grained_action_localization,fine_grained,P05-20240425-180658,234.89899999999997,long,vision_block_early,window,True,64,1280,0.9940062298958413,0.9918714104908483,0.9923393981178424,0.002134819404993049,0.0016668317779988673,0.28989720131122587,-0.02318473840866036,-0.0772788908542496,0.31308193971988624,0.3671760921654755,0.10143002663787484,0.12066624121085145,0.8405832950463471,0.046875,7.055662660219766,2.806848130371273,0.3562715022517895,0.9928272278882947,55,0.046600593823495094,0.9338634582471401,32,0.5439593340300668,False,False
fine_grained_action_localization_8009,fine_grained_action_localization,fine_grained,P05-20240425-180658,234.89899999999997,long,vision_block_middle,window,True,64,1280,0.9747452104827328,0.953897396137215,0.9528824257850392,0.020847814345517746,0.021862784697693538,0.4064332189817334,-0.028327208172546765,-0.05474131098741497,0.43476042715428015,0.4611745299691484,0.2210654448791023,0.2993144905126969,0.7385724777321622,0.546875,24.096502103863852,4.917399967000539,0.2033595002868902,18.17511409589612,55,0.046600593823495094,0.9338634582471401,32,0.5439593340300668,False,False
fine_grained_action_localization_8009,fine_grained_action_localization,fine_grained,P05-20240425-180658,234.89899999999997,long,vision_block_late,window,True,64,1280,0.9999689630755924,0.9999472764938617,0.9999446416538491,2.1686581730628873e-05,2.4321421743245253e-05,0.19681606406679095,-0.016417793364613183,-0.01064550456432597,0.21323385743140413,0.20746156863111692,0.007760868064654912,0.01014658018796827,0.7648752506640301,0.421875,1.1246335974669377,1.0140481897994993,0.9861464278119989,40039.43267511475,55,0.046600593823495094,0.9338634582471401,32,0.5439593340300668,False,False
fine_grained_action_localization_8009,fine_grained_action_localization,fine_grained,P05-20240425-180658,234.89899999999997,long,vision_merger_pre_reverse,window,True,64,3584,0.9511617975725329,0.9136969555716715,0.9114143201282507,0.03746484200086142,0.0397474774442822,0.3956728086046497,-0.028161301652996174,-0.05273772008996232,0.4238341102576459,0.448410528694612,0.3081472769621273,0.41003882257297986,0.7515075646459851,0.46875,23.222643853022888,4.405394527108546,0.22699442554951912,54.20670297179957,55,0.046600593823495094,0.9338634582471401,32,0.5439593340300668,False,False
fine_grained_action_localization_8009,fine_grained_action_localization,fine_grained,P05-20240425-180658,234.89899999999997,long,vision_final,canonical,False,64,3584,0.9511617975725329,0.9136969555716715,0.9114143201282507,0.03746484200086142,0.0397474774442822,0.3956728086046497,-0.028161301652996174,-0.05273772008996232,0.4238341102576459,0.448410528694612,0.3081472769621273,0.41003882257297986,0.7515075646459851,0.46875,23.222643853022888,4.405394527108546,0.22699442554951912,54.20670297179957,55,0.046600593823495094,0.9338634582471401,32,0.5439593340300668,False,False
fine_grained_action_localization_8273,fine_grained_action_localization,fine_grained,P03-20240218-144430,139.5,long,vision_block_early,window,True,64,1280,0.9949888251423844,0.9886095518918513,0.9852751463262303,0.006379273250533113,0.009713678816154148,0.490173420676719,0.0019432450374697095,-0.19286394898370698,0.48823017563924925,0.6830373696604259,0.0923864421746758,0.13724746618906464,0.6731376887308744,0.0625,3.881180255644251,1.6057609680662195,0.6227576955020128,1.2835173973437304,8,0.05396277735024895,0.9274624972785048,32,0.5231136748881062,False,False
fine_grained_action_localization_8273,fine_grained_action_localization,fine_grained,P03-20240218-144430,139.5,long,vision_block_middle,window,True,64,1280,0.9775483387625306,0.9528734800861808,0.949525948011166,0.024674858676349776,0.02802239075136459,0.4951521673750289,-0.025211126022348745,-0.09638676837640116,0.5203632933973776,0.59153893575143,0.20786616189255613,0.30009240683791677,0.6926738469754983,0.40625,16.16938130629322,2.8297667138646494,0.3533860212223244,22.70356610947333,8,0.05396277735024895,0.9274624972785048,32,0.5231136748881062,False,False
fine_grained_action_localization_8273,fine_grained_action_localization,fine_grained,P03-20240218-144430,139.5,long,vision_block_late,window,True,64,1280,0.9999731388691869,0.9999453282530117,0.9999411557674202,2.7810616175183434e-05,3.198310176677488e-05,0.6086918744856825,-0.013363526164778159,-0.029049815870536948,0.6220554006504607,0.6377416903562194,0.007185510232757047,0.010249109241833027,0.7010863152310334,0.453125,1.058801757393653,1.0062888340003147,0.9937504682673317,83084.87809917072,8,0.05396277735024895,0.9274624972785048,32,0.5231136748881062,False,False
fine_grained_action_localization_8273,fine_grained_action_localization,fine_grained,P03-20240218-144430,139.5,long,vision_merger_pre_reverse,window,True,64,3584,0.9562393773347326,0.9097196025646862,0.8998456072008613,0.04651977477004643,0.05639377013387137,0.4855204085259389,-0.02813917530799986,-0.11215876814792068,0.5136595838339387,0.5976791766738596,0.2894487749033379,0.4156590494895523,0.6963610566371496,0.453125,17.9497746345881,3.1341352798934854,0.31906727396718665,52.842763691339435,8,0.05396277735024895,0.9274624972785048,32,0.5231136748881062,False,False
fine_grained_action_localization_8273,fine_grained_action_localization,fine_grained,P03-20240218-144430,139.5,long,vision_final,canonical,False,64,3584,0.9562393773347326,0.9097196025646862,0.8998456072008613,0.04651977477004643,0.05639377013387137,0.4855204085259389,-0.02813917530799986,-0.11215876814792068,0.5136595838339387,0.5976791766738596,0.2894487749033379,0.4156590494895523,0.6963610566371496,0.453125,17.9497746345881,3.1341352798934854,0.31906727396718665,52.842763691339435,8,0.05396277735024895,0.9274624972785048,32,0.5231136748881062,False,False
fine_grained_action_localization_8735,fine_grained_action_localization,fine_grained,P02-20240211-120927,240.6500000000001,long,vision_block_early,window,True,64,1280,0.9978880454137029,0.9966730244193517,0.9962483529829189,0.0012150209943512236,0.00163969243078399,0.44304498966077743,-0.025222350524918297,-0.11929956214477357,0.4682673401856957,0.562344551805551,0.055293751143481874,0.07638922883860459,0.7238422482351103,0.3125,5.85060717153738,2.2816346549234385,0.4382822630442364,0.38585120490969216,62,0.0455868852793413,0.9397312835951349,33,0.516323286203095,False,False
fine_grained_action_localization_8735,fine_grained_action_localization,fine_grained,P02-20240211-120927,240.6500000000001,long,vision_block_middle,window,True,64,1280,0.9791547961659546,0.9514542200188055,0.9478319581678394,0.027700576147149047,0.031322837998115194,0.5276003122027481,-0.027308834014787967,-0.08471414287825958,0.5549091462175361,0.6123144550810077,0.19935225545252613,0.30368869182251423,0.6564362151786483,0.640625,19.127534653819747,3.797390576455726,0.26333872691424454,17.976460017791695,62,0.0455868852793413,0.9397312835951349,33,0.516323286203095,False,False
fine_grained_action_localization_8735,fine_grained_action_localization,fine_grained,P02-20240211-120927,240.6500000000001,long,vision_block_late,window,True,64,1280,0.9999783613827435,0.9999526193992072,0.9999482913294576,2.5741983536331503e-05,3.007005328592438e-05,0.22143185793739975,0.009139632996129505,-0.08295569547556435,0.21229222494127026,0.3043875534129641,0.006403798909187759,0.009527941209735352,0.6721073071530457,0.515625,1.0935790017943978,1.0107163851320033,0.9893972381474713,52238.018667306205,62,0.0455868852793413,0.9397312835951349,33,0.516323286203095,False,False
fine_grained_action_localization_8735,fine_grained_action_localization,fine_grained,P02-20240211-120927,240.6500000000001,long,vision_merger_pre_reverse,window,True,64,3584,0.9608691218053972,0.9108930462218728,0.9008691731247251,0.04997607558352435,0.059999948680672044,0.5298961611595521,-0.030547800852509417,-0.13335651374656363,0.5604439620120615,0.6632526749061157,0.2731258053291699,0.4129171436452375,0.661454263966887,0.53125,17.854938326678568,3.0604955744430193,0.3267444685594719,51.28872920237827,62,0.0455868852793413,0.9397312835951349,33,0.516323286203095,False,False
fine_grained_action_localization_8735,fine_grained_action_localization,fine_grained,P02-20240211-120927,240.6500000000001,long,vision_final,canonical,False,64,3584,0.9608691218053972,0.9108930462218728,0.9008691731247251,0.04997607558352435,0.059999948680672044,0.5298961611595521,-0.030547800852509417,-0.13335651374656363,0.5604439620120615,0.6632526749061157,0.2731258053291699,0.4129171436452375,0.661454263966887,0.53125,17.854938326678568,3.0604955744430193,0.3267444685594719,51.28872920237827,62,0.0455868852793413,0.9397312835951349,33,0.516323286203095,False,False
fine_grained_action_localization_9427,fine_grained_action_localization,fine_grained,P02-20240211-182630,226.87,long,vision_block_early,window,True,64,1280,0.9833563873445051,0.9743431051810025,0.9709933545937479,0.009013282163502612,0.01236303275075723,0.44008762405442636,0.11781748219632482,0.02316117886211922,0.32227014185810154,0.41692644519230715,0.13215807956256345,0.18055662227581634,0.7319481163126778,0.0625,3.657616629847218,2.1317984948795337,0.46908748758475377,3.0793681977786287,54,0.051772590548785476,0.9175920930270135,30,0.5163818799838122,False,False
fine_grained_action_localization_9427,fine_grained_action_localization,fine_grained,P02-20240211-182630,226.87,long,vision_block_middle,window,True,64,1280,0.9685739041340732,0.9439191575840259,0.9381778140557516,0.02465474655004729,0.030396090078321558,0.4059476296281141,-0.015769817508749888,-0.09632096819484816,0.421717447136864,0.5022685978229623,0.23691364176843943,0.32217933517576486,0.7353471061053349,0.703125,20.837596143719868,3.848263735070025,0.25985744970823926,22.272657886750128,54,0.051772590548785476,0.9175920930270135,30,0.5163818799838122,False,False
fine_grained_action_localization_9427,fine_grained_action_localization,fine_grained,P02-20240211-182630,226.87,long,vision_block_late,window,True,64,1280,0.9999672150954845,0.9999427422210541,0.9999372207489394,2.447287443041457e-05,2.9994346545048067e-05,0.45224440802334015,-0.002175579502831368,-0.22407497479845961,0.4544199875261715,0.6763193828217997,0.0075723457234084385,0.010248095156633764,0.738902752918598,0.640625,1.1057955577968606,1.0118614694809547,0.9882775756971562,50274.52748925732,54,0.051772590548785476,0.9175920930270135,30,0.5163818799838122,False,False
fine_grained_action_localization_9427,fine_grained_action_localization,fine_grained,P02-20240211-182630,226.87,long,vision_merger_pre_reverse,window,True,64,3584,0.9454292312355191,0.9026474414572652,0.8950668304148619,0.042781789778253976,0.05036240082065724,0.4205379203990684,-0.013920537939014837,-0.10440349743422675,0.4344584583380832,0.5249414178332952,0.31177382195005954,0.42521488649023714,0.7332147388429163,0.609375,19.279988576850688,3.5920333026554383,0.2783938554413575,60.34532714904394,54,0.051772590548785476,0.9175920930270135,30,0.5163818799838122,False,False
fine_grained_action_localization_9427,fine_grained_action_localization,fine_grained,P02-20240211-182630,226.87,long,vision_final,canonical,False,64,3584,0.9454292312355191,0.9026474414572652,0.8950668304148619,0.042781789778253976,0.05036240082065724,0.4205379203990684,-0.013920537939014837,-0.10440349743422675,0.4344584583380832,0.5249414178332952,0.31177382195005954,0.42521488649023714,0.7332147388429163,0.609375,19.279988576850688,3.5920333026554383,0.2783938554413575,60.34532714904394,54,0.051772590548785476,0.9175920930270135,30,0.5163818799838122,False,False
fine_grained_action_recognition_1045,fine_grained_action_recognition,fine_grained,P04-20240415-184003,0.3990000000000009,short,vision_block_early,window,True,8,1280,0.9997503244401842,0.9998291971695027,0.9998418732217735,-7.887272931850209e-05,-9.154878158934565e-05,-0.4726842290890544,-0.028045308178459627,-0.015796674377312074,-0.44463892091059476,-0.4568875547117423,0.021967907986218095,0.017687835288085665,1.2419783217347937,0.0,3.276848585134272,1.5332237310428116,0.652220533607223,0.019744524148079992,0,0.33423178592462194,0.9185556602628218,6,0.1600590972180509,True,True
fine_grained_action_recognition_1045,fine_grained_action_recognition,fine_grained,P04-20240415-184003,0.3990000000000009,short,vision_block_middle,window,True,8,1280,0.9968840209833523,0.9966083999125889,0.9963628573527191,0.0002756210707633988,0.000521163630633148,-0.08824906544694709,-0.15700128626581164,-0.2247865822679379,0.06875222081886455,0.1365375168209908,0.07832068317061786,0.08169482789109242,0.9586981843578563,0.25,5.976572599620387,3.5681241696878447,0.280259305013896,1.2727296903515355,0,0.33423178592462194,0.9185556602628218,6,0.1600590972180509,True,True
fine_grained_action_recognition_1045,fine_grained_action_recognition,fine_grained,P04-20240415-184003,0.3990000000000009,short,vision_block_late,window,True,8,1280,0.9999940576374118,0.999993076934176,0.9999926466916479,9.80703235731184e-07,1.4109457638911138e-06,-0.4157214618450597,-0.050849552194533285,-0.4025055485737569,-0.3648719096505264,-0.013215913271302782,0.0033769994660066017,0.0036468155483008113,0.9260132357338645,0.5,1.0176620376339653,1.001963378347867,0.9980404689529627,21154.960266979,0,0.33423178592462194,0.9185556602628218,6,0.1600590972180509,True,True
fine_grained_action_recognition_1045,fine_grained_action_recognition,fine_grained,P04-20240415-184003,0.3990000000000009,short,vision_merger_pre_reverse,window,True,8,3584,0.9925604411154434,0.9909237611985648,0.9903441629392058,0.0016366799168785473,0.002216278176237596,0.021381628492040044,-0.19395172704084013,-0.28763960640998,0.21533335553288016,0.30902123490202005,0.1201645947893337,0.13326571079872254,0.9016917710424696,0.375,5.252879501981132,2.4087684171650614,0.4151499134885389,5.441491546672055,0,0.33423178592462194,0.9185556602628218,6,0.1600590972180509,True,True
fine_grained_action_recognition_1045,fine_grained_action_recognition,fine_grained,P04-20240415-184003,0.3990000000000009,short,vision_final,canonical,False,8,3584,0.9925604411154434,0.9909237611985648,0.9903441629392058,0.0016366799168785473,0.002216278176237596,0.021381628492040044,-0.19395172704084013,-0.28763960640998,0.21533335553288016,0.30902123490202005,0.1201645947893337,0.13326571079872254,0.9016917710424696,0.375,5.252879501981132,2.4087684171650614,0.4151499134885389,5.441491546672055,0,0.33423178592462194,0.9185556602628218,6,0.1600590972180509,True,True
fine_grained_action_recognition_1133,fine_grained_action_recognition,fine_grained,P08-20240618-171546,0.43900000000000006,short,vision_block_early,window,True,8,1280,0.9993377163534386,0.9994899229007207,0.999487979176961,-0.0001522065472820966,-0.00015026282352237352,-0.27642689091355915,-0.07419942416059683,-0.19839935357668403,-0.20222746675296233,-0.07802753733687512,0.034739343953354304,0.029861342303806156,1.1633550695718857,0.25,2.524487568569336,1.327451825189649,0.7533230065483794,0.058269274580891234,0,0.33445953642170895,0.9081359246429033,5,0.1701058282418444,True,True
fine_grained_action_recognition_1133,fine_grained_action_recognition,fine_grained,P08-20240618-171546,0.43900000000000006,short,vision_block_middle,window,True,8,1280,0.9935112891539357,0.9930993592893681,0.9923511008330071,0.00041192986456761727,0.001160188320928568,0.005038240285155779,-0.18061401291303364,-0.3491833111218619,0.18565225319818943,0.35422155140701767,0.11067674827311387,0.11533330120801172,0.9596252523241364,0.375,4.623158565235658,2.4216192593663446,0.41294683139481886,3.4530563312718097,0,0.33445953642170895,0.9081359246429033,5,0.1701058282418444,True,True
fine_grained_action_recognition_1133,fine_grained_action_recognition,fine_grained,P08-20240618-171546,0.43900000000000006,short,vision_block_late,window,True,8,1280,0.9999926301386787,0.999991409464741,0.9999912801146119,1.2206739377074172e-06,1.3500240667596586e-06,0.080166155385584,-0.1984668952467913,-0.31524220302948025,0.2786330506323753,0.3954083584150643,0.0037168446166063822,0.004093540873962744,0.9079778927450401,0.625,1.0183641618219657,1.002068660121533,0.9979356103989101,28503.13166034489,0,0.33445953642170895,0.9081359246429033,5,0.1701058282418444,True,True
fine_grained_action_recognition_1133,fine_grained_action_recognition,fine_grained,P08-20240618-171546,0.43900000000000006,short,vision_merger_pre_reverse,window,True,8,3584,0.9887526189753496,0.9880442566049259,0.9877597778045107,0.0007083623704237096,0.0009928411708388651,-0.022629829437460048,-0.17752177486162068,-0.25268074391861073,0.15489194542416063,0.23005091448115067,0.1465565676963734,0.15306235375056224,0.9574958447013628,0.5,5.117327776471424,2.3736151184333716,0.42129829399638213,7.0429630066821245,0,0.33445953642170895,0.9081359246429033,5,0.1701058282418444,True,True
fine_grained_action_recognition_1133,fine_grained_action_recognition,fine_grained,P08-20240618-171546,0.43900000000000006,short,vision_final,canonical,False,8,3584,0.9887526189753496,0.9880442566049259,0.9877597778045107,0.0007083623704237096,0.0009928411708388651,-0.022629829437460048,-0.17752177486162068,-0.25268074391861073,0.15489194542416063,0.23005091448115067,0.1465565676963734,0.15306235375056224,0.9574958447013628,0.5,5.117327776471424,2.3736151184333716,0.42129829399638213,7.0429630066821245,0,0.33445953642170895,0.9081359246429033,5,0.1701058282418444,True,True
fine_grained_action_recognition_1445,fine_grained_action_recognition,fine_grained,P06-20240510-100047,0.2599999999999909,short,vision_block_early,window,True,8,1280,0.999823938575586,0.9996776090109794,0.9996466228090017,0.00014632956460669533,0.00017731576658430726,0.3070692953081931,-0.28672178886802707,-0.37183703642069654,0.5937910841762202,0.6789063317288897,0.018348962958770865,0.02517952644246166,0.7287254984997641,1.0,4.937916006080581,2.459192994836668,0.4066374628179262,0.029209976600996,0,0.3389754549226996,0.90893623921265,6,0.1618388849210719,True,True
fine_grained_action_recognition_1445,fine_grained_action_recognition,fine_grained,P06-20240510-100047,0.2599999999999909,short,vision_block_middle,window,True,8,1280,0.9979794441750702,0.9963985972991125,0.9955877784312729,0.0015808468759577199,0.0023916657437973443,0.23782760528634792,-0.2606778296996098,-0.42553947345245074,0.4985054349859577,0.6633670787387986,0.06296935121148237,0.08383518844997444,0.7511088407591164,0.75,5.17261332199831,2.29084579559216,0.4365199970788563,1.2507100068978607,0,0.3389754549226996,0.90893623921265,6,0.1618388849210719,True,True
fine_grained_action_recognition_1445,fine_grained_action_recognition,fine_grained,P06-20240510-100047,0.2599999999999909,short,vision_block_late,window,True,8,1280,0.9999933078672767,0.9999895537996036,0.9999888308536026,3.754067673056305e-06,4.477013674120123e-06,0.34640744744011287,-0.2952573411815197,-0.35545142579772554,0.6416647886216326,0.7018588732378384,0.003585574034128009,0.004429226091100621,0.8095260798116151,0.75,1.023711363227738,1.0027891352447091,0.9972186223936017,20675.665814562562,0,0.3389754549226996,0.90893623921265,6,0.1618388849210719,True,True
fine_grained_action_recognition_1445,fine_grained_action_recognition,fine_grained,P06-20240510-100047,0.2599999999999909,short,vision_merger_pre_reverse,window,True,8,3584,0.9926743882851453,0.9889432773075763,0.9872950890512356,0.003731110977569063,0.0053792992339096735,0.1124007620843705,-0.20939115996934,-0.30184067951151594,0.3217919220537105,0.41424144159588644,0.11812186026297357,0.14494081419562435,0.8149661702848332,0.75,4.155992363960715,1.822237620627969,0.5487758504598241,8.215164759291003,0,0.3389754549226996,0.90893623921265,6,0.1618388849210719,True,True
fine_grained_action_recognition_1445,fine_grained_action_recognition,fine_grained,P06-20240510-100047,0.2599999999999909,short,vision_final,canonical,False,8,3584,0.9926743882851453,0.9889432773075763,0.9872950890512356,0.003731110977569063,0.0053792992339096735,0.1124007620843705,-0.20939115996934,-0.30184067951151594,0.3217919220537105,0.41424144159588644,0.11812186026297357,0.14494081419562435,0.8149661702848332,0.75,4.155992363960715,1.822237620627969,0.5487758504598241,8.215164759291003,0,0.3389754549226996,0.90893623921265,6,0.1618388849210719,True,True
fine_grained_action_recognition_1705,fine_grained_action_recognition,fine_grained,P06-20240510-121619,0.35000000000002274,short,vision_block_early,window,True,8,1280,0.999591718899559,0.999477597202521,0.9994799908713977,0.00011412169703794994,0.00011172802816128424,0.10162539309608815,-0.16984953136300454,-0.13890045987790553,0.2714749244590927,0.24052585297399368,0.02531076823456378,0.03082907194035563,0.8210032492555079,0.75,3.2653141675372397,1.5654568893405472,0.638791145772946,0.05690111769121706,0,0.3266551284578749,0.9192023490325083,6,0.15911116101446154,True,True
fine_grained_action_recognition_1705,fine_grained_action_recognition,fine_grained,P06-20240510-121619,0.35000000000002274,short,vision_block_middle,window,True,8,1280,0.997558690222232,0.9965527436002941,0.9961933857310887,0.0010059466219378699,0.0013653044911432488,0.08697676767450907,-0.20065223235273644,-0.2203224042710445,0.2876290000272455,0.30729917194555356,0.06745428151270792,0.08135168447652541,0.8291688358607046,0.75,5.300866977637298,2.6762243895238185,0.3736607453076572,1.3047365374084259,0,0.3266551284578749,0.9192023490325083,6,0.15911116101446154,True,True
fine_grained_action_recognition_1705,fine_grained_action_recognition,fine_grained,P06-20240510-121619,0.35000000000002274,short,vision_block_late,window,True,8,1280,0.9999921901032275,0.9999885369305234,0.9999874877407401,3.6531727041211326e-06,4.7023624873965275e-06,0.7107223109747817,-0.4271679401483094,-0.9958683559153904,1.137890251123091,1.706590666890172,0.0036650197880722622,0.004526091576975762,0.8097537855213152,0.625,1.0123171757734764,1.0013356156676154,0.9986661658222105,32598.07735150782,0,0.3266551284578749,0.9192023490325083,6,0.15911116101446154,True,True
fine_grained_action_recognition_1705,fine_grained_action_recognition,fine_grained,P06-20240510-121619,0.35000000000002274,short,vision_merger_pre_reverse,window,True,8,3584,0.990255472402799,0.9860719204093489,0.9843651603433505,0.0041835519934501075,0.005890312059448455,0.13842058918073907,-0.21474929664846285,-0.37874914463420983,0.35316988582920195,0.5171697338149489,0.13050591040264953,0.15899249658374812,0.8208306253868183,0.625,2.7320453203244375,1.3530737577976177,0.7390580108712539,10.402777266461005,0,0.3266551284578749,0.9192023490325083,6,0.15911116101446154,True,True
fine_grained_action_recognition_1705,fine_grained_action_recognition,fine_grained,P06-20240510-121619,0.35000000000002274,short,vision_final,canonical,False,8,3584,0.990255472402799,0.9860719204093489,0.9843651603433505,0.0041835519934501075,0.005890312059448455,0.13842058918073907,-0.21474929664846285,-0.37874914463420983,0.35316988582920195,0.5171697338149489,0.13050591040264953,0.15899249658374812,0.8208306253868183,0.625,2.7320453203244375,1.3530737577976177,0.7390580108712539,10.402777266461005,0,0.3266551284578749,0.9192023490325083,6,0.15911116101446154,True,True
fine_grained_action_recognition_174,fine_grained_action_recognition,fine_grained,P02-20240211-111822,0.41899999999986903,short,vision_block_early,window,True,8,1280,0.9995075687802538,0.9996669835213644,0.9996601370637426,-0.00015941474111058618,-0.00015256828348875207,-0.4000435654921018,-0.04136512701906099,-0.08700084654583466,-0.3586784384730408,-0.3130427189462671,0.030205421619403167,0.02411971849607378,1.2523123611214626,0.0,2.5037520823108497,1.3046558451755217,0.766485662635011,0.039395100632354636,0,0.32850024457743826,0.9159502530399914,6,0.17774490035805446,True,True
fine_grained_action_recognition_174,fine_grained_action_recognition,fine_grained,P02-20240211-111822,0.41899999999986903,short,vision_block_middle,window,True,8,1280,0.9940796781249834,0.994646074026399,0.994202609520163,-0.0005663959014156061,-0.00012293139517960405,-0.2062365412553431,-0.1193415626898545,-0.22151003829843263,-0.0868949785654886,0.015273497043089529,0.10788314289120328,0.10118286563414644,1.0662194850389342,0.0,4.809252321429834,2.2348989380017357,0.44744752570070057,2.2174698629697134,0,0.32850024457743826,0.9159502530399914,6,0.17774490035805446,True,True
fine_grained_action_recognition_174,fine_grained_action_recognition,fine_grained,P02-20240211-111822,0.41899999999986903,short,vision_block_late,window,True,8,1280,0.9999920958729019,0.9999927512270255,0.9999930976076696,-6.553541235243543e-07,-1.0017347676916089e-06,-0.1468655501002287,-0.1410955307887766,-0.1969691721063306,-0.0057700193114521015,0.05010362200610191,0.0038671327189771236,0.003762021965993809,1.027939962587525,0.375,1.027320726449228,1.003187298327491,0.9968228282666608,14111.577466861167,0,0.32850024457743826,0.9159502530399914,6,0.17774490035805446,True,True
fine_grained_action_recognition_174,fine_grained_action_recognition,fine_grained,P02-20240211-111822,0.41899999999986903,short,vision_merger_pre_reverse,window,True,8,3584,0.9919286967993155,0.9913793405355539,0.9912539886932955,0.0005493562637616245,0.0006747081060199944,-0.06363424286391493,-0.1632978925913023,-0.20858245160676006,0.09966364972738738,0.14494820874284514,0.12491956812374042,0.13033420027943945,0.9584557840989553,0.625,5.897337663789904,3.11513015296503,0.321013874507999,5.344778824884777,0,0.32850024457743826,0.9159502530399914,6,0.17774490035805446,True,True
fine_grained_action_recognition_174,fine_grained_action_recognition,fine_grained,P02-20240211-111822,0.41899999999986903,short,vision_final,canonical,False,8,3584,0.9919286967993155,0.9913793405355539,0.9912539886932955,0.0005493562637616245,0.0006747081060199944,-0.06363424286391493,-0.1632978925913023,-0.20858245160676006,0.09966364972738738,0.14494820874284514,0.12491956812374042,0.13033420027943945,0.9584557840989553,0.625,5.897337663789904,3.11513015296503,0.321013874507999,5.344778824884777,0,0.32850024457743826,0.9159502530399914,6,0.17774490035805446,True,True
fine_grained_action_recognition_1920,fine_grained_action_recognition,fine_grained,P09-20240622-150155,0.19900000000000162,short,vision_block_early,window,True,8,1280,0.9999257473803298,0.9996629432460236,0.9994802455638717,0.00026280413430623817,0.0004455018164580826,0.5273761236650117,-0.32505215733519455,-0.678992131106555,0.8524282810002063,1.2063682547715668,0.01126137696615184,0.02457255757219389,0.4582907958630698,1.0,1.89620729562595,1.181553663809924,0.8463432771859861,0.030172896540907494,0,0.3610973472447527,0.8965929466333512,5,0.16246277694393463,True,True
fine_grained_action_recognition_1920,fine_grained_action_recognition,fine_grained,P09-20240622-150155,0.19900000000000162,short,vision_block_middle,window,True,8,1280,0.9957315416680189,0.9914980423774248,0.989879227905928,0.004233499290594134,0.005852313762090944,0.31490160119041427,-0.28826209507849315,-0.385084849903864,0.6031636962689074,0.6999864510942783,0.0849547698127551,0.12926986057590703,0.6571893048718019,1.0,4.602416691740236,2.4156740798867657,0.4139631286878215,3.2896475850341487,0,0.3610973472447527,0.8965929466333512,5,0.16246277694393463,True,True
fine_grained_action_recognition_1920,fine_grained_action_recognition,fine_grained,P09-20240622-150155,0.19900000000000162,short,vision_block_late,window,True,8,1280,0.9999958834263342,0.999991987299959,0.9999899444972389,3.896126375191322e-06,5.938929095283818e-06,0.7000367501073029,-0.33278038093862883,-0.785648993236308,1.0328171310459318,1.4856857433436108,0.0026421345855943564,0.0039547501215812875,0.6680914101692755,1.0,1.0408480976617327,1.0051788127155472,0.9948478692049265,10031.805404756093,0,0.3610973472447527,0.8965929466333512,5,0.16246277694393463,True,True
fine_grained_action_recognition_1920,fine_grained_action_recognition,fine_grained,P09-20240622-150155,0.19900000000000162,short,vision_merger_pre_reverse,window,True,8,3584,0.9935955360463001,0.9875370201781268,0.984345497207265,0.006058515868173298,0.00925003883903508,0.286440631035441,-0.2708828620614321,-0.41564556930019586,0.5573234930968731,0.7020862003356368,0.10434326108828873,0.15588305754951934,0.6693688379517577,1.0,4.625919200802786,2.219857632217963,0.4504793395245142,7.034734698042552,0,0.3610973472447527,0.8965929466333512,5,0.16246277694393463,True,True
fine_grained_action_recognition_1920,fine_grained_action_recognition,fine_grained,P09-20240622-150155,0.19900000000000162,short,vision_final,canonical,False,8,3584,0.9935955360463001,0.9875370201781268,0.984345497207265,0.006058515868173298,0.00925003883903508,0.286440631035441,-0.2708828620614321,-0.41564556930019586,0.5573234930968731,0.7020862003356368,0.10434326108828873,0.15588305754951934,0.6693688379517577,1.0,4.625919200802786,2.219857632217963,0.4504793395245142,7.034734698042552,0,0.3610973472447527,0.8965929466333512,5,0.16246277694393463,True,True
fine_grained_action_recognition_1999,fine_grained_action_recognition,fine_grained,P03-20240216-205923,0.2300000000000182,short,vision_block_early,window,True,8,1280,0.9999611204828658,0.9998432460871312,0.9997804641410989,0.00011787439573462954,0.00018065634176689382,0.5619658357660364,-0.32779014978707227,-0.617342964807915,0.8897559855531088,1.1793088005739514,0.008085857518684146,0.016885756675554288,0.4788566881571934,0.875,2.6446951082039494,1.3906207352578663,0.7191033289278312,0.013157271742252778,0,0.35761913817623847,0.9004231106743147,6,0.1641505264202383,True,True
fine_grained_action_recognition_1999,fine_grained_action_recognition,fine_grained,P03-20240216-205923,0.2300000000000182,short,vision_block_middle,window,True,8,1280,0.9936885341895993,0.9859483578377325,0.9816060582816792,0.0077401763518668565,0.01208247590792011,0.305961954827203,-0.27049828122198427,-0.4293862531440937,0.5764602360491873,0.7353482079712967,0.10371726462543575,0.16449779681775337,0.6305085334385591,1.0,4.378017477562403,2.0922824803742577,0.4779469356456709,5.2702505433175295,0,0.35761913817623847,0.9004231106743147,6,0.1641505264202383,True,True
fine_grained_action_recognition_1999,fine_grained_action_recognition,fine_grained,P03-20240216-205923,0.2300000000000182,short,vision_block_late,window,True,8,1280,0.9999938483640132,0.9999880553328713,0.9999853981352491,5.7930311418985525e-06,8.450228764056433e-06,0.42900735527770323,-0.24229979175496702,-0.40222829149121314,0.6713071470326702,0.8312356467689164,0.00323098299068123,0.00483243503667784,0.6686035024078539,0.875,1.0398459548198664,1.0050765009276872,0.9949491397689613,16406.34836700339,0,0.35761913817623847,0.9004231106743147,6,0.1641505264202383,True,True
fine_grained_action_recognition_1999,fine_grained_action_recognition,fine_grained,P03-20240216-205923,0.2300000000000182,short,vision_merger_pre_reverse,window,True,8,3584,0.9909087369350026,0.9806439760767759,0.9762917027395424,0.010264760858226696,0.014617034195460232,0.32862632567822625,-0.2848766823589285,-0.39978953806488104,0.6135030080371547,0.7284158637431073,0.12461744366783624,0.19453314319542786,0.6405974921334903,1.0,4.764006057377993,2.4912147970797585,0.40141058939286,9.666317998619544,0,0.35761913817623847,0.9004231106743147,6,0.1641505264202383,True,True
fine_grained_action_recognition_1999,fine_grained_action_recognition,fine_grained,P03-20240216-205923,0.2300000000000182,short,vision_final,canonical,False,8,3584,0.9909087369350026,0.9806439760767759,0.9762917027395424,0.010264760858226696,0.014617034195460232,0.32862632567822625,-0.2848766823589285,-0.39978953806488104,0.6135030080371547,0.7284158637431073,0.12461744366783624,0.19453314319542786,0.6405974921334903,1.0,4.764006057377993,2.4912147970797585,0.40141058939286,9.666317998619544,0,0.35761913817623847,0.9004231106743147,6,0.1641505264202383,True,True
fine_grained_action_recognition_2054,fine_grained_action_recognition,fine_grained,P04-20240414-164751,0.3500000000000085,short,vision_block_early,window,True,8,1280,0.9993770166126016,0.9992904474969716,0.9992908429539972,8.656911562998637e-05,8.617365860441595e-05,-0.04012670851942056,-0.11478964514187046,-0.1008489705335192,0.0746629366224499,0.06072226201409864,0.030735396506536734,0.034637031045075914,0.8873565539303391,0.625,2.4045543068038477,1.3045511998131298,0.7665471467453671,0.07176600054996662,0,0.30348574590051125,0.9245120340727362,6,0.1693024117403521,True,True
fine_grained_action_recognition_2054,fine_grained_action_recognition,fine_grained,P04-20240414-164751,0.3500000000000085,short,vision_block_middle,window,True,8,1280,0.9919280292394798,0.9904886460797955,0.9902298511018077,0.001439383159684282,0.001698178137672035,-0.021726143789899458,-0.13690671932568735,-0.14485073819138286,0.1151805755357879,0.1231245944014834,0.11845817140707073,0.13258464511962534,0.8934531694842271,0.75,3.9951602319417687,1.8217967402602788,0.548908655889422,3.7657155889610916,0,0.30348574590051125,0.9245120340727362,6,0.1693024117403521,True,True
fine_grained_action_recognition_2054,fine_grained_action_recognition,fine_grained,P04-20240414-164751,0.3500000000000085,short,vision_block_late,window,True,8,1280,0.9999928255989433,0.999991885994316,0.9999921705081246,9.396046273257852e-07,6.550908187019644e-07,-0.14280524426530763,-0.1427516703930488,0.19887681342107982,-5.357387225882193e-05,-0.3416820576863875,0.003684567842600856,0.003923753374017789,0.9390416500178717,0.25,1.009921940615605,1.0010344247373097,0.998966644191501,60223.76641230218,0,0.30348574590051125,0.9245120340727362,6,0.1693024117403521,True,True
fine_grained_action_recognition_2054,fine_grained_action_recognition,fine_grained,P04-20240414-164751,0.3500000000000085,short,vision_merger_pre_reverse,window,True,8,3584,0.9861385610460467,0.9850318288702421,0.9849024220676469,0.0011067321758045923,0.0012361389783998034,-0.13439798662885943,-0.13438693899993184,-0.12745143613915416,-1.1047628927590702e-05,-0.006946550489705272,0.16258612830831157,0.16979940719553913,0.9575188217299203,0.25,5.206591476463369,2.591490053554144,0.3858783863084995,8.111579739151798,0,0.30348574590051125,0.9245120340727362,6,0.1693024117403521,True,True
fine_grained_action_recognition_2054,fine_grained_action_recognition,fine_grained,P04-20240414-164751,0.3500000000000085,short,vision_final,canonical,False,8,3584,0.9861385610460467,0.9850318288702421,0.9849024220676469,0.0011067321758045923,0.0012361389783998034,-0.13439798662885943,-0.13438693899993184,-0.12745143613915416,-1.1047628927590702e-05,-0.006946550489705272,0.16258612830831157,0.16979940719553913,0.9575188217299203,0.25,5.206591476463369,2.591490053554144,0.3858783863084995,8.111579739151798,0,0.30348574590051125,0.9245120340727362,6,0.1693024117403521,True,True
fine_grained_action_recognition_2281,fine_grained_action_recognition,fine_grained,P08-20240614-125650,0.2799999999999727,short,vision_block_early,window,True,8,1280,0.9979876009076821,0.9981539142198333,0.9983101351467254,-0.0001663133121512228,-0.0003225342390432706,0.3339001856625617,0.0854337369495093,-0.04846631792522562,0.2484664487130524,0.3823665035877873,0.04291434688774164,0.046002748013121465,0.9328648557147301,0.75,1.619527674367924,1.1334906985160134,0.8822304420399905,0.18419934558533746,0,0.35266759308417417,0.9040693633251748,6,0.1716139211944787,True,True
fine_grained_action_recognition_2281,fine_grained_action_recognition,fine_grained,P08-20240614-125650,0.2799999999999727,short,vision_block_middle,window,True,8,1280,0.9912458375709339,0.9881665015769449,0.9866375033197463,0.0030793359939890186,0.0046083342511875625,0.23645314410469603,-0.23079288818675436,-0.45002057902261516,0.4672460322914504,0.6864737231273113,0.11901674821632528,0.1470222036909277,0.809515469286014,1.0,4.1052906160135185,2.0312806507948302,0.49230026368276825,5.218085025839437,0,0.35266759308417417,0.9040693633251748,6,0.1716139211944787,True,True
fine_grained_action_recognition_2281,fine_grained_action_recognition,fine_grained,P08-20240614-125650,0.2799999999999727,short,vision_block_late,window,True,8,1280,0.9999861392069154,0.999979423032342,0.9999771281448776,6.716174573373479e-06,9.011062037767026e-06,0.7013492608688205,-0.33263474485651207,-0.7939902960404643,1.0339840057253327,1.4953395569092849,0.004759179546852588,0.006198993241161934,0.7677342693731557,0.875,1.0434160408845046,1.0057613835324688,0.994271619862523,25716.76341803439,0,0.35266759308417417,0.9040693633251748,6,0.1716139211944787,True,True
fine_grained_action_recognition_2281,fine_grained_action_recognition,fine_grained,P08-20240614-125650,0.2799999999999727,short,vision_merger_pre_reverse,window,True,8,3584,0.9751549779893787,0.9677773213001488,0.9664525852250899,0.00737765668922985,0.008702392764288747,0.25124035205292544,-0.22299316350596127,-0.3444992881956379,0.4742335155588867,0.5957396402485633,0.19379350289182856,0.23907180088795035,0.8106079519711189,1.0,3.7350826807391178,1.9309085491629587,0.5178909174302927,19.079275801627972,0,0.35266759308417417,0.9040693633251748,6,0.1716139211944787,True,True
fine_grained_action_recognition_2281,fine_grained_action_recognition,fine_grained,P08-20240614-125650,0.2799999999999727,short,vision_final,canonical,False,8,3584,0.9751549779893787,0.9677773213001488,0.9664525852250899,0.00737765668922985,0.008702392764288747,0.25124035205292544,-0.22299316350596127,-0.3444992881956379,0.4742335155588867,0.5957396402485633,0.19379350289182856,0.23907180088795035,0.8106079519711189,1.0,3.7350826807391178,1.9309085491629587,0.5178909174302927,19.079275801627972,0,0.35266759308417417,0.9040693633251748,6,0.1716139211944787,True,True
fine_grained_action_recognition_284,fine_grained_action_recognition,fine_grained,P01-20240202-161354,0.32900000000000773,short,vision_block_early,window,True,8,1280,0.9987136075198586,0.9986500425543118,0.9990215355095134,6.356496554682511e-05,-0.0003079279896548437,0.18719197316294084,-0.12117580453896813,-0.12570694001541402,0.308367777701909,0.31289891317835483,0.03936650246278752,0.046744277689587985,0.8421673070703193,0.75,2.106663741463535,1.2980190481126157,0.7704047189862504,0.14081540265489173,0,0.3268703730259463,0.921563321891552,6,0.16406187815229778,True,True
fine_grained_action_recognition_284,fine_grained_action_recognition,fine_grained,P01-20240202-161354,0.32900000000000773,short,vision_block_middle,window,True,8,1280,0.9900311286014233,0.9817853426995155,0.9790881026538253,0.008245785901907832,0.010943025947597995,0.32649653726550115,-0.29064127714373167,-0.4680481377930814,0.6171378144092328,0.7945446750585825,0.13161491523993665,0.18711753300672798,0.7033809880082393,0.75,3.837385025425701,2.045718878736557,0.48882571813464587,7.102111022625321,0,0.3268703730259463,0.921563321891552,6,0.16406187815229778,True,True
fine_grained_action_recognition_284,fine_grained_action_recognition,fine_grained,P01-20240202-161354,0.32900000000000773,short,vision_block_late,window,True,8,1280,0.9999873908397351,0.9999793260180457,0.9999765516143085,8.064821689357515e-06,1.0839225426551025e-05,0.3400238219433048,-0.2631332485634965,-0.7248472958694661,0.6031570705068013,1.0648711178127708,0.004733252999080601,0.006306189002053842,0.7505726513333241,0.75,1.054314556915294,1.0070917258470464,0.9929582125788179,14442.544299831326,0,0.3268703730259463,0.921563321891552,6,0.16406187815229778,True,True
fine_grained_action_recognition_284,fine_grained_action_recognition,fine_grained,P01-20240202-161354,0.32900000000000773,short,vision_merger_pre_reverse,window,True,8,3584,0.9818460185386177,0.9711693999787047,0.967992751975238,0.010676618559913087,0.013853266563379707,0.24738432355374068,-0.2620409585157232,-0.43635784020288265,0.5094252820694638,0.6837421637566233,0.17976307887989496,0.23535292942505984,0.7638021728432932,0.75,4.453063396922198,2.1099298305762506,0.4739494107853276,15.344101959756122,0,0.3268703730259463,0.921563321891552,6,0.16406187815229778,True,True
fine_grained_action_recognition_284,fine_grained_action_recognition,fine_grained,P01-20240202-161354,0.32900000000000773,short,vision_final,canonical,False,8,3584,0.9818460185386177,0.9711693999787047,0.967992751975238,0.010676618559913087,0.013853266563379707,0.24738432355374068,-0.2620409585157232,-0.43635784020288265,0.5094252820694638,0.6837421637566233,0.17976307887989496,0.23535292942505984,0.7638021728432932,0.75,4.453063396922198,2.1099298305762506,0.4739494107853276,15.344101959756122,0,0.3268703730259463,0.921563321891552,6,0.16406187815229778,True,True
fine_grained_action_recognition_285,fine_grained_action_recognition,fine_grained,P06-20240510-140459,0.33899999999999864,short,vision_block_early,window,True,8,1280,0.9995188234826415,0.9992056932624995,0.9992007203597871,0.00031313022014201053,0.00031810312285440734,0.29390173366628486,-0.27253576662630064,-0.2872407627734614,0.5664375002925854,0.5811424964397462,0.027789787103056546,0.03877747102501471,0.7166477433541194,0.875,3.414935240876683,1.9034440208124632,0.5253634932605801,0.07058635238667482,0,0.329412310994957,0.9287637900460931,6,0.16428510123468776,True,True
fine_grained_action_recognition_285,fine_grained_action_recognition,fine_grained,P06-20240510-140459,0.33899999999999864,short,vision_block_middle,window,True,8,1280,0.9821722319860438,0.9665321745077532,0.9577222578122464,0.01564005747829056,0.02444997417379735,0.30948278162413395,-0.27630345978002774,-0.5127445404369111,0.5857862414041617,0.822227322061045,0.1790294105094784,0.2533058862017979,0.7067716159065225,1.0,3.9698914010425437,2.032803716061351,0.49193141083859543,11.965021862515353,0,0.329412310994957,0.9287637900460931,6,0.16428510123468776,True,True
fine_grained_action_recognition_285,fine_grained_action_recognition,fine_grained,P06-20240510-140459,0.33899999999999864,short,vision_block_late,window,True,8,1280,0.9999855288748978,0.9999693562755905,0.9999600678217222,1.6172599307306967e-05,2.546105317557945e-05,0.4804183264158015,-0.29789650648154975,-0.6421636358043198,0.7783148328973513,1.1225819622201212,0.005094825619274472,0.0075261852851775,0.6769466105635896,0.875,1.0234527516749896,1.002773954992486,0.9972337185477592,63591.57418260019,0,0.329412310994957,0.9287637900460931,6,0.16428510123468776,True,True
fine_grained_action_recognition_285,fine_grained_action_recognition,fine_grained,P06-20240510-140459,0.33899999999999864,short,vision_merger_pre_reverse,window,True,8,3584,0.9773101541176665,0.9541284397088468,0.9409022534656298,0.023181714408819776,0.036407900652036695,0.2959802701173541,-0.26140600025387045,-0.5003719133187179,0.5573862703712246,0.7963521834360721,0.20339678821641594,0.29394958889384126,0.691944455448352,0.875,3.7210861251172713,1.7087047056283022,0.5852386294168326,27.044860520342056,0,0.329412310994957,0.9287637900460931,6,0.16428510123468776,True,True
fine_grained_action_recognition_285,fine_grained_action_recognition,fine_grained,P06-20240510-140459,0.33899999999999864,short,vision_final,canonical,False,8,3584,0.9773101541176665,0.9541284397088468,0.9409022534656298,0.023181714408819776,0.036407900652036695,0.2959802701173541,-0.26140600025387045,-0.5003719133187179,0.5573862703712246,0.7963521834360721,0.20339678821641594,0.29394958889384126,0.691944455448352,0.875,3.7210861251172713,1.7087047056283022,0.5852386294168326,27.044860520342056,0,0.329412310994957,0.9287637900460931,6,0.16428510123468776,True,True
fine_grained_action_recognition_3123,fine_grained_action_recognition,fine_grained,P01-20240203-184214,0.19899999999999984,short,vision_block_early,window,True,8,1280,0.9999312307276376,0.9998997298322094,0.999885604717162,3.1500895428138165e-05,4.5626010475530165e-05,0.14221212055390559,-0.22901776370457674,-0.2991400315004777,0.37122988425848236,0.4413521520543833,0.009826263971102695,0.01405175311436776,0.6992909632788417,0.625,4.298797112873461,2.4908356811456898,0.4014716858159178,0.010265849272853315,0,0.35354747089614225,0.903299565492274,6,0.15228289232187464,True,True
fine_grained_action_recognition_3123,fine_grained_action_recognition,fine_grained,P01-20240203-184214,0.19899999999999984,short,vision_block_middle,window,True,8,1280,0.9985644918823018,0.9973038409774561,0.9968789189817526,0.0012606509048457282,0.0016855729005491593,0.30257772395368854,-0.2904381374300499,-0.4238667685756813,0.5930158613837384,0.7264444925293698,0.045275433314274756,0.07313150320597761,0.6190961668975244,0.75,4.244577226309122,2.295543973195912,0.43562659294553857,1.0789456432821813,0,0.35354747089614225,0.903299565492274,6,0.15228289232187464,True,True
fine_grained_action_recognition_3123,fine_grained_action_recognition,fine_grained,P01-20240203-184214,0.19899999999999984,short,vision_block_late,window,True,8,1280,0.9999962722909779,0.9999939517713362,0.9999939829175208,2.3205196416631324e-06,2.2893734570317292e-06,0.6620634452913892,-0.3258462552789281,-0.7481810825947381,0.9879097005703172,1.4102445278861273,0.0022910120952938755,0.003456449239223187,0.6628224332924861,0.5,1.016023724166036,1.0018799636497586,0.9981235639817468,25463.460250606433,0,0.35354747089614225,0.903299565492274,6,0.15228289232187464,True,True
fine_grained_action_recognition_3123,fine_grained_action_recognition,fine_grained,P01-20240203-184214,0.19899999999999984,short,vision_merger_pre_reverse,window,True,8,3584,0.9952169872719062,0.9922030464158791,0.9922969069161531,0.003013940856027131,0.0029200803557530852,0.238081460932933,-0.26399657188670633,-0.24079196785416013,0.5020780328196394,0.47887342878709316,0.08201334927729233,0.12419816601928496,0.6603426757892515,0.75,4.1476224537552,2.434533578966717,0.4107562978960543,4.397680510948481,0,0.35354747089614225,0.903299565492274,6,0.15228289232187464,True,True
fine_grained_action_recognition_3123,fine_grained_action_recognition,fine_grained,P01-20240203-184214,0.19899999999999984,short,vision_final,canonical,False,8,3584,0.9952169872719062,0.9922030464158791,0.9922969069161531,0.003013940856027131,0.0029200803557530852,0.238081460932933,-0.26399657188670633,-0.24079196785416013,0.5020780328196394,0.47887342878709316,0.08201334927729233,0.12419816601928496,0.6603426757892515,0.75,4.1476224537552,2.434533578966717,0.4107562978960543,4.397680510948481,0,0.35354747089614225,0.903299565492274,6,0.15228289232187464,True,True
fine_grained_action_recognition_3135,fine_grained_action_recognition,fine_grained,P04-20240414-173337,0.4200000000000017,short,vision_block_early,window,True,8,1280,0.9997348128148518,0.9997793561798317,0.9997460993815035,-4.4543364979943156e-05,-1.1286566651724783e-05,-0.24085112737434977,-0.08269696202515167,-0.14618659519362914,-0.1581541653491981,-0.09466453218072063,0.021809500264125013,0.019886575991101524,1.0966945880418995,0.375,2.996447559145899,1.4411069603199422,0.6939110194693588,0.022738432307390817,0,0.34569774695489347,0.9096116548711011,6,0.1872207071762073,True,True
fine_grained_action_recognition_3135,fine_grained_action_recognition,fine_grained,P04-20240414-173337,0.4200000000000017,short,vision_block_middle,window,True,8,1280,0.9938440282830532,0.9928227026541547,0.9912290855505798,0.0010213256288984507,0.0026149427324734242,-0.05407019325751541,-0.14437607030575364,-0.2678730044756892,0.09030587704823823,0.21380281121817377,0.10656533086560553,0.11570657315668009,0.9209963440996886,0.5,4.577290299616968,1.9496804825895275,0.5129045548385547,2.6515766769289613,0,0.34569774695489347,0.9096116548711011,6,0.1872207071762073,True,True
fine_grained_action_recognition_3135,fine_grained_action_recognition,fine_grained,P04-20240414-173337,0.4200000000000017,short,vision_block_late,window,True,8,1280,0.9999928576374371,0.9999923643728271,0.9999906997525482,4.932646099353732e-07,2.1578848888870183e-06,0.16349512771122532,-0.16490863955313373,-0.21390716357723266,0.32840376726435905,0.377402291288458,0.0035903241527544716,0.00380485334464702,0.9436169616906875,0.5,1.015868474584924,1.001782845256129,0.9982203276243233,41724.69731905716,0,0.34569774695489347,0.9096116548711011,6,0.1872207071762073,True,True
fine_grained_action_recognition_3135,fine_grained_action_recognition,fine_grained,P04-20240414-173337,0.4200000000000017,short,vision_merger_pre_reverse,window,True,8,3584,0.986781705521831,0.9853127696777293,0.9824903722177055,0.001468935844101682,0.004291333304125455,-0.054519474532063024,-0.1511755884047553,-0.2722669449370419,0.0966561138726923,0.21774747040497888,0.1570489627853073,0.16854472899470507,0.9317939737542376,0.5,4.733948462164433,2.0190899126279493,0.49527264424715417,7.554382084416902,0,0.34569774695489347,0.9096116548711011,6,0.1872207071762073,True,True
fine_grained_action_recognition_3135,fine_grained_action_recognition,fine_grained,P04-20240414-173337,0.4200000000000017,short,vision_final,canonical,False,8,3584,0.986781705521831,0.9853127696777293,0.9824903722177055,0.001468935844101682,0.004291333304125455,-0.054519474532063024,-0.1511755884047553,-0.2722669449370419,0.0966561138726923,0.21774747040497888,0.1570489627853073,0.16854472899470507,0.9317939737542376,0.5,4.733948462164433,2.0190899126279493,0.49527264424715417,7.554382084416902,0,0.34569774695489347,0.9096116548711011,6,0.1872207071762073,True,True
fine_grained_action_recognition_335,fine_grained_action_recognition,fine_grained,P03-20240218-094452,0.36000000000001364,short,vision_block_early,window,True,8,1280,0.9977131946335491,0.9978540471165647,0.9971824702509421,-0.0001408524830155411,0.0005307243826070396,-0.04313001283178514,-0.11742240960041642,-0.4495432307162101,0.07429239676863128,0.40641321788442497,0.059063161653117875,0.060554784911085846,0.975367375837299,0.5,2.094763857349382,1.4044270224939888,0.7120341491465999,0.21532434190476635,0,0.31755766333716157,0.923307346060488,6,0.1591572778014756,True,True
fine_grained_action_recognition_335,fine_grained_action_recognition,fine_grained,P03-20240218-094452,0.36000000000001364,short,vision_block_middle,window,True,8,1280,0.9847271830839679,0.9819188249200782,0.9772231116908157,0.0028083581638896904,0.007504071393152234,-0.0022587554726259157,-0.17802027300293433,-0.39216276140801615,0.17576151753030841,0.3899040059353902,0.16810926751319497,0.1864022341797555,0.9018629430754578,0.5,4.579294942458648,2.2531430813551943,0.44382445494696754,7.67393724581109,0,0.31755766333716157,0.923307346060488,6,0.1591572778014756,True,True
fine_grained_action_recognition_335,fine_grained_action_recognition,fine_grained,P03-20240218-094452,0.36000000000001364,short,vision_block_late,window,True,8,1280,0.9999729985003603,0.9999715426655188,0.9999647697386336,1.455834841457282e-06,8.228761726680744e-06,-0.029174804803263378,-0.14645960164220465,-0.21596951113641005,0.11728479683894127,0.18679470633314668,0.0069820801440205315,0.007277668596581013,0.9593841834596114,0.5,1.118526587760929,1.0177820778614157,0.9825285999348901,12335.255550588623,0,0.31755766333716157,0.923307346060488,6,0.1591572778014756,True,True
fine_grained_action_recognition_335,fine_grained_action_recognition,fine_grained,P03-20240218-094452,0.36000000000001364,short,vision_merger_pre_reverse,window,True,8,3584,0.9473954874282399,0.9504418549278725,0.9392982282955109,-0.0030463674996326073,0.008097259132728962,-0.15071646438508488,-0.10473111005910317,-0.3115515653322339,-0.045985354325981706,0.160835100947149,0.30390795589575637,0.2999469405787007,1.013205720016392,0.5,3.4584083190322854,1.613152786833604,0.6199040835821025,29.695469645971304,0,0.31755766333716157,0.923307346060488,6,0.1591572778014756,True,True
fine_grained_action_recognition_335,fine_grained_action_recognition,fine_grained,P03-20240218-094452,0.36000000000001364,short,vision_final,canonical,False,8,3584,0.9473954874282399,0.9504418549278725,0.9392982282955109,-0.0030463674996326073,0.008097259132728962,-0.15071646438508488,-0.10473111005910317,-0.3115515653322339,-0.045985354325981706,0.160835100947149,0.30390795589575637,0.2999469405787007,1.013205720016392,0.5,3.4584083190322854,1.613152786833604,0.6199040835821025,29.695469645971304,0,0.31755766333716157,0.923307346060488,6,0.1591572778014756,True,True
fine_grained_action_recognition_3572,fine_grained_action_recognition,fine_grained,P04-20240414-162750,0.39999999999997726,short,vision_block_early,window,True,8,1280,0.9980153358769364,0.997744541522698,0.9969155411580011,0.0002707943542383795,0.0010997947189352875,-0.18104675666439735,-0.08227027515394471,-0.32132659104662165,-0.09877648151045264,0.1402798343822243,0.05656191963143804,0.06047979071104898,0.9352201614200496,0.25,2.097857781647328,1.2556034165695629,0.7964298175709831,0.21703270284775497,0,0.3433446820533187,0.9019632957729566,5,0.1672255756094847,True,True
fine_grained_action_recognition_3572,fine_grained_action_recognition,fine_grained,P04-20240414-162750,0.39999999999997726,short,vision_block_middle,window,True,8,1280,0.984988358749418,0.9823024577003122,0.9778204120964954,0.002685901049105821,0.007167946652922641,-0.08166328541604378,-0.13724764602996364,-0.31835604123847544,0.05558436061391986,0.23669275582243166,0.16475632874843915,0.17965011120527186,0.9170956123716797,0.25,3.874659262907677,1.7739180464306115,0.5637239003302039,6.167709442697404,0,0.3433446820533187,0.9019632957729566,5,0.1672255756094847,True,True
fine_grained_action_recognition_3572,fine_grained_action_recognition,fine_grained,P04-20240414-162750,0.39999999999997726,short,vision_block_late,window,True,8,1280,0.9999861491487044,0.9999779537841245,0.9999709689053209,8.195364579965947e-06,1.5180243383539072e-05,0.38156731306782515,-0.23667009297564054,-0.3919259290975252,0.6182374060434657,0.7734932421653504,0.0050202217325014085,0.006303667256813055,0.7963970063736331,0.5,1.1047669400117426,1.0159733256479193,0.9842778100126471,11594.882129018011,0,0.3433446820533187,0.9019632957729566,5,0.1672255756094847,True,True
fine_grained_action_recognition_3572,fine_grained_action_recognition,fine_grained,P04-20240414-162750,0.39999999999997726,short,vision_merger_pre_reverse,window,True,8,3584,0.9751584775027096,0.9620581995481431,0.9490976233622292,0.013100277954566475,0.026060854140480316,0.12057170480423945,-0.1730055414347147,-0.39373161743523355,0.29357724623895415,0.5143033222394731,0.2052939917004648,0.2552551902135253,0.8042696077158428,0.75,3.0931648140957977,1.4388961287314421,0.6949771981676112,21.305663200897982,0,0.3433446820533187,0.9019632957729566,5,0.1672255756094847,True,True
fine_grained_action_recognition_3572,fine_grained_action_recognition,fine_grained,P04-20240414-162750,0.39999999999997726,short,vision_final,canonical,False,8,3584,0.9751584775027096,0.9620581995481431,0.9490976233622292,0.013100277954566475,0.026060854140480316,0.12057170480423945,-0.1730055414347147,-0.39373161743523355,0.29357724623895415,0.5143033222394731,0.2052939917004648,0.2552551902135253,0.8042696077158428,0.75,3.0931648140957977,1.4388961287314421,0.6949771981676112,21.305663200897982,0,0.3433446820533187,0.9019632957729566,5,0.1672255756094847,True,True
fine_grained_action_recognition_3768,fine_grained_action_recognition,fine_grained,P02-20240209-194141,0.26900000000000546,short,vision_block_early,window,True,8,1280,0.9999361825205627,0.9999280041696135,0.9999121794886701,8.178350949239466e-06,2.400303189264985e-05,-0.11256417816127388,-0.14672958683483417,-0.29538956772555236,0.034165408673560285,0.18282538956427846,0.011155976193358832,0.011773885975927531,0.9475186201198096,0.125,5.203829427100381,2.487298426270984,0.40204262964103726,0.007144674077340362,0,0.3190115161417431,0.9165204398616827,5,0.15286049183306183,True,True
fine_grained_action_recognition_3768,fine_grained_action_recognition,fine_grained,P02-20240209-194141,0.26900000000000546,short,vision_block_middle,window,True,8,1280,0.9966822469790617,0.9955446074596997,0.9950557817741161,0.001137639519361966,0.0016264652049455819,0.06498530851220906,-0.2107258863695989,-0.3044880311951504,0.27571119488180795,0.36947333970735946,0.08104725300669428,0.09396074140702837,0.8625650648668877,0.75,6.017924109221903,3.3272740039474065,0.30054633276779175,1.715738898529823,0,0.3190115161417431,0.9165204398616827,5,0.15286049183306183,True,True
fine_grained_action_recognition_3768,fine_grained_action_recognition,fine_grained,P02-20240209-194141,0.26900000000000546,short,vision_block_late,window,True,8,1280,0.9999960065081615,0.9999947618367905,0.9999946663787815,1.244671370970174e-06,1.340129379912014e-06,-0.26621173876191945,-0.06764013293396987,-0.42472001277180016,-0.19857160582794958,0.1585082740098807,0.0028245051361690185,0.003226313932118263,0.8754588659370064,0.625,1.0868074268723216,1.0117497198743863,0.9883867327624809,4116.083320861922,0,0.3190115161417431,0.9165204398616827,5,0.15286049183306183,True,True
fine_grained_action_recognition_3768,fine_grained_action_recognition,fine_grained,P02-20240209-194141,0.26900000000000546,short,vision_merger_pre_reverse,window,True,8,3584,0.9946710802775689,0.9930471137003117,0.9927940545563618,0.0016239665772571632,0.0018770257212070707,0.059780717045444826,-0.20939266194753947,-0.2514671129987747,0.2691733789929843,0.3112478300442195,0.103095668374991,0.11754208806869547,0.8770957711312606,0.75,6.466388409940902,4.004085345352686,0.24974492643136167,4.175299073321954,0,0.3190115161417431,0.9165204398616827,5,0.15286049183306183,True,True
fine_grained_action_recognition_3768,fine_grained_action_recognition,fine_grained,P02-20240209-194141,0.26900000000000546,short,vision_final,canonical,False,8,3584,0.9946710802775689,0.9930471137003117,0.9927940545563618,0.0016239665772571632,0.0018770257212070707,0.059780717045444826,-0.20939266194753947,-0.2514671129987747,0.2691733789929843,0.3112478300442195,0.103095668374991,0.11754208806869547,0.8770957711312606,0.75,6.466388409940902,4.004085345352686,0.24974492643136167,4.175299073321954,0,0.3190115161417431,0.9165204398616827,5,0.15286049183306183,True,True
fine_grained_action_recognition_3776,fine_grained_action_recognition,fine_grained,P04-20240415-175615,0.29899999999997817,short,vision_block_early,window,True,8,1280,0.9997818729606278,0.9995377943843307,0.9993700548440816,0.00024407857629715757,0.00041181811654622535,0.33273925772320645,-0.07096431874591011,-0.24031012019120007,0.4037035764691166,0.5730493779144066,0.016446823402369068,0.02489557975853238,0.6606322713465752,0.875,1.9668730145432476,1.1837304612853023,0.8447869111302528,0.041845018661119525,0,0.28026160590983984,0.9333119945938886,6,0.18103784862608485,True,True
fine_grained_action_recognition_3776,fine_grained_action_recognition,fine_grained,P04-20240415-175615,0.29899999999997817,short,vision_block_middle,window,True,8,1280,0.9953367374050065,0.9916441253673625,0.9894801605945982,0.0036926120376440386,0.005856576810408298,0.1583297089099826,-0.18104953103886848,-0.2959986408992879,0.3393792399488511,0.4543283498092705,0.089766342668104,0.1201764555290168,0.7469544868248321,0.875,4.064656883787357,1.7474079074210596,0.5722762245455707,2.915237562375866,0,0.28026160590983984,0.9333119945938886,6,0.18103784862608485,True,True
fine_grained_action_recognition_3776,fine_grained_action_recognition,fine_grained,P04-20240415-175615,0.29899999999997817,short,vision_block_late,window,True,8,1280,0.9999932705553671,0.9999908697398272,0.9999895712979756,2.4008155399268816e-06,3.6992573915206606e-06,0.40087900959622624,-0.31627400303071135,-0.3559707883075343,0.7171530126269376,0.7568497979037605,0.003551415802716469,0.004109696842333901,0.8641551771248451,0.375,1.0128063846601583,1.001392953397258,0.9986089842228943,55708.28876662056,0,0.28026160590983984,0.9333119945938886,6,0.18103784862608485,True,True
fine_grained_action_recognition_3776,fine_grained_action_recognition,fine_grained,P04-20240415-175615,0.29899999999997817,short,vision_merger_pre_reverse,window,True,8,3584,0.9864841780580154,0.9824597551238561,0.9799650760961214,0.004024422934159277,0.0065191019618939805,-0.02305078985768078,-0.16458931161708446,-0.2536845862155423,0.14153852175940368,0.23063379635786152,0.1604619613533061,0.1823059206524342,0.8801796495640228,0.375,5.030039298863626,2.2370664048587647,0.44701399914998685,8.058868705899728,0,0.28026160590983984,0.9333119945938886,6,0.18103784862608485,True,True
fine_grained_action_recognition_3776,fine_grained_action_recognition,fine_grained,P04-20240415-175615,0.29899999999997817,short,vision_final,canonical,False,8,3584,0.9864841780580154,0.9824597551238561,0.9799650760961214,0.004024422934159277,0.0065191019618939805,-0.02305078985768078,-0.16458931161708446,-0.2536845862155423,0.14153852175940368,0.23063379635786152,0.1604619613533061,0.1823059206524342,0.8801796495640228,0.375,5.030039298863626,2.2370664048587647,0.44701399914998685,8.058868705899728,0,0.28026160590983984,0.9333119945938886,6,0.18103784862608485,True,True
fine_grained_action_recognition_3824,fine_grained_action_recognition,fine_grained,P06-20240510-104642,0.22100000000000364,short,vision_block_early,window,True,8,1280,0.9997843629153563,0.999751936070614,0.9997435515114991,3.242684474236146e-05,4.08114038572549e-05,-0.008113012434162587,-0.18139119737197287,-0.2259107774314135,0.17327818493781028,0.2177977649972509,0.01915764562668947,0.022150422464263294,0.8648884985195083,0.375,5.457457204267732,4.021622516557815,0.2486558586448137,0.025141986322109254,0,0.3316851075682439,0.911952497573242,6,0.16617927997832105,True,True
fine_grained_action_recognition_3824,fine_grained_action_recognition,fine_grained,P06-20240510-104642,0.22100000000000364,short,vision_block_middle,window,True,8,1280,0.9979944561591682,0.9965608093189426,0.9958419090660943,0.001433646840225511,0.0021525470930738866,0.18611034082816325,-0.2472282034724812,-0.41841443597437605,0.43333854430064445,0.6045247768025392,0.05854312980875599,0.0822791313885463,0.711518568813009,1.0,4.979976946328338,2.4349305100758545,0.4106893383042982,1.2733077049316743,0,0.3316851075682439,0.911952497573242,6,0.16617927997832105,True,True
fine_grained_action_recognition_3824,fine_grained_action_recognition,fine_grained,P06-20240510-104642,0.22100000000000364,short,vision_block_late,window,True,8,1280,0.9999924163125031,0.9999937803721453,0.9999939048553342,-1.364059642128268e-06,-1.4885428311073312e-06,-0.41260619944560334,0.025429314321112492,0.13053298126399265,-0.43803551376671584,-0.543139180709596,0.0033949857969691457,0.003474508870642457,0.9771124275015574,0.5,1.0183108901651021,1.0021101034734734,0.9978943396876656,19453.73591576665,0,0.3316851075682439,0.911952497573242,6,0.16617927997832105,True,True
fine_grained_action_recognition_3824,fine_grained_action_recognition,fine_grained,P06-20240510-104642,0.22100000000000364,short,vision_merger_pre_reverse,window,True,8,3584,0.9919965208920307,0.9922808541301312,0.9919362581699388,-0.00028433323810050926,6.026272209191941e-05,-0.0537882045958742,-0.15559587613701004,-0.2928541558944239,0.10180767154113583,0.23906595129854968,0.11257088560380121,0.12322089427074849,0.9135697827062801,0.5,3.975957670004612,1.8383737636719761,0.5439590249605148,6.4894840970301,0,0.3316851075682439,0.911952497573242,6,0.16617927997832105,True,True
fine_grained_action_recognition_3824,fine_grained_action_recognition,fine_grained,P06-20240510-104642,0.22100000000000364,short,vision_final,canonical,False,8,3584,0.9919965208920307,0.9922808541301312,0.9919362581699388,-0.00028433323810050926,6.026272209191941e-05,-0.0537882045958742,-0.15559587613701004,-0.2928541558944239,0.10180767154113583,0.23906595129854968,0.11257088560380121,0.12322089427074849,0.9135697827062801,0.5,3.975957670004612,1.8383737636719761,0.5439590249605148,6.4894840970301,0,0.3316851075682439,0.911952497573242,6,0.16617927997832105,True,True
fine_grained_action_recognition_3917,fine_grained_action_recognition,fine_grained,P03-20240218-190556,0.43899999999996453,short,vision_block_early,window,True,8,1280,0.9995983050692032,0.9997155895193055,0.9996462279648346,-0.00011728445010228405,-4.792289563138041e-05,-0.33220076556725725,-0.056794194366153405,-0.2306219490096322,-0.27540657120110384,-0.10157881655762505,0.0260291155233527,0.02224752349192814,1.169978111622024,0.375,2.3100760109144276,1.270394645183108,0.7871569703096988,0.03365284708032608,0,0.3793678682437911,0.8906561695093781,6,0.16371473880833065,True,True
fine_grained_action_recognition_3917,fine_grained_action_recognition,fine_grained,P03-20240218-190556,0.43899999999996453,short,vision_block_middle,window,True,8,1280,0.9974304275206839,0.9971282507335008,0.996852397334937,0.00030217678718313934,0.0005780301857468695,-0.03100415020026337,-0.17771881318805213,-0.28509264728788564,0.14671466298778876,0.25408849708762227,0.07068390669077493,0.07511582205090704,0.9409989102278806,0.25,5.6052027777058875,2.981556540297647,0.3353952831295866,1.474129815129868,0,0.3793678682437911,0.8906561695093781,6,0.16371473880833065,True,True
fine_grained_action_recognition_3917,fine_grained_action_recognition,fine_grained,P03-20240218-190556,0.43899999999996453,short,vision_block_late,window,True,8,1280,0.9999938502003031,0.999992337157041,0.9999913841479193,1.513043262124647e-06,2.466052383742756e-06,0.40457589378501624,-0.32237148459779075,-0.38389469407275445,0.726947378382807,0.7884705878577707,0.0034233116012565333,0.00380975692345519,0.8985643100168771,0.25,1.0326292644088908,1.0039970473126598,0.9960188654704129,13464.238303449285,0,0.3793678682437911,0.8906561695093781,6,0.16371473880833065,True,True
fine_grained_action_recognition_3917,fine_grained_action_recognition,fine_grained,P03-20240218-190556,0.43899999999996453,short,vision_merger_pre_reverse,window,True,8,3584,0.9928601761002979,0.9904685779443351,0.9888301138561137,0.002391598155962793,0.004030062244184118,0.07365310037025774,-0.20985015049738276,-0.3372671694209998,0.2835032508676405,0.41092026979125756,0.11819241104126679,0.1355426964684055,0.8719939481860389,0.625,4.783196393092483,2.003340267677613,0.49916632542870887,5.22221336019249,0,0.3793678682437911,0.8906561695093781,6,0.16371473880833065,True,True
fine_grained_action_recognition_3917,fine_grained_action_recognition,fine_grained,P03-20240218-190556,0.43899999999996453,short,vision_final,canonical,False,8,3584,0.9928601761002979,0.9904685779443351,0.9888301138561137,0.002391598155962793,0.004030062244184118,0.07365310037025774,-0.20985015049738276,-0.3372671694209998,0.2835032508676405,0.41092026979125756,0.11819241104126679,0.1355426964684055,0.8719939481860389,0.625,4.783196393092483,2.003340267677613,0.49916632542870887,5.22221336019249,0,0.3793678682437911,0.8906561695093781,6,0.16371473880833065,True,True
fine_grained_action_recognition_4266,fine_grained_action_recognition,fine_grained,P09-20240622-154652,0.2810000000000059,short,vision_block_early,window,True,8,1280,0.9999548341784165,0.9999417412900058,0.9999352415584698,1.3092888410670689e-05,1.9592619946662282e-05,0.05012891586126339,-0.2057463893755674,-0.32972049744372167,0.2558753052368308,0.37984941330498506,0.009402144459494914,0.010691564740296774,0.8793983563563897,0.5,5.420915023060713,2.5406339632505373,0.3936025474211091,0.00537558476684682,0,0.34325895248907434,0.9058112682063998,5,0.1708313900109104,True,True
fine_grained_action_recognition_4266,fine_grained_action_recognition,fine_grained,P09-20240622-154652,0.2810000000000059,short,vision_block_middle,window,True,8,1280,0.99680722336524,0.9945488065173789,0.9937255703246226,0.0022584168478611,0.0030816530406173603,0.20657791135779538,-0.25667007087839727,-0.361251837821836,0.4632479822361927,0.5678297491796314,0.07971970471161849,0.10375365312495978,0.7683556415657474,1.0,5.674922309544988,2.79611868180888,0.3576386104444876,2.168125788741622,0,0.34325895248907434,0.9058112682063998,5,0.1708313900109104,True,True
fine_grained_action_recognition_4266,fine_grained_action_recognition,fine_grained,P09-20240622-154652,0.2810000000000059,short,vision_block_late,window,True,8,1280,0.9999960186002811,0.9999948233002877,0.9999943000828606,1.1952999934283781e-06,1.7185174204792375e-06,-0.15089136219697055,-0.1380667751400985,-0.20151176011522268,-0.012824587056872061,0.050620397918252125,0.0028109930766038096,0.003206448967000667,0.8766685843228096,0.625,1.0477277326492787,1.0060033946044307,0.9940324310667051,8543.563635498575,0,0.34325895248907434,0.9058112682063998,5,0.1708313900109104,True,True
fine_grained_action_recognition_4266,fine_grained_action_recognition,fine_grained,P09-20240622-154652,0.2810000000000059,short,vision_merger_pre_reverse,window,True,8,3584,0.9944741300738287,0.9919092238453007,0.9910986678412933,0.0025649062285280078,0.0033754622325353756,0.11787025471710585,-0.22810025494761116,-0.31242868771302207,0.345970509664717,0.4302989424301279,0.10492368387756777,0.12674225199691244,0.8278508723367469,0.875,6.151007697545917,3.3866043144851354,0.2952810269929718,4.447670359599014,0,0.34325895248907434,0.9058112682063998,5,0.1708313900109104,True,True
fine_grained_action_recognition_4266,fine_grained_action_recognition,fine_grained,P09-20240622-154652,0.2810000000000059,short,vision_final,canonical,False,8,3584,0.9944741300738287,0.9919092238453007,0.9910986678412933,0.0025649062285280078,0.0033754622325353756,0.11787025471710585,-0.22810025494761116,-0.31242868771302207,0.345970509664717,0.4302989424301279,0.10492368387756777,0.12674225199691244,0.8278508723367469,0.875,6.151007697545917,3.3866043144851354,0.2952810269929718,4.447670359599014,0,0.34325895248907434,0.9058112682063998,5,0.1708313900109104,True,True
fine_grained_action_recognition_4688,fine_grained_action_recognition,fine_grained,P02-20240211-141313,0.43000000000006366,short,vision_block_early,window,True,8,1280,0.999746465497202,0.9997296458581303,0.9996516362612877,1.681963907174122e-05,9.482923591430659e-05,-0.16173546941121372,-0.10865763938214643,-0.27885722320022394,-0.0530778300290673,0.11712175378901021,0.02108684644008104,0.02191212962886563,0.9623366964889888,0.125,2.7936509457825207,1.404886840253226,0.7118011012330029,0.028595030162478365,0,0.36935748991125034,0.8909419499604917,6,0.15868425956098253,True,True
fine_grained_action_recognition_4688,fine_grained_action_recognition,fine_grained,P02-20240211-141313,0.43000000000006366,short,vision_block_middle,window,True,8,1280,0.9964919052135895,0.995240186669049,0.9940430745918409,0.0012517185445405365,0.00244883062174861,-0.002118870812160735,-0.17109944934306015,-0.31645317495613884,0.16898057853089943,0.3143343041439781,0.08162159599090045,0.0950664881268093,0.8585738002862302,0.125,4.922522447062614,2.3946624026077528,0.4175953983789174,1.8526365163922756,0,0.36935748991125034,0.8909419499604917,6,0.15868425956098253,True,True
fine_grained_action_recognition_4688,fine_grained_action_recognition,fine_grained,P02-20240211-141313,0.43000000000006366,short,vision_block_late,window,True,8,1280,0.9999928103569679,0.9999903657844396,0.9999892215707102,2.4445725282928876e-06,3.5887862576133855e-06,-0.7042617048379801,0.1341872996689529,-0.0031147048043336676,-0.838449004506933,-0.7011470000336465,0.00363770175028435,0.004292735794498353,0.8474087212510245,0.5,1.0183577678653686,1.002122510934865,0.9978819845760325,31980.80874062977,0,0.36935748991125034,0.8909419499604917,6,0.15868425956098253,True,True
fine_grained_action_recognition_4688,fine_grained_action_recognition,fine_grained,P02-20240211-141313,0.43000000000006366,short,vision_merger_pre_reverse,window,True,8,3584,0.9931145021200647,0.9894567963145702,0.9881529458399048,0.0036577058054945155,0.004961556280159929,0.11633046283615825,-0.21022162433390448,-0.194227205662114,0.32655208717006273,0.31055766849827227,0.11210330615431206,0.1422945495681428,0.7878257213262227,0.75,4.557218198867908,2.1454264860818903,0.4661077909158572,6.572377349522469,0,0.36935748991125034,0.8909419499604917,6,0.15868425956098253,True,True
fine_grained_action_recognition_4688,fine_grained_action_recognition,fine_grained,P02-20240211-141313,0.43000000000006366,short,vision_final,canonical,False,8,3584,0.9931145021200647,0.9894567963145702,0.9881529458399048,0.0036577058054945155,0.004961556280159929,0.11633046283615825,-0.21022162433390448,-0.194227205662114,0.32655208717006273,0.31055766849827227,0.11210330615431206,0.1422945495681428,0.7878257213262227,0.75,4.557218198867908,2.1454264860818903,0.4661077909158572,6.572377349522469,0,0.36935748991125034,0.8909419499604917,6,0.15868425956098253,True,True
fine_grained_action_recognition_649,fine_grained_action_recognition,fine_grained,P02-20240209-184316,0.43000000000006366,short,vision_block_early,window,True,8,1280,0.9992419433713507,0.9994003267713318,0.9993221126330251,-0.00015838339998108797,-8.016926167431215e-05,-0.408198224665943,-0.03722777231391021,-0.1917980520920076,-0.3709704523520328,-0.21640017257393543,0.03856208246460443,0.03156764335888423,1.221569884904054,0.0,2.6789680712940007,1.651141273985918,0.6056416950840081,0.06413495902342026,0,0.31983738506088283,0.9256518396903854,6,0.16670375943449045,True,True
fine_grained_action_recognition_649,fine_grained_action_recognition,fine_grained,P02-20240209-184316,0.43000000000006366,short,vision_block_middle,window,True,8,1280,0.9938512246938526,0.9946522076233645,0.9946806626459476,-0.0008009829295119175,-0.0008294379520950024,-0.26175582017238574,-0.10178397817867198,-0.13438909785208214,-0.15997184199371378,-0.1273667223203036,0.11063722076938887,0.10231862377261625,1.081300907792301,0.0,5.804539638092473,2.72621759727072,0.3668085779363772,2.2698229498668834,0,0.31983738506088283,0.9256518396903854,6,0.16670375943449045,True,True
fine_grained_action_recognition_649,fine_grained_action_recognition,fine_grained,P02-20240209-184316,0.43000000000006366,short,vision_block_late,window,True,8,1280,0.9999948243048085,0.999994649046249,0.9999943971327812,1.7525855944278135e-07,4.2717202730635506e-07,-0.42847614957395347,0.030034345388053958,-0.2017480319817445,-0.4585104949620074,-0.22672811759220896,0.003201932698383257,0.0032492578035149583,0.9854351030316811,0.25,1.0756907460623892,1.0100911142076276,0.9900096990601251,5680.694281477165,0,0.31983738506088283,0.9256518396903854,6,0.16670375943449045,True,True
fine_grained_action_recognition_649,fine_grained_action_recognition,fine_grained,P02-20240209-184316,0.43000000000006366,short,vision_merger_pre_reverse,window,True,8,3584,0.9912620844939839,0.9913344820733804,0.9906372252606559,-7.239757939647706e-05,0.0006248592333280012,-0.16292270529955546,-0.13514832766932905,-0.2290845486152687,-0.027774377630226416,0.06616184331571323,0.13154865501438445,0.13053264559867478,1.0077835656440568,0.125,5.827977826154805,2.8189107177014843,0.3547469572982402,5.034870136793142,0,0.31983738506088283,0.9256518396903854,6,0.16670375943449045,True,True
fine_grained_action_recognition_649,fine_grained_action_recognition,fine_grained,P02-20240209-184316,0.43000000000006366,short,vision_final,canonical,False,8,3584,0.9912620844939839,0.9913344820733804,0.9906372252606559,-7.239757939647706e-05,0.0006248592333280012,-0.16292270529955546,-0.13514832766932905,-0.2290845486152687,-0.027774377630226416,0.06616184331571323,0.13154865501438445,0.13053264559867478,1.0077835656440568,0.125,5.827977826154805,2.8189107177014843,0.3547469572982402,5.034870136793142,0,0.31983738506088283,0.9256518396903854,6,0.16670375943449045,True,True
fine_grained_action_recognition_662,fine_grained_action_recognition,fine_grained,P01-20240203-135502,0.29899999999997817,short,vision_block_early,window,True,8,1280,0.9987091962227495,0.9968611876245813,0.9952373023690017,0.0018480085981681382,0.0034718938537477984,0.491867339080667,-0.2912611701755032,-0.6480596325492676,0.7831285092561702,1.1399269716299345,0.04233125717248581,0.07490957643149793,0.5650980714220991,0.75,2.4140969946731587,1.4724955839605294,0.6791191843919345,0.2685757985457964,0,0.3347904902844374,0.916287051698356,6,0.16803363683085504,True,True
fine_grained_action_recognition_662,fine_grained_action_recognition,fine_grained,P01-20240203-135502,0.29899999999997817,short,vision_block_middle,window,True,8,1280,0.9909927343574195,0.9826720039173876,0.9776852780879267,0.008320730440031898,0.013307456269492812,0.3266249168468543,-0.2820770917578147,-0.4865388275808462,0.608702008604669,0.8131637444277005,0.12985064020902026,0.1820046272184303,0.7134469172214057,0.875,4.550889997602943,2.1324990423314896,0.46893338761206976,6.407933322774779,0,0.3347904902844374,0.916287051698356,6,0.16803363683085504,True,True
fine_grained_action_recognition_662,fine_grained_action_recognition,fine_grained,P01-20240203-135502,0.29899999999997817,short,vision_block_late,window,True,8,1280,0.9999901968409377,0.999985256212587,0.9999818599131023,4.940628350658116e-06,8.336927835417285e-06,-0.8383934066849694,0.10779584626095202,0.13800247351106223,-0.9461892529459215,-0.9763958801960316,0.004334915425136296,0.005369047733807988,0.80738999540646,0.75,1.0943395407372767,1.013188122733606,0.9869835399392326,9838.139218967342,0,0.3347904902844374,0.916287051698356,6,0.16803363683085504,True,True
fine_grained_action_recognition_662,fine_grained_action_recognition,fine_grained,P01-20240203-135502,0.29899999999997817,short,vision_merger_pre_reverse,window,True,8,3584,0.9860500460933084,0.9778756858727652,0.972594319061968,0.008174360220543186,0.013455727031340348,0.19447010740219917,-0.248713901251328,-0.42754238530853167,0.44318400865352714,0.6220124927107309,0.16298638584614536,0.20773545806404062,0.7845862587209352,0.875,5.22000318704973,2.438550772722912,0.41007963056819574,13.601062288265098,0,0.3347904902844374,0.916287051698356,6,0.16803363683085504,True,True
fine_grained_action_recognition_662,fine_grained_action_recognition,fine_grained,P01-20240203-135502,0.29899999999997817,short,vision_final,canonical,False,8,3584,0.9860500460933084,0.9778756858727652,0.972594319061968,0.008174360220543186,0.013455727031340348,0.19447010740219917,-0.248713901251328,-0.42754238530853167,0.44318400865352714,0.6220124927107309,0.16298638584614536,0.20773545806404062,0.7845862587209352,0.875,5.22000318704973,2.438550772722912,0.41007963056819574,13.601062288265098,0,0.3347904902844374,0.916287051698356,6,0.16803363683085504,True,True
fine_grained_action_recognition_7084,fine_grained_action_recognition,fine_grained,P02-20240211-175138,0.20600000000001728,short,vision_block_early,window,True,8,1280,0.9999681222903128,0.9999439539408571,0.999935307751812,2.4168349455733207e-05,3.2814538500791635e-05,0.28460119237438153,-0.2774541229991308,-0.45176173433230227,0.5620553153735124,0.7363629267066838,0.006699764684429613,0.010452580025311369,0.6409675571204283,0.75,4.273264932324023,2.786161309119062,0.35891676362277225,0.0049643340784900755,0,0.3377665332614837,0.9120002566729207,6,0.17364448584614944,True,True
fine_grained_action_recognition_7084,fine_grained_action_recognition,fine_grained,P02-20240211-175138,0.20600000000001728,short,vision_block_middle,window,True,8,1280,0.9983310860814707,0.9971164385308033,0.9967569877145261,0.0012146475506673582,0.001574098366944554,0.2487967950912539,-0.2678563029687438,-0.3613506372783414,0.5166530980599977,0.6101474323695952,0.0487249786804352,0.07555589627422142,0.6448865155883203,0.75,4.627943364239956,2.94186335336227,0.33992061489093134,0.9947466878355292,0,0.3377665332614837,0.9120002566729207,6,0.17364448584614944,True,True
fine_grained_action_recognition_7084,fine_grained_action_recognition,fine_grained,P02-20240211-175138,0.20600000000001728,short,vision_block_late,window,True,8,1280,0.9999978964224641,0.9999963694329784,0.9999960129421608,1.5269894856340116e-06,1.8834803032774516e-06,0.425234755621963,-0.18370620431457524,0.0070750480077208635,0.6089409599365383,0.41815970761424215,0.001728820070325735,0.0026781238256497306,0.6455340316112201,0.625,1.0406056719790782,1.0052840404645285,0.9947437338584558,6495.558222096257,0,0.3377665332614837,0.9120002566729207,6,0.17364448584614944,True,True
fine_grained_action_recognition_7084,fine_grained_action_recognition,fine_grained,P02-20240211-175138,0.20600000000001728,short,vision_merger_pre_reverse,window,True,8,3584,0.9964349495721027,0.993918430160423,0.993266164747387,0.0025165194116796297,0.003168784824715609,0.25607232536124164,-0.2650043275261373,-0.3479576965734471,0.5210766528873789,0.6040300219346888,0.07119789904625118,0.10960948994670425,0.6495596237230001,0.75,4.636581234519895,3.0266909982577874,0.3303938197112346,3.2949024058088234,0,0.3377665332614837,0.9120002566729207,6,0.17364448584614944,True,True
fine_grained_action_recognition_7084,fine_grained_action_recognition,fine_grained,P02-20240211-175138,0.20600000000001728,short,vision_final,canonical,False,8,3584,0.9964349495721027,0.993918430160423,0.993266164747387,0.0025165194116796297,0.003168784824715609,0.25607232536124164,-0.2650043275261373,-0.3479576965734471,0.5210766528873789,0.6040300219346888,0.07119789904625118,0.10960948994670425,0.6495596237230001,0.75,4.636581234519895,3.0266909982577874,0.3303938197112346,3.2949024058088234,0,0.3377665332614837,0.9120002566729207,6,0.17364448584614944,True,True
fine_grained_action_recognition_757,fine_grained_action_recognition,fine_grained,P09-20240622-162302,0.2599999999999909,short,vision_block_early,window,True,8,1280,0.9998525056005494,0.9997953906451374,0.999737078316379,5.7114955411941004e-05,0.0001154272841703552,0.08918931061875447,-0.21287394682896796,-0.40060302213310617,0.30206325744772244,0.4897923327518606,0.016125637413084277,0.019769920756001817,0.8156652528912541,0.625,4.133104911734332,2.188666952881451,0.4568991178321889,0.019049732034556364,0,0.3145621924985122,0.923607564628145,5,0.18126843586777763,True,True
fine_grained_action_recognition_757,fine_grained_action_recognition,fine_grained,P09-20240622-162302,0.2599999999999909,short,vision_block_middle,window,True,8,1280,0.9969854484957033,0.9943272400540031,0.9928942160143955,0.0026582084417001717,0.004091232481307716,0.23982491586224877,-0.2660941845863046,-0.44823262164454003,0.5059191004485534,0.6880575375067888,0.07733996092583789,0.1054904373089652,0.733146651950272,1.0,5.075726519336897,2.3552250031609354,0.4245878838148819,2.3221020808720394,0,0.3145621924985122,0.923607564628145,5,0.18126843586777763,True,True
fine_grained_action_recognition_757,fine_grained_action_recognition,fine_grained,P09-20240622-162302,0.2599999999999909,short,vision_block_late,window,True,8,1280,0.9999940913872561,0.9999901541966819,0.999989398498242,3.937190574232474e-06,4.692889014168422e-06,0.08263270499931168,-0.11500829233779125,-0.10926379102942729,0.19764099733710294,0.19189649602873898,0.0032599179123180646,0.004352600029275888,0.7489587580737104,0.75,1.1068510984169888,1.0157972579714285,0.9844484144375661,5621.084535218139,0,0.3145621924985122,0.923607564628145,5,0.18126843586777763,True,True
fine_grained_action_recognition_757,fine_grained_action_recognition,fine_grained,P09-20240622-162302,0.2599999999999909,short,vision_merger_pre_reverse,window,True,8,3584,0.9923899627315508,0.9878904654419058,0.9870070126877054,0.004499497289644938,0.005382950043845369,0.26080381088149557,-0.2749936116269271,-0.37737205503425236,0.5357974225084227,0.6381758659157479,0.11886747316041046,0.1530092534930781,0.7768646042429574,0.5,4.201551076289843,1.8673751248616295,0.5355110425786029,7.724436301842315,0,0.3145621924985122,0.923607564628145,5,0.18126843586777763,True,True
fine_grained_action_recognition_757,fine_grained_action_recognition,fine_grained,P09-20240622-162302,0.2599999999999909,short,vision_final,canonical,False,8,3584,0.9923899627315508,0.9878904654419058,0.9870070126877054,0.004499497289644938,0.005382950043845369,0.26080381088149557,-0.2749936116269271,-0.37737205503425236,0.5357974225084227,0.6381758659157479,0.11886747316041046,0.1530092534930781,0.7768646042429574,0.5,4.201551076289843,1.8673751248616295,0.5355110425786029,7.724436301842315,0,0.3145621924985122,0.923607564628145,5,0.18126843586777763,True,True
fine_grained_why_recognition_235,fine_grained_why_recognition,fine_grained,P09-20240622-194642,0.21999999999997044,short,vision_block_early,window,True,8,1280,0.9997295858773916,0.9997329526485166,0.9996807491655726,-3.366771125001833e-06,4.883671181898919e-05,-0.1012636180932824,-0.05230829502295202,-0.21654002887546706,-0.048955323070330375,0.11527641078218466,0.02077239592547051,0.020740625534427144,1.001531795219514,0.375,2.5856062511171993,1.6241697466745124,0.6156991915700314,0.026969279253945152,0,0.2725592405267614,0.9460666130810507,6,0.195094307008306,True,True
fine_grained_why_recognition_235,fine_grained_why_recognition,fine_grained,P09-20240622-194642,0.21999999999997044,short,vision_block_middle,window,True,8,1280,0.9959168757068732,0.9941809161429817,0.9937050002635907,0.0017359595638914982,0.002211875443282496,0.1513018320426142,-0.23359513671923116,-0.31021029215717205,0.3848969687618453,0.46151212419978627,0.08357494718112578,0.10740238641292824,0.7781479534337954,0.75,5.5790866759813245,3.3589674518903347,0.2977105358485172,2.2315756599754137,0,0.2725592405267614,0.9460666130810507,6,0.195094307008306,True,True
fine_grained_why_recognition_235,fine_grained_why_recognition,fine_grained,P09-20240622-194642,0.21999999999997044,short,vision_block_late,window,True,8,1280,0.9999949765592185,0.9999926802361403,0.99999218280974,2.2963230782435673e-06,2.793749478535723e-06,0.1435046153333372,-0.23467194378103068,-0.3690396188876613,0.37817655911436787,0.5125442342209985,0.002926598832375862,0.0038064837079823696,0.7688457529027778,0.75,1.0494658894820563,1.006406555545419,0.9936342271320491,10202.148099943432,0,0.2725592405267614,0.9460666130810507,6,0.195094307008306,True,True
fine_grained_why_recognition_235,fine_grained_why_recognition,fine_grained,P09-20240622-194642,0.21999999999997044,short,vision_merger_pre_reverse,window,True,8,3584,0.990622717783768,0.98656018568971,0.985600829111227,0.004062532094057936,0.005021888672540942,0.13906036184232493,-0.23417132748916553,-0.289435844945257,0.3732316893314904,0.42849620678758193,0.12662256013140774,0.1634254887415665,0.7748030072080297,0.75,5.320980221768193,3.1071587878626867,0.32183743035799833,6.849997916395042,0,0.2725592405267614,0.9460666130810507,6,0.195094307008306,True,True
fine_grained_why_recognition_235,fine_grained_why_recognition,fine_grained,P09-20240622-194642,0.21999999999997044,short,vision_final,canonical,False,8,3584,0.990622717783768,0.98656018568971,0.985600829111227,0.004062532094057936,0.005021888672540942,0.13906036184232493,-0.23417132748916553,-0.289435844945257,0.3732316893314904,0.42849620678758193,0.12662256013140774,0.1634254887415665,0.7748030072080297,0.75,5.320980221768193,3.1071587878626867,0.32183743035799833,6.849997916395042,0,0.2725592405267614,0.9460666130810507,6,0.195094307008306,True,True
gaze_interaction_anticipation_22,gaze_interaction_anticipation,gaze,P03-20240217-094713,10.0,short,vision_block_early,window,True,8,1280,0.9988924676572959,0.9978226072862317,0.9972173026706652,0.0010698603710641574,0.0016751649866306728,0.228376604394847,-0.16532646983514926,-0.35523661952609525,0.3937030742299963,0.5836132239209423,0.040315183798741064,0.05990010871920677,0.673040244179292,0.25,2.320675760961318,1.3801851865340216,0.7245404528005707,0.19438163760561272,0,0.2287084902412283,0.9761784489649337,6,0.17173251101567644,True,True
gaze_interaction_anticipation_22,gaze_interaction_anticipation,gaze,P03-20240217-094713,10.0,short,vision_block_middle,window,True,8,1280,0.9864835466307575,0.970575197437073,0.9637751959005927,0.015908349193684557,0.02270835073016486,0.27849470123043724,-0.21183488779076806,-0.2938645723448199,0.49032958902120527,0.5723592735752572,0.15277138740920432,0.22439113762751267,0.680826297439623,0.625,3.5696117678248314,1.6440092980137866,0.6082690658794644,12.553412396582562,0,0.2287084902412283,0.9761784489649337,6,0.17173251101567644,True,True
gaze_interaction_anticipation_22,gaze_interaction_anticipation,gaze,P03-20240217-094713,10.0,short,vision_block_late,window,True,8,1280,0.9999857100777295,0.9999734409398169,0.999968206464382,1.2269137912634953e-05,1.7503613347513713e-05,0.4249680705843812,-0.23762414462979112,-0.3972387100093595,0.6625922152141723,0.8222067805937407,0.00501223259966333,0.006870683204131467,0.7295100721059856,0.625,1.0118613774958674,1.0012871719956578,0.9987144826862285,137509.5419584049,0,0.2287084902412283,0.9761784489649337,6,0.17173251101567644,True,True
gaze_interaction_anticipation_22,gaze_interaction_anticipation,gaze,P03-20240217-094713,10.0,short,vision_merger_pre_reverse,window,True,8,3584,0.969521836909535,0.9473525652688664,0.938246674477988,0.02216927164066862,0.03127516243154693,0.15977921115830251,-0.18981165620482332,-0.2425328019309052,0.34959086736312583,0.4023120130892077,0.2345345240179663,0.30855643221657825,0.7601025275446036,0.625,4.307529527125902,1.902391293221185,0.5256542140217487,22.867931005368945,0,0.2287084902412283,0.9761784489649337,6,0.17173251101567644,True,True
gaze_interaction_anticipation_22,gaze_interaction_anticipation,gaze,P03-20240217-094713,10.0,short,vision_final,canonical,False,8,3584,0.969521836909535,0.9473525652688664,0.938246674477988,0.02216927164066862,0.03127516243154693,0.15977921115830251,-0.18981165620482332,-0.2425328019309052,0.34959086736312583,0.4023120130892077,0.2345345240179663,0.30855643221657825,0.7601025275446036,0.625,4.307529527125902,1.902391293221185,0.5256542140217487,22.867931005368945,0,0.2287084902412283,0.9761784489649337,6,0.17173251101567644,True,True
gaze_interaction_anticipation_244,gaze_interaction_anticipation,gaze,P04-20240413-151722,10.0,short,vision_block_early,window,True,8,1280,0.9971787687249318,0.9927353212491975,0.9919358834463718,0.00444344747573433,0.005242885278559983,0.42078813680544497,-0.3197457304288443,-0.47288619495948375,0.7405338672342893,0.8936743317649287,0.07219181905602799,0.11586235993848851,0.6230825877735853,0.875,2.89227113711182,1.4926411971646365,0.6699533698383519,0.6417627016973193,0,0.2587604623322064,0.9655126883319676,6,0.15860188483515092,True,True
gaze_interaction_anticipation_244,gaze_interaction_anticipation,gaze,P04-20240413-151722,10.0,short,vision_block_middle,window,True,8,1280,0.9722693019118462,0.9404420898737509,0.93289418462167,0.031827212038095354,0.03937511729017629,0.30817388516768773,-0.287798405172414,-0.3619506973208152,0.5959722903401017,0.6701245824885029,0.23131429813059723,0.33975149010487304,0.6808338001967147,0.875,4.222018449150497,1.8847744577266596,0.5305674617461447,20.345453177284643,0,0.2587604623322064,0.9655126883319676,6,0.15860188483515092,True,True
gaze_interaction_anticipation_244,gaze_interaction_anticipation,gaze,P04-20240413-151722,10.0,short,vision_block_late,window,True,8,1280,0.9999704905422376,0.9999406678276171,0.9999352199728012,2.982271462048658e-05,3.52705694364186e-05,0.4284225169840458,-0.2976686670408654,-0.3210875609273005,0.7260911840249112,0.7495100779113464,0.007554095383962696,0.010746367433394376,0.7029440814100881,0.625,1.0570245019014235,1.0074215214775304,0.9926331517450155,40511.570385894505,0,0.2587604623322064,0.9655126883319676,6,0.15860188483515092,True,True
gaze_interaction_anticipation_244,gaze_interaction_anticipation,gaze,P04-20240413-151722,10.0,short,vision_merger_pre_reverse,window,True,8,3584,0.9496682096003218,0.8952630119388919,0.8858944239404775,0.05440519766142993,0.06377378565984437,0.29755846967163513,-0.2838122940087917,-0.33648652874415136,0.5813707636804268,0.6340449984157865,0.3124017584206618,0.45080906460078607,0.6929802059266691,0.625,4.482141631261119,2.006001892162666,0.4985040163256787,44.13697707322308,0,0.2587604623322064,0.9655126883319676,6,0.15860188483515092,True,True
gaze_interaction_anticipation_244,gaze_interaction_anticipation,gaze,P04-20240413-151722,10.0,short,vision_final,canonical,False,8,3584,0.9496682096003218,0.8952630119388919,0.8858944239404775,0.05440519766142993,0.06377378565984437,0.29755846967163513,-0.2838122940087917,-0.33648652874415136,0.5813707636804268,0.6340449984157865,0.3124017584206618,0.45080906460078607,0.6929802059266691,0.625,4.482141631261119,2.006001892162666,0.4985040163256787,44.13697707322308,0,0.2587604623322064,0.9655126883319676,6,0.15860188483515092,True,True
gaze_interaction_anticipation_41,gaze_interaction_anticipation,gaze,P03-20240218-202148,10.0,short,vision_block_early,window,True,8,1280,0.9969121302146783,0.997231769050213,0.9972201218097982,-0.00031963883553476347,-0.00030799159511996077,-0.28251975743230134,-0.08756357103522026,-0.06802212280042283,-0.19495618639708107,-0.21449763463187851,0.0762989673977333,0.07112374128487783,1.0727636935200962,0.125,3.489011556002881,1.6864557135564555,0.5929595375446687,0.3003849319679547,0,0.2092313410037507,0.9848647244316782,6,0.17627876137912324,True,True
gaze_interaction_anticipation_41,gaze_interaction_anticipation,gaze,P03-20240218-202148,10.0,short,vision_block_middle,window,True,8,1280,0.977168869193953,0.9672724072391344,0.9640580345904706,0.009896461954818525,0.01311083460348239,0.10197387037047194,-0.2198231570032688,-0.26898510547692245,0.3217970273737407,0.3709589758473944,0.21291450012495589,0.25263326826614363,0.8427809274139426,0.5,5.430828899623858,2.6468019041771296,0.377814447851885,12.53876949625683,0,0.2092313410037507,0.9848647244316782,6,0.17627876137912324,True,True
gaze_interaction_anticipation_41,gaze_interaction_anticipation,gaze,P03-20240218-202148,10.0,short,vision_block_late,window,True,8,1280,0.9999704361118067,0.9999598297320103,0.9999567886150368,1.0606379796440635e-05,1.3647496769908507e-05,-0.13079201921228958,-0.1257253665602274,-0.144710916394935,-0.005066652652062187,0.013918897182645412,0.007611850333505919,0.008900289655490733,0.855236248273116,0.875,1.0679790674955452,1.0089894139504296,0.991090675654134,28846.67445513974,0,0.2092313410037507,0.9848647244316782,6,0.17627876137912324,True,True
gaze_interaction_anticipation_41,gaze_interaction_anticipation,gaze,P03-20240218-202148,10.0,short,vision_merger_pre_reverse,window,True,8,3584,0.9509416358396809,0.9307161307550826,0.9260245915247127,0.020225505084598305,0.024917044314968217,0.09876047017579863,-0.22043999951861726,-0.2590182862187889,0.3192004696944159,0.35777875639458756,0.30986668170578346,0.3689431684510866,0.8398764584981459,0.875,5.362977052962872,2.6371230010137725,0.37920112168282494,33.599992317094674,0,0.2092313410037507,0.9848647244316782,6,0.17627876137912324,True,True
gaze_interaction_anticipation_41,gaze_interaction_anticipation,gaze,P03-20240218-202148,10.0,short,vision_final,canonical,False,8,3584,0.9509416358396809,0.9307161307550826,0.9260245915247127,0.020225505084598305,0.024917044314968217,0.09876047017579863,-0.22043999951861726,-0.2590182862187889,0.3192004696944159,0.35777875639458756,0.30986668170578346,0.3689431684510866,0.8398764584981459,0.875,5.362977052962872,2.6371230010137725,0.37920112168282494,33.599992317094674,0,0.2092313410037507,0.9848647244316782,6,0.17627876137912324,True,True
gaze_interaction_anticipation_468,gaze_interaction_anticipation,gaze,P08-20240614-132938,10.0,short,vision_block_early,window,True,8,1280,0.9969683236880659,0.9953776317645328,0.9937289383481476,0.0015906919235331163,0.0032393853399182992,0.1573836824195555,-0.21422505316179438,-0.39735567665090865,0.3716087355813499,0.5547393590704641,0.07009738311806654,0.09142765669745476,0.7666977985668747,0.5,3.2306912903696183,1.713216477050697,0.5836973980786716,0.4609491605364382,0,0.2964600046694166,0.9424680380810257,6,0.17135714799077295,True,True
gaze_interaction_anticipation_468,gaze_interaction_anticipation,gaze,P08-20240614-132938,10.0,short,vision_block_middle,window,True,8,1280,0.9777321739049274,0.9657353808016041,0.9603362053060679,0.011996793103323244,0.0173959685988595,0.1431630623249754,-0.23270868100771405,-0.31181720648200517,0.37587174333268947,0.45498026880698056,0.20910008051841236,0.25971761291055595,0.8051055073820668,0.75,5.625919343746149,2.859837211668459,0.3496702525304192,14.534240391801209,0,0.2964600046694166,0.9424680380810257,6,0.17135714799077295,True,True
gaze_interaction_anticipation_468,gaze_interaction_anticipation,gaze,P08-20240614-132938,10.0,short,vision_block_late,window,True,8,1280,0.9999716433180567,0.9999646698278434,0.9999622063354077,6.973490213280087e-06,9.43698264899151e-06,-0.12592997920684798,-0.14653166328455788,-0.2060052336941142,0.020601684077709903,0.08007525448726621,0.007490247899799877,0.008357595868536667,0.8962203984997598,0.5,1.0465114397418807,1.0058315823080937,0.9942022278772437,51304.853779819896,0,0.2964600046694166,0.9424680380810257,6,0.17135714799077295,True,True
gaze_interaction_anticipation_468,gaze_interaction_anticipation,gaze,P08-20240614-132938,10.0,short,vision_merger_pre_reverse,window,True,8,3584,0.9569036907564639,0.9420619849898582,0.9368892537736747,0.014841705766605706,0.020014436982789152,0.07096101168607605,-0.21097923592954046,-0.2351881499172157,0.28194024761561653,0.30614916160329175,0.29210702327180355,0.338164458727823,0.8638016673032765,0.5,5.985477278645302,3.0734593328143016,0.32536627028811904,27.938061897426444,0,0.2964600046694166,0.9424680380810257,6,0.17135714799077295,True,True
gaze_interaction_anticipation_468,gaze_interaction_anticipation,gaze,P08-20240614-132938,10.0,short,vision_final,canonical,False,8,3584,0.9569036907564639,0.9420619849898582,0.9368892537736747,0.014841705766605706,0.020014436982789152,0.07096101168607605,-0.21097923592954046,-0.2351881499172157,0.28194024761561653,0.30614916160329175,0.29210702327180355,0.338164458727823,0.8638016673032765,0.5,5.985477278645302,3.0734593328143016,0.32536627028811904,27.938061897426444,0,0.2964600046694166,0.9424680380810257,6,0.17135714799077295,True,True
gaze_interaction_anticipation_487,gaze_interaction_anticipation,gaze,P02-20240211-104948,10.0,short,vision_block_early,window,True,8,1280,0.9965015628339454,0.9935801192410729,0.9921490667080078,0.002921443592872497,0.004352496125937577,0.3935224086483353,-0.26717864613019815,-0.3733408413169416,0.6607010547785335,0.766863249965277,0.07762046487159481,0.10306227931932244,0.753141356704327,0.5,2.5094130763255857,1.3331657465771714,0.7500942794003252,0.5872755659215505,0,0.3045528521983263,0.9383316337047802,6,0.18767527856242205,True,True
gaze_interaction_anticipation_487,gaze_interaction_anticipation,gaze,P02-20240211-104948,10.0,short,vision_block_middle,window,True,8,1280,0.9798092399529738,0.9616852474715689,0.9542507806896289,0.018123992481404838,0.02555845926334488,0.2921653651142535,-0.28217980427767153,-0.43896119259157657,0.574345169391925,0.7311265577058301,0.20058200442618443,0.2713941468065831,0.7390800678141929,0.875,4.470131137742749,1.8773271173465635,0.5326722182617869,11.758031477834177,0,0.3045528521983263,0.9383316337047802,6,0.18767527856242205,True,True
gaze_interaction_anticipation_487,gaze_interaction_anticipation,gaze,P02-20240211-104948,10.0,short,vision_block_late,window,True,8,1280,0.9999818652924826,0.9999715341477186,0.9999694395363987,1.0331144764008648e-05,1.2425756083844774e-05,0.4149538906815863,-0.02679758502824561,-0.2582927749647626,0.44175147570983186,0.6732466656463489,0.006012509975873946,0.007491468743512096,0.8025809332890849,0.875,1.0230541330527951,1.0026967039641688,0.9973105486898408,93378.26673045024,0,0.3045528521983263,0.9383316337047802,6,0.18767527856242205,True,True
gaze_interaction_anticipation_487,gaze_interaction_anticipation,gaze,P02-20240211-104948,10.0,short,vision_merger_pre_reverse,window,True,8,3584,0.9652514025976331,0.9409975137771992,0.9313914894295631,0.02425388882043389,0.03385991316807002,0.22412264151248654,-0.2624582081801278,-0.3971494081206825,0.4865808496926144,0.6212720496331691,0.26292548342802685,0.3400177428844639,0.7732698923225528,0.75,5.276254821633689,2.363499844916754,0.42310136053138664,28.29648019848032,0,0.3045528521983263,0.9383316337047802,6,0.18767527856242205,True,True
gaze_interaction_anticipation_487,gaze_interaction_anticipation,gaze,P02-20240211-104948,10.0,short,vision_final,canonical,False,8,3584,0.9652514025976331,0.9409975137771992,0.9313914894295631,0.02425388882043389,0.03385991316807002,0.22412264151248654,-0.2624582081801278,-0.3971494081206825,0.4865808496926144,0.6212720496331691,0.26292548342802685,0.3400177428844639,0.7732698923225528,0.75,5.276254821633689,2.363499844916754,0.42310136053138664,28.29648019848032,0,0.3045528521983263,0.9383316337047802,6,0.18767527856242205,True,True
gaze_interaction_anticipation_5,gaze_interaction_anticipation,gaze,P05-20240425-201444,10.0,short,vision_block_early,window,True,8,1280,0.9965215300680664,0.993818019936278,0.9934124038473696,0.002703510131788378,0.0031091262206968118,0.3950996726058114,-0.2907779263137917,-0.35603439103351175,0.6858775989196031,0.7511340636393231,0.07178739195504417,0.10699818767850984,0.6709215689777742,0.75,2.6183723918766786,1.48877521735759,0.6716930724941058,0.5828181362696541,0,0.2250502645589414,0.9693737886116658,6,0.17638387110965947,True,True
gaze_interaction_anticipation_5,gaze_interaction_anticipation,gaze,P05-20240425-201444,10.0,short,vision_block_middle,window,True,8,1280,0.9787105517540061,0.9640263834473561,0.9634656906757286,0.01468416830664998,0.015244861078277494,0.2082919951879037,-0.2454356835311637,-0.2702508059795589,0.4537276787190674,0.4785428011674626,0.20074041099825857,0.2641219547067224,0.760029249447128,0.75,4.645732944282523,2.021863759695009,0.49459316692577077,11.925955930270856,0,0.2250502645589414,0.9693737886116658,6,0.17638387110965947,True,True
gaze_interaction_anticipation_5,gaze_interaction_anticipation,gaze,P05-20240425-201444,10.0,short,vision_block_late,window,True,8,1280,0.9999782554937259,0.9999657870381167,0.9999676891186848,1.2468455609204732e-05,1.0566375041043408e-05,0.7060174199509434,-0.33429528977297857,-0.7899241109121781,1.040312709723922,1.4959415308631214,0.006443003989583254,0.00820279753133785,0.785464223024949,0.75,1.061927951928266,1.0082618832063384,0.9918058161833263,29059.297563402597,0,0.2250502645589414,0.9693737886116658,6,0.17638387110965947,True,True
gaze_interaction_anticipation_5,gaze_interaction_anticipation,gaze,P05-20240425-201444,10.0,short,vision_merger_pre_reverse,window,True,8,3584,0.9669526738412196,0.9484273551721184,0.9523939454072546,0.01852531866910123,0.014558728433964996,0.20801177605106985,-0.25415723872188417,-0.23050204690787765,0.462169014772954,0.4385138229589475,0.2504782603758575,0.31811350237859287,0.7873864469850721,0.875,5.151377620985651,2.4817753530452324,0.4029373564263027,27.73690321319014,0,0.2250502645589414,0.9693737886116658,6,0.17638387110965947,True,True
gaze_interaction_anticipation_5,gaze_interaction_anticipation,gaze,P05-20240425-201444,10.0,short,vision_final,canonical,False,8,3584,0.9669526738412196,0.9484273551721184,0.9523939454072546,0.01852531866910123,0.014558728433964996,0.20801177605106985,-0.25415723872188417,-0.23050204690787765,0.462169014772954,0.4385138229589475,0.2504782603758575,0.31811350237859287,0.7873864469850721,0.875,5.151377620985651,2.4817753530452324,0.4029373564263027,27.73690321319014,0,0.2250502645589414,0.9693737886116658,6,0.17638387110965947,True,True
gaze_interaction_anticipation_537,gaze_interaction_anticipation,gaze,P04-20240414-181030,10.000000000000007,short,vision_block_early,window,True,8,1280,0.9958908508263524,0.9960446185509012,0.9953984818040731,-0.00015376772454878118,0.0004923690222793375,-0.08514558342900352,-0.15138663129679641,-0.2348763243814931,0.06624104786779289,0.1497307409524896,0.08584421396014026,0.08548446601135605,1.0042083429372586,0.25,3.466553390163757,1.5940858909543416,0.6273187697567059,0.4343642795183256,0,0.24115182366341711,0.9718915153265133,6,0.16274065272794846,True,True
gaze_interaction_anticipation_537,gaze_interaction_anticipation,gaze,P04-20240414-181030,10.000000000000007,short,vision_block_middle,window,True,8,1280,0.9824631180986321,0.9736762392912363,0.9715425194578745,0.008786878807395815,0.010920598640757562,0.13256595725397052,-0.2323887530242326,-0.2846847398725074,0.36495471027820314,0.41725069712647794,0.18666523504413765,0.22851881410158043,0.8168484322746478,1.0,6.084697866050166,3.3419085929238683,0.2992302069893211,8.797950686916252,0,0.24115182366341711,0.9718915153265133,6,0.16274065272794846,True,True
gaze_interaction_anticipation_537,gaze_interaction_anticipation,gaze,P04-20240414-181030,10.000000000000007,short,vision_block_late,window,True,8,1280,0.9999794544041506,0.9999712621196757,0.9999679589992704,8.192284474906053e-06,1.1495404880212945e-05,-0.3836279177618995,-0.005486145937325775,0.07239831477264644,-0.3781417718245737,-0.4560262325345459,0.006394486294779726,0.007547025216175314,0.8472856670830534,0.875,1.1032008129830675,1.0143863465401384,0.9858176851559495,18110.748770348306,0,0.24115182366341711,0.9718915153265133,6,0.16274065272794846,True,True
gaze_interaction_anticipation_537,gaze_interaction_anticipation,gaze,P04-20240414-181030,10.000000000000007,short,vision_merger_pre_reverse,window,True,8,3584,0.9595039702550959,0.9414784262677651,0.9326972406969726,0.018025543987330805,0.026806729558123354,0.10793125133825048,-0.22210379661670643,-0.3280464698726156,0.3300350479549569,0.4359777212108661,0.28349541051202015,0.33946387788981186,0.8351268838213214,0.875,5.9915375828609925,3.060860802393381,0.32670548076478007,27.061259462352943,0,0.24115182366341711,0.9718915153265133,6,0.16274065272794846,True,True
gaze_interaction_anticipation_537,gaze_interaction_anticipation,gaze,P04-20240414-181030,10.000000000000007,short,vision_final,canonical,False,8,3584,0.9595039702550959,0.9414784262677651,0.9326972406969726,0.018025543987330805,0.026806729558123354,0.10793125133825048,-0.22210379661670643,-0.3280464698726156,0.3300350479549569,0.4359777212108661,0.28349541051202015,0.33946387788981186,0.8351268838213214,0.875,5.9915375828609925,3.060860802393381,0.32670548076478007,27.061259462352943,0,0.24115182366341711,0.9718915153265133,6,0.16274065272794846,True,True
gaze_interaction_anticipation_633,gaze_interaction_anticipation,gaze,P06-20240510-094438,10.0,short,vision_block_early,window,True,8,1280,0.9906592242298567,0.9840008449755387,0.9842374541379157,0.006658379254318003,0.006421770091941004,0.24927745818582914,-0.2573312783930481,-0.30062175163461485,0.5066087365788772,0.549899209820444,0.11551730696555709,0.16740953223369462,0.6900282524193497,0.375,2.0709826474203377,1.3291988257189642,0.7523328945608266,1.538743744733626,0,0.2681509782084477,0.9581745927759003,6,0.16399669749904078,True,True
gaze_interaction_anticipation_633,gaze_interaction_anticipation,gaze,P06-20240510-094438,10.0,short,vision_block_middle,window,True,8,1280,0.9835041574657424,0.976604304588261,0.9773068483687744,0.006899852877481405,0.006197309096968029,0.1136187590297459,-0.22659030884687703,-0.21103751608602883,0.3402090678766229,0.3246562751157747,0.17758940706160264,0.21370515183777186,0.8310019928598378,0.625,5.122258404478818,2.3080300640414535,0.4332699194779811,9.826454947213996,0,0.2681509782084477,0.9581745927759003,6,0.16399669749904078,True,True
gaze_interaction_anticipation_633,gaze_interaction_anticipation,gaze,P06-20240510-094438,10.0,short,vision_block_late,window,True,8,1280,0.9999801630078798,0.999973847475122,0.9999752743075196,6.315532757872333e-06,4.888700360194953e-06,0.2881973887402574,-0.2694439476188707,-0.35389289123782736,0.5576413363591282,0.6420902799780848,0.006205254082311993,0.007114729265237827,0.8721700926317071,0.25,1.0502107221951325,1.0064594203181556,0.99358203600885,35461.12364252237,0,0.2681509782084477,0.9581745927759003,6,0.16399669749904078,True,True
gaze_interaction_anticipation_633,gaze_interaction_anticipation,gaze,P06-20240510-094438,10.0,short,vision_merger_pre_reverse,window,True,8,3584,0.9570636622980345,0.9433097231520449,0.947347095672802,0.013753939145989658,0.00971656662523257,0.08723922404812454,-0.21197241025964003,-0.21917393219205358,0.29921163430776454,0.3064131562401781,0.28683585281922724,0.32972523314403557,0.8699238759622843,0.375,4.800320859482834,2.0728259099121695,0.48243318226486864,24.70933000480877,0,0.2681509782084477,0.9581745927759003,6,0.16399669749904078,True,True
gaze_interaction_anticipation_633,gaze_interaction_anticipation,gaze,P06-20240510-094438,10.0,short,vision_final,canonical,False,8,3584,0.9570636622980345,0.9433097231520449,0.947347095672802,0.013753939145989658,0.00971656662523257,0.08723922404812454,-0.21197241025964003,-0.21917393219205358,0.29921163430776454,0.3064131562401781,0.28683585281922724,0.32972523314403557,0.8699238759622843,0.375,4.800320859482834,2.0728259099121695,0.48243318226486864,24.70933000480877,0,0.2681509782084477,0.9581745927759003,6,0.16399669749904078,True,True
gaze_interaction_anticipation_751,gaze_interaction_anticipation,gaze,P01-20240203-150506,10.0,short,vision_block_early,window,True,8,1280,0.9782259852941648,0.9797616331602378,0.9843964226503835,-0.0015356478660729644,-0.006170437356218694,-0.10692096498916756,-0.14075570306866897,0.037434278330107554,0.03383473807950141,-0.14435524331927513,0.20244806195311663,0.1911237989678745,1.0592509307914375,0.125,3.221109224953451,1.6748680336023924,0.5970619654428226,2.221708705862981,0,0.276538415094667,0.9569002789457222,6,0.162055224150639,True,True
gaze_interaction_anticipation_751,gaze_interaction_anticipation,gaze,P01-20240203-150506,10.0,short,vision_block_middle,window,True,8,1280,0.9713746499971232,0.9592175464744243,0.9684359728734094,0.012157103522698942,0.002938677123713762,0.12631089395853762,-0.21817112497350072,0.005704183504340606,0.34448201893203834,0.120606710454197,0.23564276750028887,0.27731509400102716,0.8497293245041183,0.25,4.015505406010797,1.7231016988650545,0.5803487981345874,14.834654423783572,0,0.276538415094667,0.9569002789457222,6,0.162055224150639,True,True
gaze_interaction_anticipation_751,gaze_interaction_anticipation,gaze,P01-20240203-150506,10.0,short,vision_block_late,window,True,8,1280,0.999961185298669,0.9999492795172871,0.9999616964543042,1.1905781381882363e-05,-5.111556352632718e-07,0.14111670376194385,-0.23651936052766967,0.18803017848950307,0.3776360642896135,-0.04691347472755922,0.008644891494379605,0.009757921054283981,0.8859357896305456,0.5,1.057674226508182,1.0077035808104116,0.9923553106716003,45847.29927218633,0,0.276538415094667,0.9569002789457222,6,0.162055224150639,True,True
gaze_interaction_anticipation_751,gaze_interaction_anticipation,gaze,P01-20240203-150506,10.0,short,vision_merger_pre_reverse,window,True,8,3584,0.9410907136318188,0.919772860751147,0.9394231766754353,0.021317852880671895,0.001667536956383553,0.08129884032246122,-0.20465159772566963,0.007280450666670468,0.28595043804813086,0.07401838965579076,0.33660599620787657,0.38717484805757196,0.8693901421970057,0.375,4.160712665922315,1.7980970293035408,0.5561435137831974,40.09107580610268,0,0.276538415094667,0.9569002789457222,6,0.162055224150639,True,True
gaze_interaction_anticipation_751,gaze_interaction_anticipation,gaze,P01-20240203-150506,10.0,short,vision_final,canonical,False,8,3584,0.9410907136318188,0.919772860751147,0.9394231766754353,0.021317852880671895,0.001667536956383553,0.08129884032246122,-0.20465159772566963,0.007280450666670468,0.28595043804813086,0.07401838965579076,0.33660599620787657,0.38717484805757196,0.8693901421970057,0.375,4.160712665922315,1.7980970293035408,0.5561435137831974,40.09107580610268,0,0.276538415094667,0.9569002789457222,6,0.162055224150639,True,True
gaze_interaction_anticipation_82,gaze_interaction_anticipation,gaze,P07-20240529-102652,10.0,short,vision_block_early,window,True,8,1280,0.9964361587235838,0.9957094310860218,0.9950747409551431,0.0007267276375619858,0.0013614177684406759,0.18610201703340884,-0.17722878402662007,-0.24312966579310702,0.3633308010600289,0.42923168282651586,0.07525094711594922,0.0862854644918683,0.8721161502589003,0.125,2.6335311723897186,1.4731037618564486,0.6788388068059582,0.41945804196873115,0,0.3481743048431922,0.9171923138147879,6,0.1661229404314648,True,True
gaze_interaction_anticipation_82,gaze_interaction_anticipation,gaze,P07-20240529-102652,10.0,short,vision_block_middle,window,True,8,1280,0.9767427585323402,0.9591136296690153,0.9539563516407249,0.017629128863324905,0.022786406891615263,0.18967319174973568,-0.23693323483646786,-0.2965957608251642,0.4266064265862035,0.4862689525748999,0.21119100560119153,0.28005493258009606,0.7541056451158582,0.625,4.688595755109952,1.9931597584818939,0.5017159290641399,12.997740784516587,0,0.3481743048431922,0.9171923138147879,6,0.1661229404314648,True,True
gaze_interaction_anticipation_82,gaze_interaction_anticipation,gaze,P07-20240529-102652,10.0,short,vision_block_late,window,True,8,1280,0.9999794485250736,0.9999681432722319,0.9999640817276846,1.1305252841653513e-05,1.5366797389004816e-05,-0.14393626957610975,-0.0584114696113268,-0.017210822147159698,-0.08552479996478295,-0.12672544742895006,0.006222486760445579,0.007825754661143821,0.7951292916632392,0.75,1.0535814455105748,1.0069295737585902,0.9931181147726907,38198.2516849784,0,0.3481743048431922,0.9171923138147879,6,0.1661229404314648,True,True
gaze_interaction_anticipation_82,gaze_interaction_anticipation,gaze,P07-20240529-102652,10.0,short,vision_merger_pre_reverse,window,True,8,3584,0.9606181487461274,0.9399357152869632,0.9340854126302531,0.020682433459164207,0.026532736115874256,0.1292563727767603,-0.21523295240238466,-0.2437125993132032,0.344489325179145,0.3729689720899635,0.2732611009503778,0.3406769588499773,0.8021120708392634,0.875,5.150354208581887,2.3010722277476097,0.434580013587337,28.187615550550703,0,0.3481743048431922,0.9171923138147879,6,0.1661229404314648,True,True
gaze_interaction_anticipation_82,gaze_interaction_anticipation,gaze,P07-20240529-102652,10.0,short,vision_final,canonical,False,8,3584,0.9606181487461274,0.9399357152869632,0.9340854126302531,0.020682433459164207,0.026532736115874256,0.1292563727767603,-0.21523295240238466,-0.2437125993132032,0.344489325179145,0.3729689720899635,0.2732611009503778,0.3406769588499773,0.8021120708392634,0.875,5.150354208581887,2.3010722277476097,0.434580013587337,28.187615550550703,0,0.3481743048431922,0.9171923138147879,6,0.1661229404314648,True,True
gaze_interaction_anticipation_926,gaze_interaction_anticipation,gaze,P01-20240203-130505,10.0,short,vision_block_early,window,True,8,1280,0.9953373050263411,0.9964636718337765,0.9963096166693087,-0.001126366807435386,-0.0009723116429676271,-0.4052992206326926,0.005878693765232323,-0.035267393089186125,-0.4111779143979249,-0.37003182754350644,0.08994601628545999,0.07237679224768295,1.24274665251332,0.125,1.5083852296865825,1.0893742293566484,0.9179581938436067,0.4394840336590511,0,0.28270907327819517,0.9556445401494194,6,0.19031390544632032,True,True
gaze_interaction_anticipation_926,gaze_interaction_anticipation,gaze,P01-20240203-130505,10.0,short,vision_block_middle,window,True,8,1280,0.9879518192326725,0.9860499985952558,0.9845779469544202,0.001901820637416729,0.0033738722782522546,-0.042322488739229114,-0.17318683088063627,-0.2576012806449427,0.13086434214140716,0.21527879190571358,0.15378783657501408,0.1643907648345596,0.9355016793661362,0.25,5.073940710731915,2.17721755763783,0.45930182608161074,5.770022366960313,0,0.28270907327819517,0.9556445401494194,6,0.19031390544632032,True,True
gaze_interaction_anticipation_926,gaze_interaction_anticipation,gaze,P01-20240203-130505,10.0,short,vision_block_late,window,True,8,1280,0.9999809223018687,0.9999794365413447,0.9999773956813536,1.4857605240559124e-06,3.5266205151707197e-06,-0.5482318966432015,0.04608435658998884,0.0348232386892721,-0.5943162532331904,-0.5830551353324736,0.006133154966716445,0.006317330734316858,0.9708459513446182,0.25,1.1000274714017217,1.0141914500543479,0.9860071290745083,12113.251652060266,0,0.28270907327819517,0.9556445401494194,6,0.19031390544632032,True,True
gaze_interaction_anticipation_926,gaze_interaction_anticipation,gaze,P01-20240203-130505,10.0,short,vision_merger_pre_reverse,window,True,8,3584,0.9639441688717928,0.9605487968901345,0.9567345000135226,0.0033953719816582906,0.007209668858270235,-0.053437138092820316,-0.16974934337797326,-0.27164545220755426,0.11631220528515294,0.21820831411473396,0.2647691763625994,0.27599557093713634,0.9593240045975449,0.25,4.944899369582867,2.1540551196108613,0.4642406737394232,18.961287995410288,0,0.28270907327819517,0.9556445401494194,6,0.19031390544632032,True,True
gaze_interaction_anticipation_926,gaze_interaction_anticipation,gaze,P01-20240203-130505,10.0,short,vision_final,canonical,False,8,3584,0.9639441688717928,0.9605487968901345,0.9567345000135226,0.0033953719816582906,0.007209668858270235,-0.053437138092820316,-0.16974934337797326,-0.27164545220755426,0.11631220528515294,0.21820831411473396,0.2647691763625994,0.27599557093713634,0.9593240045975449,0.25,4.944899369582867,2.1540551196108613,0.4642406737394232,18.961287995410288,0,0.28270907327819517,0.9556445401494194,6,0.19031390544632032,True,True
gaze_interaction_anticipation_930,gaze_interaction_anticipation,gaze,P05-20240427-145526,10.0,short,vision_block_early,window,True,8,1280,0.9945229117665267,0.9943232720772579,0.9924542408507777,0.0001996396892688379,0.002068670915749027,-0.04739967683658709,-0.10419916649297875,-0.17674210483845904,0.05679948965639166,0.12934242800187196,0.09198522625981054,0.09436939020701773,0.9747358339184234,0.25,2.4477233613520712,1.3708730801336455,0.7294621321927999,0.6439348211858225,0,0.25081257646394284,0.9643817413354286,6,0.17147739155375952,True,True
gaze_interaction_anticipation_930,gaze_interaction_anticipation,gaze,P05-20240427-145526,10.0,short,vision_block_middle,window,True,8,1280,0.9784965211297993,0.9682344272503574,0.9650735541764016,0.010262093879441991,0.01342296695339773,0.17699948557790804,-0.23977410251006384,-0.25930881746423473,0.4167735880879719,0.43630830304214274,0.2038573350902279,0.24621771844511783,0.8279555849091661,0.5,4.642243334613455,2.0149348030453513,0.49629397362565303,10.89320149055253,0,0.25081257646394284,0.9643817413354286,6,0.17147739155375952,True,True
gaze_interaction_anticipation_930,gaze_interaction_anticipation,gaze,P05-20240427-145526,10.0,short,vision_block_late,window,True,8,1280,0.9999631094275391,0.9999506020447438,0.9999438811482361,1.250738279523489e-05,1.9228279303007412e-05,-0.0806490764124524,-0.1465127933431711,-0.004513156444833211,0.0658637169307187,-0.07613591996761919,0.008339882474484434,0.009698752424479519,0.8598922943361957,0.625,1.127955970615935,1.0188781704109748,0.9814716116615196,17565.37143535563,0,0.25081257646394284,0.9643817413354286,6,0.17147739155375952,True,True
gaze_interaction_anticipation_930,gaze_interaction_anticipation,gaze,P05-20240427-145526,10.0,short,vision_merger_pre_reverse,window,True,8,3584,0.9474732102760932,0.9284722813933267,0.9218392928809505,0.0190009288827665,0.025633917395142758,0.15021937184618883,-0.22370840053069982,-0.22991283482099706,0.3739277723768887,0.3801322066671859,0.3178730318008864,0.36917067509074913,0.861046267347067,0.5,4.887908287715986,2.3065058789724437,0.43355623287875744,40.05654277389378,0,0.25081257646394284,0.9643817413354286,6,0.17147739155375952,True,True
gaze_interaction_anticipation_930,gaze_interaction_anticipation,gaze,P05-20240427-145526,10.0,short,vision_final,canonical,False,8,3584,0.9474732102760932,0.9284722813933267,0.9218392928809505,0.0190009288827665,0.025633917395142758,0.15021937184618883,-0.22370840053069982,-0.22991283482099706,0.3739277723768887,0.3801322066671859,0.3178730318008864,0.36917067509074913,0.861046267347067,0.5,4.887908287715986,2.3065058789724437,0.43355623287875744,40.05654277389378,0,0.25081257646394284,0.9643817413354286,6,0.17147739155375952,True,True
gaze_interaction_anticipation_967,gaze_interaction_anticipation,gaze,P03-20240217-210126,10.0,short,vision_block_early,window,True,8,1280,0.9910594513531742,0.9933845407666463,0.9956006438880274,-0.0023250894134720923,-0.004541192534853189,-0.07834372401621803,-0.12070160909518807,-0.11667427193297766,0.04235788507897004,0.03833054791675963,0.11558065103212847,0.10803601723831642,1.0698344310228445,0.25,2.9987172281369627,1.5858815115139548,0.6305641327802317,0.7589557464444061,0,0.3028901496534301,0.9295662708980682,5,0.1680709661050237,True,True
gaze_interaction_anticipation_967,gaze_interaction_anticipation,gaze,P03-20240217-210126,10.0,short,vision_block_middle,window,True,8,1280,0.9762984827223534,0.9489648047100631,0.944698601944533,0.027333678012290363,0.03159988077782039,0.3590048564612963,-0.30430673135420355,-0.3761838974054491,0.6633115878154998,0.7351887538667454,0.2155055216988584,0.3152267325708821,0.6836524299232766,1.0,4.4706811179437365,2.034398303797478,0.4915458286282315,21.622980018108105,0,0.3028901496534301,0.9295662708980682,5,0.1680709661050237,True,True
gaze_interaction_anticipation_967,gaze_interaction_anticipation,gaze,P03-20240217-210126,10.0,short,vision_block_late,window,True,8,1280,0.99996652324131,0.9999366669342523,0.9999386390430631,2.9856307057651854e-05,2.7884198246841407e-05,-0.06098985320235661,-0.1601084088908468,0.05720030502493678,0.09911855568849018,-0.1181901582272934,0.0080555090447048,0.011137559712138324,0.7232741509727183,1.0,1.1222034417183222,1.018368105153282,0.9819631967455251,26354.77892275103,0,0.3028901496534301,0.9295662708980682,5,0.1680709661050237,True,True
gaze_interaction_anticipation_967,gaze_interaction_anticipation,gaze,P03-20240217-210126,10.0,short,vision_merger_pre_reverse,window,True,8,3584,0.9455633084872618,0.8890941702611733,0.8893165863937766,0.056469138226088456,0.056246722093485135,0.32392193760285576,-0.29049252574017176,-0.25862833149940845,0.6144144633430275,0.5825502691022642,0.3244800968255039,0.46264737124416017,0.7013551075690883,0.875,4.212981281566094,1.8405928269683642,0.5433032147838464,53.919251041985454,0,0.3028901496534301,0.9295662708980682,5,0.1680709661050237,True,True
gaze_interaction_anticipation_967,gaze_interaction_anticipation,gaze,P03-20240217-210126,10.0,short,vision_final,canonical,False,8,3584,0.9455633084872618,0.8890941702611733,0.8893165863937766,0.056469138226088456,0.056246722093485135,0.32392193760285576,-0.29049252574017176,-0.25862833149940845,0.6144144633430275,0.5825502691022642,0.3244800968255039,0.46264737124416017,0.7013551075690883,0.875,4.212981281566094,1.8405928269683642,0.5433032147838464,53.919251041985454,0,0.3028901496534301,0.9295662708980682,5,0.1680709661050237,True,True
ingredient_ingredient_adding_localization_0,ingredient_ingredient_adding_localization,ingredient,P03-20240217-192543,,unbounded,vision_block_early,window,True,64,1280,0.9935655822829905,0.9932181672572097,0.9932842217506358,0.0003474150257808395,0.00028136053235472414,0.06106264677920713,-0.005658083179602477,-0.0323120089094069,0.06672072995880961,0.09337465568861403,0.10547814222856684,0.10959464231510893,0.9624388565026177,0.046875,7.094890524579387,2.7733692148297133,0.3605722579787851,0.8096951881664392,55,0.09743419095502426,0.8906574502296657,27,0.5617082761782619,False,False
ingredient_ingredient_adding_localization_0,ingredient_ingredient_adding_localization,ingredient,P03-20240217-192543,,unbounded,vision_block_middle,window,True,64,1280,0.9782688148785341,0.9655120862260347,0.9653481373834881,0.012756728652499438,0.012920677495045996,0.33942923389967605,-0.025700219039297395,-0.04370689074063082,0.3651294529389735,0.3831361246403069,0.2048032206448791,0.25911173076792066,0.7904050505081756,0.578125,26.517965290825767,6.539652604230087,0.15291332132125238,17.057868917656766,55,0.09743419095502426,0.8906574502296657,27,0.5617082761782619,False,False
ingredient_ingredient_adding_localization_0,ingredient_ingredient_adding_localization,ingredient,P03-20240217-192543,,unbounded,vision_block_late,window,True,64,1280,0.9999715419814746,0.999955118835574,0.9999538771069415,1.6423145900668068e-05,1.7664874533140917e-05,0.2623968658036142,-0.005521530272373555,0.03241077308187122,0.2679183960759878,0.22998609272174297,0.007402291816757109,0.00936174788911728,0.7906954881109356,0.625,1.0609000377430287,1.006261867090365,0.9937770998830838,76759.16194986406,55,0.09743419095502426,0.8906574502296657,27,0.5617082761782619,False,False
ingredient_ingredient_adding_localization_0,ingredient_ingredient_adding_localization,ingredient,P03-20240217-192543,,unbounded,vision_merger_pre_reverse,window,True,64,3584,0.9489709641718556,0.9191064721847404,0.9164681124482777,0.02986449198711516,0.03250285172357781,0.34385661812372864,-0.026920003894579627,-0.04746171201827418,0.37077662201830824,0.3913183301420028,0.3130581955406286,0.39844321111550224,0.7857034247469662,0.703125,27.669510660907157,5.941912237513662,0.16829598957833827,43.83253815080949,55,0.09743419095502426,0.8906574502296657,27,0.5617082761782619,False,False
ingredient_ingredient_adding_localization_0,ingredient_ingredient_adding_localization,ingredient,P03-20240217-192543,,unbounded,vision_final,canonical,False,64,3584,0.9489709641718556,0.9191064721847404,0.9164681124482777,0.02986449198711516,0.03250285172357781,0.34385661812372864,-0.026920003894579627,-0.04746171201827418,0.37077662201830824,0.3913183301420028,0.3130581955406286,0.39844321111550224,0.7857034247469662,0.703125,27.669510660907157,5.941912237513662,0.16829598957833827,43.83253815080949,55,0.09743419095502426,0.8906574502296657,27,0.5617082761782619,False,False
ingredient_ingredient_adding_localization_13,ingredient_ingredient_adding_localization,ingredient,P08-20240614-184945,,unbounded,vision_block_early,window,True,64,1280,0.9941999378921957,0.9931295588753335,0.9933316637752662,0.001070379016862244,0.0008682741169295793,0.12296928582889882,-0.01701081268620557,-0.010531161664049223,0.1399800985151044,0.13350044749294804,0.10249152614030908,0.11125667709221529,0.9212168547453453,0.078125,6.080446474039734,2.16154117998068,0.46263287013062515,0.8385038134502152,63,0.06419992224919449,0.9151627426382926,30,0.5057540357945124,False,True
ingredient_ingredient_adding_localization_13,ingredient_ingredient_adding_localization,ingredient,P08-20240614-184945,,unbounded,vision_block_middle,window,True,64,1280,0.9798426471779569,0.9665757801731415,0.9664127571656987,0.013266867004815386,0.013429890012258139,0.36209165956331435,-0.026307280801599688,-0.037390101603286645,0.388398940364914,0.399481761166601,0.19555513412827052,0.25398799902755004,0.7699384808612894,0.625,22.15308053565461,3.916552888749159,0.2553265660914828,16.83292068086524,63,0.06419992224919449,0.9151627426382926,30,0.5057540357945124,False,True
ingredient_ingredient_adding_localization_13,ingredient_ingredient_adding_localization,ingredient,P08-20240614-184945,,unbounded,vision_block_late,window,True,64,1280,0.9999754569997986,0.9999620960243614,0.9999621794464211,1.336097543724879e-05,1.3277553377544216e-05,0.1364649911978187,0.0038232261408718336,-0.008859819369343176,0.1326417650569469,0.1453248105671619,0.006905059438939923,0.008603790223350087,0.802560181000238,0.5625,1.07254845374731,1.007568043248555,0.9924888018240887,57251.25865569357,63,0.06419992224919449,0.9151627426382926,30,0.5057540357945124,False,True
ingredient_ingredient_adding_localization_13,ingredient_ingredient_adding_localization,ingredient,P08-20240614-184945,,unbounded,vision_merger_pre_reverse,window,True,64,3584,0.9533452364641812,0.9269798608641912,0.9256767895787883,0.026365375599990082,0.02766844688539294,0.3309602763793828,-0.02595879858595403,-0.055108124111003236,0.3569190749653368,0.38606840049038604,0.30139129265309045,0.37796388369990275,0.7974076509711978,0.578125,28.838394060753096,6.36030531123568,0.15722515682281296,38.14325527419308,63,0.06419992224919449,0.9151627426382926,30,0.5057540357945124,False,True
ingredient_ingredient_adding_localization_13,ingredient_ingredient_adding_localization,ingredient,P08-20240614-184945,,unbounded,vision_final,canonical,False,64,3584,0.9533452364641812,0.9269798608641912,0.9256767895787883,0.026365375599990082,0.02766844688539294,0.3309602763793828,-0.02595879858595403,-0.055108124111003236,0.3569190749653368,0.38606840049038604,0.30139129265309045,0.37796388369990275,0.7974076509711978,0.578125,28.838394060753096,6.36030531123568,0.15722515682281296,38.14325527419308,63,0.06419992224919449,0.9151627426382926,30,0.5057540357945124,False,True
ingredient_ingredient_adding_localization_16,ingredient_ingredient_adding_localization,ingredient,P09-20240623-120359,,unbounded,vision_block_early,window,True,64,1280,0.991751966850475,0.9910615316823388,0.9897191596005533,0.0006904351681361609,0.0020328072499216088,0.03162459270678414,-0.012364527297747221,-0.04057056190870688,0.04398912000453136,0.07219515461549102,0.12237440582179973,0.12691102396675366,0.9642535533702543,0.078125,6.928144768875064,2.7759943097363355,0.36023128595497017,1.053651233825193,48,0.053119688093286155,0.9512262944929133,35,0.47137581316915006,False,False
ingredient_ingredient_adding_localization_16,ingredient_ingredient_adding_localization,ingredient,P09-20240623-120359,,unbounded,vision_block_middle,window,True,64,1280,0.9771504225870211,0.9674805769495264,0.9658002663493019,0.009669845637494734,0.011350156237719178,0.26785424312608225,-0.02400906681523166,-0.02698495075448871,0.29186330994131393,0.29483919388057095,0.2108479937215993,0.2521462578817127,0.8362130594082133,0.34375,29.645040040824526,6.406818154932784,0.15608371828535086,14.112035578455624,48,0.053119688093286155,0.9512262944929133,35,0.47137581316915006,False,False
ingredient_ingredient_adding_localization_16,ingredient_ingredient_adding_localization,ingredient,P09-20240623-120359,,unbounded,vision_block_late,window,True,64,1280,0.9999757979172165,0.9999672723576003,0.9999652143030697,8.525559616168188e-06,1.0583614146741915e-05,0.016184406140748703,0.022706639617726336,0.006709419764887948,-0.006522233476977633,0.009474986375860755,0.006889699612374758,0.008012039358992818,0.8599183433418445,0.265625,1.1395419483597844,1.015309399252735,0.9849214443754756,24864.074561831323,48,0.053119688093286155,0.9512262944929133,35,0.47137581316915006,False,False
ingredient_ingredient_adding_localization_16,ingredient_ingredient_adding_localization,ingredient,P09-20240623-120359,,unbounded,vision_merger_pre_reverse,window,True,64,3584,0.9585499788191855,0.9433456371955267,0.9397782780000277,0.015204341623658801,0.0187717008191578,0.23354524556283393,-0.022851842595421175,-0.029089062289521114,0.2563970881582551,0.26263430785235503,0.28479858389241536,0.3331312516811437,0.8549140390016907,0.296875,31.484679261133305,9.001905660009609,0.11108758942480769,32.930503520888166,48,0.053119688093286155,0.9512262944929133,35,0.47137581316915006,False,False
ingredient_ingredient_adding_localization_16,ingredient_ingredient_adding_localization,ingredient,P09-20240623-120359,,unbounded,vision_final,canonical,False,64,3584,0.9585499788191855,0.9433456371955267,0.9397782780000277,0.015204341623658801,0.0187717008191578,0.23354524556283393,-0.022851842595421175,-0.029089062289521114,0.2563970881582551,0.26263430785235503,0.28479858389241536,0.3331312516811437,0.8549140390016907,0.296875,31.484679261133305,9.001905660009609,0.11108758942480769,32.930503520888166,48,0.053119688093286155,0.9512262944929133,35,0.47137581316915006,False,False
ingredient_ingredient_adding_localization_17,ingredient_ingredient_adding_localization,ingredient,P08-20240614-085000,,unbounded,vision_block_early,window,True,64,1280,0.9958744903150243,0.9907482311495852,0.9880943085151945,0.005126259165439073,0.007780181799829755,0.32132151913517865,-0.019688778314920982,-0.1501189341492245,0.34101029745009964,0.47144045328440315,0.08508309421606029,0.12517264135242068,0.6797259632519123,0.15625,3.6182181894559253,1.4592796385289717,0.685269617691679,1.1007950929896755,63,0.06740193531846964,0.9236136215743748,32,0.5306770446977502,False,True
ingredient_ingredient_adding_localization_17,ingredient_ingredient_adding_localization,ingredient,P08-20240614-085000,,unbounded,vision_block_middle,window,True,64,1280,0.98519758238027,0.9659033982193926,0.9568653231637242,0.01929418416087736,0.028332259216545808,0.49548982671988473,-0.028678010303935873,-0.15633199072801665,0.5241678370238206,0.6518218174479014,0.16828564385156525,0.25403345302729546,0.662454656448272,0.640625,17.50736860877607,3.208830774674626,0.3116399929508279,16.516834673281004,63,0.06740193531846964,0.9236136215743748,32,0.5306770446977502,False,True
ingredient_ingredient_adding_localization_17,ingredient_ingredient_adding_localization,ingredient,P08-20240614-085000,,unbounded,vision_block_late,window,True,64,1280,0.9999795542190991,0.9999615306121072,0.9999535065001112,1.8023606991879326e-05,2.6047718987953772e-05,0.47356529924415386,-0.02635967434390048,-0.20944445657630006,0.4999249735880543,0.683009755820454,0.006279879212356325,0.008596962485069675,0.7304765169398583,0.5,1.0744421565034619,1.0079596683646934,0.9921031876428081,54016.62923932221,63,0.06740193531846964,0.9236136215743748,32,0.5306770446977502,False,True
ingredient_ingredient_adding_localization_17,ingredient_ingredient_adding_localization,ingredient,P08-20240614-085000,,unbounded,vision_merger_pre_reverse,window,True,64,3584,0.9621630777155373,0.9288193640729625,0.9129384080511234,0.033343713642574824,0.04922466966441397,0.4194507847476235,-0.026818823703094366,-0.12386809312531111,0.44626960845071784,0.5433188778729345,0.2703532900583816,0.37019033153056835,0.7303088898637464,0.625,23.940735944846384,4.909629572508841,0.2036813542103943,37.95330341702004,63,0.06740193531846964,0.9236136215743748,32,0.5306770446977502,False,True
ingredient_ingredient_adding_localization_17,ingredient_ingredient_adding_localization,ingredient,P08-20240614-085000,,unbounded,vision_final,canonical,False,64,3584,0.9621630777155373,0.9288193640729625,0.9129384080511234,0.033343713642574824,0.04922466966441397,0.4194507847476235,-0.026818823703094366,-0.12386809312531111,0.44626960845071784,0.5433188778729345,0.2703532900583816,0.37019033153056835,0.7303088898637464,0.625,23.940735944846384,4.909629572508841,0.2036813542103943,37.95330341702004,63,0.06740193531846964,0.9236136215743748,32,0.5306770446977502,False,True
ingredient_ingredient_adding_localization_23,ingredient_ingredient_adding_localization,ingredient,P08-20240622-141902,,unbounded,vision_block_early,window,True,64,1280,0.995141009847967,0.9930967219364526,0.9910185450376024,0.002044287911514453,0.004122464810364601,0.18485960960370368,-0.012402895432172658,-0.1322280487811621,0.19726250503587633,0.31708765838486574,0.09318215664663292,0.11034498231133273,0.8444621105083349,0.078125,5.37338704163906,2.136173217992277,0.46812683146541323,0.8020674920142603,61,0.04428696370552514,0.9422791832662679,33,0.577732407975576,False,False
ingredient_ingredient_adding_localization_23,ingredient_ingredient_adding_localization,ingredient,P08-20240622-141902,,unbounded,vision_block_middle,window,True,64,1280,0.9848940766878035,0.9726478332572009,0.966806535841013,0.012246243430602544,0.01808754084679054,0.3847635636792593,-0.024993508902500544,-0.1193712390476215,0.40975707258175986,0.5041348027268808,0.1699038917710074,0.22794902262189476,0.7453591588889223,0.546875,23.17179849774136,4.898092936154382,0.20416109147678316,13.97652957292205,61,0.04428696370552514,0.9422791832662679,33,0.577732407975576,False,False
ingredient_ingredient_adding_localization_23,ingredient_ingredient_adding_localization,ingredient,P08-20240622-141902,,unbounded,vision_block_late,window,True,64,1280,0.9999814316737735,0.9999676785036032,0.999961294837503,1.3753170170272e-05,2.0136836270556735e-05,0.30300293580316834,-0.022963558264491025,-0.011532579707904219,0.3259664940676594,0.31453551551107256,0.0059884889404655745,0.007908684771157101,0.7572041513534005,0.515625,1.06681823086444,1.0070329360075767,0.9930161807463229,56836.11594216995,61,0.04428696370552514,0.9422791832662679,33,0.577732407975576,False,False
ingredient_ingredient_adding_localization_23,ingredient_ingredient_adding_localization,ingredient,P08-20240622-141902,,unbounded,vision_merger_pre_reverse,window,True,64,3584,0.962115144819432,0.9312252920762524,0.9156393409959948,0.03088985274317968,0.0464758038234373,0.4121759828588343,-0.02682139159788282,-0.1452741966526675,0.4389973744567171,0.5574501795115018,0.2702244360917836,0.3644246830114098,0.7415096964859625,0.515625,24.64657380591119,5.141622310228263,0.19449114300182907,35.78993269018372,61,0.04428696370552514,0.9422791832662679,33,0.577732407975576,False,False
ingredient_ingredient_adding_localization_23,ingredient_ingredient_adding_localization,ingredient,P08-20240622-141902,,unbounded,vision_final,canonical,False,64,3584,0.962115144819432,0.9312252920762524,0.9156393409959948,0.03088985274317968,0.0464758038234373,0.4121759828588343,-0.02682139159788282,-0.1452741966526675,0.4389973744567171,0.5574501795115018,0.2702244360917836,0.3644246830114098,0.7415096964859625,0.515625,24.64657380591119,5.141622310228263,0.19449114300182907,35.78993269018372,61,0.04428696370552514,0.9422791832662679,33,0.577732407975576,False,False
ingredient_ingredient_adding_localization_74,ingredient_ingredient_adding_localization,ingredient,P08-20240617-130401,,unbounded,vision_block_early,window,True,64,1280,0.9958866228888025,0.9930224448559,0.9919184016282744,0.002864178032902509,0.003968221260528093,0.2655092972437857,-0.01674646867650956,-0.02218739102812336,0.2822557659202953,0.28769668827190903,0.08607302535475278,0.11071948738678968,0.7773972530604621,0.078125,4.895317203577556,1.7872834529989101,0.5595083411767086,0.8229023983603239,63,0.06454974279680531,0.9173863325751151,30,0.5559009521190171,False,True
ingredient_ingredient_adding_localization_74,ingredient_ingredient_adding_localization,ingredient,P08-20240617-130401,,unbounded,vision_block_middle,window,True,64,1280,0.980444916144339,0.9669138782976814,0.9627123543052462,0.013531037846657656,0.017732561839092886,0.3425992259892061,-0.02278125152885854,-0.03284305196902859,0.36538047751806463,0.3754422779582347,0.19198381527689323,0.2509632279448289,0.7649878304844663,0.53125,20.696365878027276,3.7967143758711783,0.26338562794061754,15.98883617801198,63,0.06454974279680531,0.9173863325751151,30,0.5559009521190171,False,True
ingredient_ingredient_adding_localization_74,ingredient_ingredient_adding_localization,ingredient,P08-20240617-130401,,unbounded,vision_block_late,window,True,64,1280,0.9999757218667045,0.9999631450118331,0.9999596401413476,1.257685487132676e-05,1.6081725356831278e-05,0.29396507796126176,-0.021522354397828097,0.08072856599996316,0.3154874323590898,0.2132365119612986,0.006849745842865668,0.008481843249494516,0.8075775089658589,0.390625,1.0739280505695983,1.0077907905430503,0.9922694366567368,54164.934339610365,63,0.06454974279680531,0.9173863325751151,30,0.5559009521190171,False,True
ingredient_ingredient_adding_localization_74,ingredient_ingredient_adding_localization,ingredient,P08-20240617-130401,,unbounded,vision_merger_pre_reverse,window,True,64,3584,0.9553210879285804,0.9296956945193499,0.9226143586568086,0.025625393409230535,0.03270672927177176,0.32198574916427647,-0.02358248859991634,-0.06216574994616332,0.3455682377641928,0.3841514991104398,0.29344191884730236,0.36993936301972913,0.7932162623950155,0.5625,27.052829645163396,4.777991740749462,0.2092929528260639,37.62957605930607,63,0.06454974279680531,0.9173863325751151,30,0.5559009521190171,False,True
ingredient_ingredient_adding_localization_74,ingredient_ingredient_adding_localization,ingredient,P08-20240617-130401,,unbounded,vision_final,canonical,False,64,3584,0.9553210879285804,0.9296956945193499,0.9226143586568086,0.025625393409230535,0.03270672927177176,0.32198574916427647,-0.02358248859991634,-0.06216574994616332,0.3455682377641928,0.3841514991104398,0.29344191884730236,0.36993936301972913,0.7932162623950155,0.5625,27.052829645163396,4.777991740749462,0.2092929528260639,37.62957605930607,63,0.06454974279680531,0.9173863325751151,30,0.5559009521190171,False,True
ingredient_ingredient_adding_localization_91,ingredient_ingredient_adding_localization,ingredient,P08-20240617-184909,,unbounded,vision_block_early,window,True,64,1280,0.9942088967246682,0.9923283867426934,0.9918928361137823,0.001880509981974754,0.0023160606108858506,0.16167532799638187,-0.015116675204622539,-0.04043683733231858,0.1767920032010044,0.20211216532870047,0.10174381152043638,0.11700912168981124,0.8695374347835643,0.09375,5.669738752082447,2.0128721305837227,0.49680254637437155,0.9369426374394136,58,0.05133717707812562,0.9310285441901378,33,0.49944177170260495,False,False
ingredient_ingredient_adding_localization_91,ingredient_ingredient_adding_localization,ingredient,P08-20240617-184909,,unbounded,vision_block_middle,window,True,64,1280,0.9808125227546168,0.9688040293011225,0.9680175032732915,0.012008493453494307,0.012795019481325332,0.3504415273515684,-0.025820511902042667,-0.048843588075600276,0.37626203925361107,0.3992851154271687,0.19188076645402438,0.24589605128449527,0.7803328498025508,0.609375,25.34762978426362,5.464316553932071,0.18300550309085029,15.621881368624496,58,0.05133717707812562,0.9310285441901378,33,0.49944177170260495,False,False
ingredient_ingredient_adding_localization_91,ingredient_ingredient_adding_localization,ingredient,P08-20240617-184909,,unbounded,vision_block_late,window,True,64,1280,0.9999766181492874,0.9999620289663465,0.9999607147186893,1.4589182940949463e-05,1.5903430598096513e-05,0.343038079662737,-0.02470711509059171,-0.047667486554118524,0.36774519475332873,0.39070556621685554,0.006756966288108526,0.008623458608488972,0.7835564122099384,0.515625,1.0735267987563235,1.0076734465572175,0.9923849868393037,55163.90060263851,58,0.05133717707812562,0.9310285441901378,33,0.49944177170260495,False,False
ingredient_ingredient_adding_localization_91,ingredient_ingredient_adding_localization,ingredient,P08-20240617-184909,,unbounded,vision_merger_pre_reverse,window,True,64,3584,0.955303575757773,0.929376834250803,0.9244936795494567,0.025926741506970052,0.030809896208316312,0.3389070058110716,-0.02581258546395329,-0.0688947846873642,0.36471959127502485,0.4078017904984358,0.29472210336856797,0.3711300165522525,0.7941209016357565,0.5,28.68219091040192,6.433267378548263,0.15544200810532158,37.17354613012799,58,0.05133717707812562,0.9310285441901378,33,0.49944177170260495,False,False
ingredient_ingredient_adding_localization_91,ingredient_ingredient_adding_localization,ingredient,P08-20240617-184909,,unbounded,vision_final,canonical,False,64,3584,0.955303575757773,0.929376834250803,0.9244936795494567,0.025926741506970052,0.030809896208316312,0.3389070058110716,-0.02581258546395329,-0.0688947846873642,0.36471959127502485,0.4078017904984358,0.29472210336856797,0.3711300165522525,0.7941209016357565,0.5,28.68219091040192,6.433267378548263,0.15544200810532158,37.17354613012799,58,0.05133717707812562,0.9310285441901378,33,0.49944177170260495,False,False
ingredient_ingredient_adding_localization_94,ingredient_ingredient_adding_localization,ingredient,P08-20240613-123547,,unbounded,vision_block_early,window,True,64,1280,0.9951120047513453,0.9949182253651784,0.9939029051481417,0.0001937793861669368,0.0012090996032035894,-0.04225299424023825,-0.008856480095386315,-0.07094433826099789,-0.03339651414485193,0.028691344020759638,0.09295661264434069,0.09377333049118161,0.9912905103981805,0.0,6.165808942844397,2.6219580775944014,0.38139435124663845,0.6150533214850109,63,0.05074953102854096,0.936256329335458,33,0.5368795004918216,False,True
ingredient_ingredient_adding_localization_94,ingredient_ingredient_adding_localization,ingredient,P08-20240613-123547,,unbounded,vision_block_middle,window,True,64,1280,0.9862348468033856,0.9793919102275325,0.977015148279668,0.006842936575853109,0.009219698523717623,0.28159129082070933,-0.023389672091373288,-0.05957618372587746,0.3049809629120826,0.3411674745465868,0.16233839674574174,0.1990019128599675,0.8157629965093606,0.390625,24.72556844007023,4.902815092125504,0.20396445332113733,10.634153396818414,63,0.05074953102854096,0.936256329335458,33,0.5368795004918216,False,True
ingredient_ingredient_adding_localization_94,ingredient_ingredient_adding_localization,ingredient,P08-20240613-123547,,unbounded,vision_block_late,window,True,64,1280,0.9999805746270457,0.9999725884929413,0.9999697173810759,7.986134104354115e-06,1.0857245969830842e-05,0.08627638579378327,0.007669285305686946,-0.05926168453986082,0.07860710048809633,0.14553807033364408,0.006130018294675796,0.007316737597768323,0.8378075901677152,0.53125,1.0636592066628778,1.0064999305733016,0.9935420456814148,46200.39034173342,63,0.05074953102854096,0.936256329335458,33,0.5368795004918216,False,True
ingredient_ingredient_adding_localization_94,ingredient_ingredient_adding_localization,ingredient,P08-20240613-123547,,unbounded,vision_merger_pre_reverse,window,True,64,3584,0.9665446814125158,0.9510532092313175,0.9457262981509288,0.015491472181198285,0.020818383261587026,0.2876170564556066,-0.024162966575376348,-0.05850284521303585,0.31178002303098296,0.3461199016686424,0.25488481739082663,0.30896915465642605,0.8249523085055489,0.46875,32.85421808712536,7.66916486530078,0.13039229401945848,25.815408611882873,63,0.05074953102854096,0.936256329335458,33,0.5368795004918216,False,True
ingredient_ingredient_adding_localization_94,ingredient_ingredient_adding_localization,ingredient,P08-20240613-123547,,unbounded,vision_final,canonical,False,64,3584,0.9665446814125158,0.9510532092313175,0.9457262981509288,0.015491472181198285,0.020818383261587026,0.2876170564556066,-0.024162966575376348,-0.05850284521303585,0.31178002303098296,0.3461199016686424,0.25488481739082663,0.30896915465642605,0.8249523085055489,0.46875,32.85421808712536,7.66916486530078,0.13039229401945848,25.815408611882873,63,0.05074953102854096,0.936256329335458,33,0.5368795004918216,False,True
ingredient_ingredient_weight_14,ingredient_ingredient_weight,ingredient,P06-20240510-115307,12.975000000000023,short,vision_block_early,window,True,10,1280,0.9950220651967828,0.9949866756147346,0.9954918893820489,3.538958204818421e-05,-0.0004698241852660878,-0.0426444021903356,-0.11858702600873071,-0.09721047109890327,0.07594262381839512,0.05456606890856767,0.09648411136748379,0.09594600655500284,1.0056084128126008,0.2,3.925569804905994,2.1512445926019015,0.4648471881993267,0.5548248404955921,0,0.14838328869367726,0.9800672812623706,7,0.21175668755157684,True,True
ingredient_ingredient_weight_14,ingredient_ingredient_weight,ingredient,P06-20240510-115307,12.975000000000023,short,vision_block_middle,window,True,10,1280,0.9862923965618852,0.977480718493776,0.9800072855677018,0.008811678068109119,0.006285110994183385,0.2657454299875517,-0.2028063602011068,-0.12475612115284107,0.46855179018865845,0.39050155114039276,0.16323073819737313,0.2097602010160814,0.7781778307166045,0.7,6.1158223385185,2.362057793874168,0.42335966655575924,9.116648579478365,0,0.14838328869367726,0.9800672812623706,7,0.21175668755157684,True,True
ingredient_ingredient_weight_14,ingredient_ingredient_weight,ingredient,P06-20240510-115307,12.975000000000023,short,vision_block_late,window,True,10,1280,0.9999797661497712,0.9999719231817408,0.9999756625295956,7.842968030469244e-06,4.103620175666123e-06,0.11553510200555771,-0.11351867036225674,0.05853109009467331,0.22905377236781443,0.057004011910884396,0.00626404881302371,0.007414527255201712,0.8448345521461431,0.5,1.0995756039591116,1.013511839067554,0.9866682967611065,17405.748305740843,0,0.14838328869367726,0.9800672812623706,7,0.21175668755157684,True,True
ingredient_ingredient_weight_14,ingredient_ingredient_weight,ingredient,P06-20240510-115307,12.975000000000023,short,vision_merger_pre_reverse,window,True,10,3584,0.9683642788612925,0.9548513591228983,0.9605765994193562,0.013512919738394191,0.007787679441936257,0.16900778784256745,-0.17940059735576816,-0.08640862369410078,0.3484083851983356,0.2554164115366682,0.24781122494694713,0.297671381868293,0.8324993265781697,0.7,6.675926964630635,2.6620422841497215,0.37565143347052743,22.217969364506573,0,0.14838328869367726,0.9800672812623706,7,0.21175668755157684,True,True
ingredient_ingredient_weight_14,ingredient_ingredient_weight,ingredient,P06-20240510-115307,12.975000000000023,short,vision_final,canonical,False,10,3584,0.9683642788612925,0.9548513591228983,0.9605765994193562,0.013512919738394191,0.007787679441936257,0.16900778784256745,-0.17940059735576816,-0.08640862369410078,0.3484083851983356,0.2554164115366682,0.24781122494694713,0.297671381868293,0.8324993265781697,0.7,6.675926964630635,2.6620422841497215,0.37565143347052743,22.217969364506573,0,0.14838328869367726,0.9800672812623706,7,0.21175668755157684,True,True
ingredient_ingredient_weight_2,ingredient_ingredient_weight,ingredient,P07-20240531-201703,18.000999999999976,medium,vision_block_early,window,True,14,1280,0.9945658561407333,0.9915093162162255,0.9909585815642257,0.0030565399245078284,0.0036072745765076686,0.42021860500128727,-0.1082293757963485,-0.17072578634584135,0.5284479807976358,0.5909443913471286,0.08964993762049935,0.11872683280640785,0.7550941560673117,0.5,3.097618463216302,1.5956550211011784,0.626701879025135,0.8796848377931986,0,0.17901821426595543,0.973834854232739,11,0.2569142161137208,True,True
ingredient_ingredient_weight_2,ingredient_ingredient_weight,ingredient,P07-20240531-201703,18.000999999999976,medium,vision_block_middle,window,True,14,1280,0.9812396678712468,0.9648868796795911,0.9619654621774378,0.016352788191655754,0.019274205693809,0.3677155994894922,-0.14548217771012534,-0.1828532401850061,0.5131977771996175,0.5505688396744983,0.18985860288036935,0.259978903711555,0.7302846506769499,0.7142857142857143,7.190727190752418,2.3895195971110845,0.41849416142432744,13.96035467321209,0,0.17901821426595543,0.973834854232739,11,0.2569142161137208,True,True
ingredient_ingredient_weight_2,ingredient_ingredient_weight,ingredient,P07-20240531-201703,18.000999999999976,medium,vision_block_late,window,True,14,1280,0.9999795153508185,0.9999686071384997,0.9999659734289055,1.0908212318860855e-05,1.3541921913051702e-05,0.062456548854483485,-0.09022821532952296,-0.1304144938203962,0.15268476418400645,0.19287104267487967,0.006305860848131772,0.007797217356652543,0.8087322130056623,0.5714285714285714,1.0718772418332752,1.0090511534046762,0.991030035123456,37649.25312150541,0,0.17901821426595543,0.973834854232739,11,0.2569142161137208,True,True
ingredient_ingredient_weight_2,ingredient_ingredient_weight,ingredient,P07-20240531-201703,18.000999999999976,medium,vision_merger_pre_reverse,window,True,14,3584,0.9582665604388643,0.9371795015739239,0.9325378899239494,0.021087058864940333,0.025728670514914898,0.23930880278860894,-0.12178255222377851,-0.14381259078198075,0.3610913550123874,0.3831213935705897,0.28243024426954283,0.3469017078553317,0.8141506307813412,0.42857142857142855,7.442373153589641,2.676061070517559,0.3736835496831904,33.69403071153169,0,0.17901821426595543,0.973834854232739,11,0.2569142161137208,True,True
ingredient_ingredient_weight_2,ingredient_ingredient_weight,ingredient,P07-20240531-201703,18.000999999999976,medium,vision_final,canonical,False,14,3584,0.9582665604388643,0.9371795015739239,0.9325378899239494,0.021087058864940333,0.025728670514914898,0.23930880278860894,-0.12178255222377851,-0.14381259078198075,0.3610913550123874,0.3831213935705897,0.28243024426954283,0.3469017078553317,0.8141506307813412,0.42857142857142855,7.442373153589641,2.676061070517559,0.3736835496831904,33.69403071153169,0,0.17901821426595543,0.973834854232739,11,0.2569142161137208,True,True
ingredient_ingredient_weight_38,ingredient_ingredient_weight,ingredient,P06-20240511-102207,166.99,long,vision_block_early,window,True,64,1280,0.9933580467414703,0.992600954758325,0.9935303028053547,0.0007570919831453304,-0.00017225606388437953,0.11981507508516424,-0.014236707118077854,-0.025786280817886295,0.1340517822032421,0.14560135590305054,0.10357394975630026,0.11185694671390833,0.9259500889221199,0.078125,3.816778334252413,1.6172937034331945,0.6183168820092466,0.9556332906676714,7,0.0594839400435669,0.9378346571261009,34,0.509342272830745,False,False
ingredient_ingredient_weight_38,ingredient_ingredient_weight,ingredient,P06-20240511-102207,166.99,long,vision_block_middle,window,True,64,1280,0.9852941376276801,0.9766781440853162,0.9770261180367034,0.008615993542363976,0.008268019590976783,0.3414987109245017,-0.025842401819338435,-0.06547166788656877,0.3673411127438401,0.40697037881107045,0.1676106282441148,0.2127519803837725,0.7878217064855072,0.46875,25.212062721361583,5.4098715140410505,0.18484727361907766,11.405047174433221,7,0.0594839400435669,0.9378346571261009,34,0.509342272830745,False,False
ingredient_ingredient_weight_38,ingredient_ingredient_weight,ingredient,P06-20240511-102207,166.99,long,vision_block_late,window,True,64,1280,0.9999798902009899,0.9999684110790331,0.9999685249014486,1.1479121956758931e-05,1.1365299541266083e-05,0.24868091497154557,-0.013014355038995132,0.03385135497132837,0.2616952700105407,0.2148295600002172,0.006256774417679134,0.007840475059857192,0.7980096065496695,0.328125,1.100701861306622,1.0110430585879928,0.9890775585726137,30214.457651935183,7,0.0594839400435669,0.9378346571261009,34,0.509342272830745,False,False
ingredient_ingredient_weight_38,ingredient_ingredient_weight,ingredient,P06-20240511-102207,166.99,long,vision_merger_pre_reverse,window,True,64,3584,0.9671162449184666,0.9471195738048906,0.9458849101841633,0.019996671113575948,0.021231334734303275,0.3422850808852911,-0.026637860120282818,-0.0837680044464463,0.3689229410055739,0.42605308533173736,0.2530926465904627,0.32108549576363926,0.7882406708796708,0.328125,26.208829612915103,5.22559664964755,0.19136570750584944,29.331695566477173,7,0.0594839400435669,0.9378346571261009,34,0.509342272830745,False,False
ingredient_ingredient_weight_38,ingredient_ingredient_weight,ingredient,P06-20240511-102207,166.99,long,vision_final,canonical,False,64,3584,0.9671162449184666,0.9471195738048906,0.9458849101841633,0.019996671113575948,0.021231334734303275,0.3422850808852911,-0.026637860120282818,-0.0837680044464463,0.3689229410055739,0.42605308533173736,0.2530926465904627,0.32108549576363926,0.7882406708796708,0.328125,26.208829612915103,5.22559664964755,0.19136570750584944,29.331695566477173,7,0.0594839400435669,0.9378346571261009,34,0.509342272830745,False,False
ingredient_ingredient_weight_42,ingredient_ingredient_weight,ingredient,P07-20240529-134410,64.952,medium,vision_block_early,window,True,50,1280,0.9966596733740729,0.9960152363389914,0.9942117461083017,0.0006444370350815465,0.0024479272657712547,0.04308044498236202,-0.011491160326982757,-0.021445474154468357,0.05457160530934478,0.06452591913683038,0.06618161267523164,0.07336257584316444,0.902116807031362,0.06,3.8844754962443755,1.9353840325940597,0.5166933193406926,0.4424071577925821,18,0.06411769875608654,0.9363437041973494,30,0.5043826914042505,False,False
ingredient_ingredient_weight_42,ingredient_ingredient_weight,ingredient,P07-20240529-134410,64.952,medium,vision_block_middle,window,True,50,1280,0.9796367826625343,0.9684851085574583,0.9647546243499184,0.011151674105076004,0.014882158312615856,0.28647799169619936,-0.02956531886589685,-0.0963638365542006,0.3160433105620962,0.3828418282504,0.19783684896983716,0.246060425444691,0.8040173409124929,0.32,18.694060116780474,4.247945362368066,0.23540792423058343,12.062750109835228,18,0.06411769875608654,0.9363437041973494,30,0.5043826914042505,False,False
ingredient_ingredient_weight_42,ingredient_ingredient_weight,ingredient,P07-20240529-134410,64.952,medium,vision_block_late,window,True,50,1280,0.9999819042564219,0.9999743473105228,0.9999720474383593,7.556945899045431e-06,9.85681806253691e-06,0.19405889022890102,-0.006253226868614094,-0.02652295321847461,0.20031211709751512,0.22058184344737564,0.005899214013026112,0.007043848240781882,0.8374987381004799,0.3,1.0996485625259753,1.0111237465066483,0.9889986299450687,28271.24392190762,18,0.06411769875608654,0.9363437041973494,30,0.5043826914042505,False,False
ingredient_ingredient_weight_42,ingredient_ingredient_weight,ingredient,P07-20240529-134410,64.952,medium,vision_merger_pre_reverse,window,True,50,3584,0.9669238752818823,0.9514697398751082,0.9465593413184773,0.015454135406774094,0.020364533963404985,0.2554805662569084,-0.02893399048182636,-0.08251581142098965,0.2844145567387348,0.33799637767789803,0.25262745731215935,0.30574697694964925,0.8262631403016695,0.32,21.858015404496104,5.714833774196151,0.17498321727488217,28.502881013363634,18,0.06411769875608654,0.9363437041973494,30,0.5043826914042505,False,False
ingredient_ingredient_weight_42,ingredient_ingredient_weight,ingredient,P07-20240529-134410,64.952,medium,vision_final,canonical,False,50,3584,0.9669238752818823,0.9514697398751082,0.9465593413184773,0.015454135406774094,0.020364533963404985,0.2554805662569084,-0.02893399048182636,-0.08251581142098965,0.2844145567387348,0.33799637767789803,0.25262745731215935,0.30574697694964925,0.8262631403016695,0.32,21.858015404496104,5.714833774196151,0.17498321727488217,28.502881013363634,18,0.06411769875608654,0.9363437041973494,30,0.5043826914042505,False,False
ingredient_ingredient_weight_5,ingredient_ingredient_weight,ingredient,P08-20240618-163547,20.99000000000001,medium,vision_block_early,window,True,16,1280,0.9943923779378339,0.992071579372072,0.9921816744583103,0.002320798565761839,0.002210703479523568,0.27260743458574976,-0.11026893331153123,-0.22944353464633283,0.38287636789728097,0.5020509692320826,0.09599416117243689,0.1150072000865085,0.8346795774545421,0.1875,2.4632272603067467,1.303507354511669,0.7671609957080975,0.8317286454878826,15,0.18923848219121595,0.9145372956343307,9,0.31038194749282166,False,True
ingredient_ingredient_weight_5,ingredient_ingredient_weight,ingredient,P08-20240618-163547,20.99000000000001,medium,vision_block_middle,window,True,16,1280,0.9867914193184423,0.9779138499515254,0.9758078832381103,0.00887756936691686,0.01098353608033198,0.2986504811955126,-0.1135930162599724,-0.24775583008527607,0.41224349745548494,0.5464063112807886,0.15823397582727503,0.20571075205833922,0.7692061510834404,0.5,7.128571436987971,2.310425796431485,0.4328206521691919,10.606886078342693,15,0.18923848219121595,0.9145372956343307,9,0.31038194749282166,False,True
ingredient_ingredient_weight_5,ingredient_ingredient_weight,ingredient,P08-20240618-163547,20.99000000000001,medium,vision_block_late,window,True,16,1280,0.9999831953180321,0.999971032304137,0.9999649713583644,1.216301389517227e-05,1.822395966777357e-05,0.6008788663995344,-0.08956335813284745,-0.5069693245979016,0.6904422245323818,1.1078481909974358,0.005650444502649841,0.007461675376740976,0.7572621720134087,0.5625,1.0150996420811005,1.0015337701130786,0.998468578735088,157997.57191812168,15,0.18923848219121595,0.9145372956343307,9,0.31038194749282166,False,True
ingredient_ingredient_weight_5,ingredient_ingredient_weight,ingredient,P08-20240618-163547,20.99000000000001,medium,vision_merger_pre_reverse,window,True,16,3584,0.9670004715942749,0.9433229026481709,0.9332714939359963,0.023677568946104066,0.03372897765827865,0.3176097331792396,-0.1155693708302823,-0.25673620070061876,0.43317910400952186,0.5743459338798583,0.2526971497298643,0.3305802070838023,0.7644049592654693,0.5625,9.037643229860059,3.7638161278465803,0.2656877929294961,26.311170843883556,15,0.18923848219121595,0.9145372956343307,9,0.31038194749282166,False,True
ingredient_ingredient_weight_5,ingredient_ingredient_weight,ingredient,P08-20240618-163547,20.99000000000001,medium,vision_final,canonical,False,16,3584,0.9670004715942749,0.9433229026481709,0.9332714939359963,0.023677568946104066,0.03372897765827865,0.3176097331792396,-0.1155693708302823,-0.25673620070061876,0.43317910400952186,0.5743459338798583,0.2526971497298643,0.3305802070838023,0.7644049592654693,0.5625,9.037643229860059,3.7638161278465803,0.2656877929294961,26.311170843883556,15,0.18923848219121595,0.9145372956343307,9,0.31038194749282166,False,True
object_motion_object_movement_itinerary_207,object_motion_object_movement_itinerary,object_motion,P04-20240414-170520,,unbounded,vision_block_early,window,True,64,1280,0.9965115703778836,0.9952262430668741,0.9950352318027618,0.0012853273110094987,0.0014763385751218605,0.21704156135498012,-0.020390341807436384,-0.09096651773867416,0.2374319031624165,0.3080080790936543,0.07660827042978417,0.09074651381853105,0.844200699356676,0.140625,5.395918285087792,1.9494512916298736,0.5129648554409031,0.56857283523679,63,0.05509802199923643,0.8940878121543155,26,0.5546493640270951,False,True
object_motion_object_movement_itinerary_207,object_motion_object_movement_itinerary,object_motion,P04-20240414-170520,,unbounded,vision_block_middle,window,True,64,1280,0.9812733721718674,0.9658744200887641,0.9619567109310145,0.015398952083103268,0.01931666124085285,0.42062357008395806,-0.029185259970006643,-0.14290037682631798,0.4498088300539647,0.5635239469102761,0.1902799048326512,0.2580332614256847,0.7374239420969109,0.65625,25.576953617717074,5.55614816037179,0.17998080165182004,14.011135068594509,63,0.05509802199923643,0.8940878121543155,26,0.5546493640270951,False,True
object_motion_object_movement_itinerary_207,object_motion_object_movement_itinerary,object_motion,P04-20240414-170520,,unbounded,vision_block_late,window,True,64,1280,0.9999801896524074,0.9999662179897574,0.9999609841728497,1.3971662650047456e-05,1.9205479557693472e-05,0.4934171894194893,-0.030935952747978623,-0.16903632414512357,0.524353142167468,0.6624535135646129,0.006178440272574566,0.008110448074840348,0.7617877847884731,0.65625,1.0850368831883617,1.0091145811921287,0.9909677440381833,45780.710186978584,63,0.05509802199923643,0.8940878121543155,26,0.5546493640270951,False,True
object_motion_object_movement_itinerary_207,object_motion_object_movement_itinerary,object_motion,P04-20240414-170520,,unbounded,vision_merger_pre_reverse,window,True,64,3584,0.9603130573029156,0.932241869985091,0.9223557282433024,0.028071187317824653,0.03795732905961324,0.39053535426018116,-0.02725174687431439,-0.17746098280987266,0.4177871011344955,0.5679963370700538,0.27700381049551964,0.3633614941667902,0.7623367223615867,0.578125,26.460158951618475,4.578758001317728,0.21839983674878832,35.1798573679978,63,0.05509802199923643,0.8940878121543155,26,0.5546493640270951,False,True
object_motion_object_movement_itinerary_207,object_motion_object_movement_itinerary,object_motion,P04-20240414-170520,,unbounded,vision_final,canonical,False,64,3584,0.9603130573029156,0.932241869985091,0.9223557282433024,0.028071187317824653,0.03795732905961324,0.39053535426018116,-0.02725174687431439,-0.17746098280987266,0.4177871011344955,0.5679963370700538,0.27700381049551964,0.3633614941667902,0.7623367223615867,0.578125,26.460158951618475,4.578758001317728,0.21839983674878832,35.1798573679978,63,0.05509802199923643,0.8940878121543155,26,0.5546493640270951,False,True
object_motion_object_movement_itinerary_282,object_motion_object_movement_itinerary,object_motion,P07-20240530-102543,,unbounded,vision_block_early,window,True,64,1280,0.9943394164383323,0.9895987096296434,0.9871183702381313,0.004740706808688988,0.007221046200201031,0.33833505618094517,-0.017306194068853583,-0.1482087172441541,0.35564125024979876,0.48654377342509925,0.09606975019982596,0.1350964288269469,0.7111198351726045,0.15625,4.801830021673381,1.839489276793872,0.5436291543612283,1.2040631351671225,59,0.0661107917905378,0.89454604458463,26,0.6085039706062421,False,False
object_motion_object_movement_itinerary_282,object_motion_object_movement_itinerary,object_motion,P07-20240530-102543,,unbounded,vision_block_middle,window,True,64,1280,0.9774173448524823,0.9564254843077771,0.9498516093917997,0.020991860544705254,0.02756573546068264,0.44794347220823766,-0.02936969760464625,-0.12298441245606274,0.4773131698128839,0.5709278846643004,0.20896096343183704,0.2914793448146018,0.7168980140419509,0.65625,24.262867212095472,4.294810960825076,0.23283911890918008,17.490540000727492,59,0.0661107917905378,0.89454604458463,26,0.6085039706062421,False,False
object_motion_object_movement_itinerary_282,object_motion_object_movement_itinerary,object_motion,P07-20240530-102543,,unbounded,vision_block_late,window,True,64,1280,0.9999744989368659,0.9999536230144964,0.999946516242772,2.0875922369434363e-05,2.7982694093875438e-05,0.28879820029411374,-0.013746125883392616,0.02317730398049734,0.3025443261775064,0.2656208963136164,0.006995099392963014,0.009493229499931756,0.7368513942503233,0.59375,1.1030339634668138,1.011350214354015,0.9887771672038802,46190.178464868295,59,0.0661107917905378,0.89454604458463,26,0.6085039706062421,False,False
object_motion_object_movement_itinerary_282,object_motion_object_movement_itinerary,object_motion,P07-20240530-102543,,unbounded,vision_merger_pre_reverse,window,True,64,3584,0.955633994905742,0.9160630393907777,0.903067141081635,0.03957095551496426,0.052566853824106974,0.425852516742713,-0.028559872657079967,-0.10729592385707826,0.454412389399793,0.5331484405997913,0.2924011413166931,0.40414185716663936,0.7235111536495158,0.5625,24.609547995790724,4.551971013104389,0.2196850544788536,47.49676148904305,59,0.0661107917905378,0.89454604458463,26,0.6085039706062421,False,False
object_motion_object_movement_itinerary_282,object_motion_object_movement_itinerary,object_motion,P07-20240530-102543,,unbounded,vision_final,canonical,False,64,3584,0.955633994905742,0.9160630393907777,0.903067141081635,0.03957095551496426,0.052566853824106974,0.425852516742713,-0.028559872657079967,-0.10729592385707826,0.454412389399793,0.5331484405997913,0.2924011413166931,0.40414185716663936,0.7235111536495158,0.5625,24.609547995790724,4.551971013104389,0.2196850544788536,47.49676148904305,59,0.0661107917905378,0.89454604458463,26,0.6085039706062421,False,False
object_motion_object_movement_itinerary_285,object_motion_object_movement_itinerary,object_motion,P04-20240414-162242,,unbounded,vision_block_early,window,True,64,1280,0.9964165295109612,0.9951494506632887,0.9946841946197928,0.0012670788476724093,0.0017323348911683079,0.26705077278581263,-0.020913936819370156,-0.032800810008210834,0.2879647096051828,0.29985158279402346,0.07411838291513438,0.09237045977079116,0.8024035292132611,0.140625,8.045770127736345,2.907463402914569,0.3439424203921384,0.5658991484518159,60,0.04627696395842399,0.9405894310411859,33,0.4697143927393541,False,False
object_motion_object_movement_itinerary_285,object_motion_object_movement_itinerary,object_motion,P04-20240414-162242,,unbounded,vision_block_middle,window,True,64,1280,0.975337674825041,0.9533928316780006,0.9491002473159547,0.02194484314704037,0.02623742750908631,0.4453259752643835,-0.029496855251487417,-0.06990968156384064,0.47482283051587093,0.5152356568282241,0.2179351339215946,0.301918376467241,0.7218346113001213,0.6875,26.364317629513152,5.1182056269799565,0.19538097389613066,18.510510524262774,60,0.04627696395842399,0.9405894310411859,33,0.4697143927393541,False,False
object_motion_object_movement_itinerary_285,object_motion_object_movement_itinerary,object_motion,P04-20240414-162242,,unbounded,vision_block_late,window,True,64,1280,0.9999733163894347,0.9999503129456245,0.9999461724200989,2.3003443810121205e-05,2.7143969335785556e-05,0.5291354045434835,-0.020971334376001953,0.04344431676914684,0.5501067389194855,0.48569108777433667,0.0071464711916921705,0.009849949923553519,0.7255337587659504,0.640625,1.055306657051611,1.0056699871093344,0.9943619803891811,92511.22482997768,60,0.04627696395842399,0.9405894310411859,33,0.4697143927393541,False,False
object_motion_object_movement_itinerary_285,object_motion_object_movement_itinerary,object_motion,P04-20240414-162242,,unbounded,vision_merger_pre_reverse,window,True,64,3584,0.9532543840205189,0.9112272588309471,0.9064053229786632,0.042027125189571746,0.04684906104185571,0.4455450591370452,-0.029349190071951747,-0.07196378711595873,0.4748942492089969,0.5175088462530039,0.3015036233070368,0.4168756933870866,0.7232458694277434,0.6875,25.546322223838153,5.302258929966407,0.18859886195831926,50.396252768355865,60,0.04627696395842399,0.9405894310411859,33,0.4697143927393541,False,False
object_motion_object_movement_itinerary_285,object_motion_object_movement_itinerary,object_motion,P04-20240414-162242,,unbounded,vision_final,canonical,False,64,3584,0.9532543840205189,0.9112272588309471,0.9064053229786632,0.042027125189571746,0.04684906104185571,0.4455450591370452,-0.029349190071951747,-0.07196378711595873,0.4748942492089969,0.5175088462530039,0.3015036233070368,0.4168756933870866,0.7232458694277434,0.6875,25.546322223838153,5.302258929966407,0.18859886195831926,50.396252768355865,60,0.04627696395842399,0.9405894310411859,33,0.4697143927393541,False,False
object_motion_object_movement_itinerary_286,object_motion_object_movement_itinerary,object_motion,P04-20240414-064514,,unbounded,vision_block_early,window,True,64,1280,0.9766112953555717,0.9778961645442283,0.9793456484970204,-0.0012848691886566677,-0.0027343531414487643,0.20094344641290615,0.0019421067204206306,-0.017529552978292263,0.1990013396924855,0.2184729993911984,0.17244614128548935,0.1886377356548404,0.9141656662006503,0.15625,3.832463584148012,1.6959909672168925,0.5896257818171,2.7360448252357106,63,0.039657938424270206,0.9315129541553199,32,0.4976486710247647,False,True
object_motion_object_movement_itinerary_286,object_motion_object_movement_itinerary,object_motion,P04-20240414-064514,,unbounded,vision_block_middle,window,True,64,1280,0.973508903539857,0.9531836626763243,0.9489401557864726,0.020325240863532712,0.024568747753384357,0.41307781007220906,-0.028352536495313923,-0.10264542890471207,0.441430346567523,0.5157232389769211,0.22403716126838585,0.3012588036988718,0.7436700886999666,0.53125,24.859283800545192,5.370518815631916,0.18620174965020322,20.84806555745617,63,0.039657938424270206,0.9315129541553199,32,0.4976486710247647,False,True
object_motion_object_movement_itinerary_286,object_motion_object_movement_itinerary,object_motion,P04-20240414-064514,,unbounded,vision_block_late,window,True,64,1280,0.9999710679998273,0.9999506123437993,0.99994876746242,2.045565602792898e-05,2.2300537407260457e-05,0.34221722245399966,-0.005069247074863435,-0.08385894312184039,0.3472864695288631,0.42607616557584005,0.0073871150932678705,0.009802690884435606,0.7535803362928533,0.515625,1.0561299084679183,1.005845207379491,0.9941887605203991,96325.11480554096,63,0.039657938424270206,0.9315129541553199,32,0.4976486710247647,False,True
object_motion_object_movement_itinerary_286,object_motion_object_movement_itinerary,object_motion,P04-20240414-064514,,unbounded,vision_merger_pre_reverse,window,True,64,3584,0.9477802821525597,0.9077382386377248,0.9031129789440995,0.04004204351483487,0.04466730320846024,0.40796371444322477,-0.02768133472257623,-0.09888436696463411,0.435645049165801,0.5068480814078589,0.3153411447588964,0.4239513927010876,0.7438143857714173,0.5,24.214902751567674,5.11204946457325,0.1956162605487385,51.974278266829245,63,0.039657938424270206,0.9315129541553199,32,0.4976486710247647,False,True
object_motion_object_movement_itinerary_286,object_motion_object_movement_itinerary,object_motion,P04-20240414-064514,,unbounded,vision_final,canonical,False,64,3584,0.9477802821525597,0.9077382386377248,0.9031129789440995,0.04004204351483487,0.04466730320846024,0.40796371444322477,-0.02768133472257623,-0.09888436696463411,0.435645049165801,0.5068480814078589,0.3153411447588964,0.4239513927010876,0.7438143857714173,0.5,24.214902751567674,5.11204946457325,0.1956162605487385,51.974278266829245,63,0.039657938424270206,0.9315129541553199,32,0.4976486710247647,False,True
object_motion_object_movement_itinerary_311,object_motion_object_movement_itinerary,object_motion,P01-20240202-171220,,unbounded,vision_block_early,window,True,64,1280,0.9932368343947414,0.9892258403293177,0.9856720690589362,0.004010994065423712,0.00756476533580519,0.2974871804017364,-0.015419361541157054,-0.18315625376550293,0.3129065419428934,0.4806434341672393,0.09463800509824105,0.13050354283986998,0.7251757541507012,0.21875,4.1046903808717845,2.0089522877512676,0.4977719013522994,1.3355044328163421,63,0.05452109459796445,0.915460859387714,30,0.5336386241020041,False,True
object_motion_object_movement_itinerary_311,object_motion_object_movement_itinerary,object_motion,P01-20240202-171220,,unbounded,vision_block_middle,window,True,64,1280,0.9816921815636666,0.964112607198087,0.9583270420582981,0.017579574365579553,0.02336513950536845,0.47787021158102,-0.03051206358774519,-0.18769901704486033,0.5083822751687652,0.6655692286258803,0.1853995329261715,0.26396141299765535,0.702373619010057,0.59375,22.016509188172527,4.118000659937043,0.24283628939857632,16.601571989022737,63,0.05452109459796445,0.915460859387714,30,0.5336386241020041,False,True
object_motion_object_movement_itinerary_311,object_motion_object_movement_itinerary,object_motion,P01-20240202-171220,,unbounded,vision_block_late,window,True,64,1280,0.9999743550318074,0.9999531779793858,0.9999472931942738,2.1177052421661458e-05,2.7061837533648436e-05,0.26809810319570115,-0.021458942568306428,-0.12887638387617922,0.2895570457640076,0.3969744870718804,0.006971307838729152,0.009515737769227624,0.7326082336225413,0.578125,1.1735751790668991,1.020191244794374,0.9802083727953933,25513.583794721937,63,0.05452109459796445,0.915460859387714,30,0.5336386241020041,False,True
object_motion_object_movement_itinerary_311,object_motion_object_movement_itinerary,object_motion,P01-20240202-171220,,unbounded,vision_merger_pre_reverse,window,True,64,3584,0.9577526982913994,0.9210392400566555,0.9106431399203923,0.03671345823474392,0.047109558371007165,0.4443596194153953,-0.02893101417970701,-0.16989089430886298,0.4732906335951023,0.6142505137242583,0.2819916194301201,0.39081929115237746,0.7215396624834819,0.5,20.90357405072536,4.217110060363134,0.23712921543097937,47.73658035250902,63,0.05452109459796445,0.915460859387714,30,0.5336386241020041,False,True
object_motion_object_movement_itinerary_311,object_motion_object_movement_itinerary,object_motion,P01-20240202-171220,,unbounded,vision_final,canonical,False,64,3584,0.9577526982913994,0.9210392400566555,0.9106431399203923,0.03671345823474392,0.047109558371007165,0.4443596194153953,-0.02893101417970701,-0.16989089430886298,0.4732906335951023,0.6142505137242583,0.2819916194301201,0.39081929115237746,0.7215396624834819,0.5,20.90357405072536,4.217110060363134,0.23712921543097937,47.73658035250902,63,0.05452109459796445,0.915460859387714,30,0.5336386241020041,False,True
object_motion_object_movement_itinerary_316,object_motion_object_movement_itinerary,object_motion,P06-20240510-090328,,unbounded,vision_block_early,window,True,64,1280,0.9881272919054286,0.9891814390723781,0.987607952195119,-0.001054147166949515,0.0005193397103095965,0.0015809539504147848,-0.013187712742176711,-0.031904191193693525,0.014768666692591496,0.03348514514410831,0.13688423237316308,0.1352401333414719,1.012156887094602,0.109375,4.822872191883334,1.8553985292591229,0.5389677658089493,1.3861311651807515,62,0.09321791780204941,0.8850933991058803,26,0.5976589389008792,False,False
object_motion_object_movement_itinerary_316,object_motion_object_movement_itinerary,object_motion,P06-20240510-090328,,unbounded,vision_block_middle,window,True,64,1280,0.9834628220550664,0.9737202893565194,0.9704387957110611,0.009742532698546968,0.013024026344005346,0.3235702925451813,-0.023622225693927634,-0.08189519993287574,0.34719251823910896,0.4054654924780571,0.1787796199190454,0.2251018053516483,0.7942167306910775,0.578125,30.24688478165232,6.715623039868244,0.14890651158699036,12.22163899930283,62,0.09321791780204941,0.8850933991058803,26,0.5976589389008792,False,False
object_motion_object_movement_itinerary_316,object_motion_object_movement_itinerary,object_motion,P06-20240510-090328,,unbounded,vision_block_late,window,True,64,1280,0.9999774004120302,0.999964603341537,0.9999601057982012,1.2797070493175688e-05,1.729461382904418e-05,0.1461285752258113,-0.018280564532263146,-0.029741593416958124,0.16440913975807445,0.17587016864276941,0.006630098467049045,0.00827483113316448,0.8012367092878122,0.5,1.1208441879373994,1.0132163267034324,0.9869560661873338,30581.973420063936,62,0.09321791780204941,0.8850933991058803,26,0.5976589389008792,False,False
object_motion_object_movement_itinerary_316,object_motion_object_movement_itinerary,object_motion,P06-20240510-090328,,unbounded,vision_merger_pre_reverse,window,True,64,3584,0.9603354786323204,0.9361213540242167,0.9251790140317729,0.024214124608103682,0.035156464600547443,0.32280505366244194,-0.023813050709693626,-0.11015525396726648,0.3466181043721356,0.43296030762970844,0.2775176585198696,0.35070454773857945,0.7913146844241539,0.53125,28.980583051897806,6.3763625617500495,0.15682922517591927,34.59226824979977,62,0.09321791780204941,0.8850933991058803,26,0.5976589389008792,False,False
object_motion_object_movement_itinerary_316,object_motion_object_movement_itinerary,object_motion,P06-20240510-090328,,unbounded,vision_final,canonical,False,64,3584,0.9603354786323204,0.9361213540242167,0.9251790140317729,0.024214124608103682,0.035156464600547443,0.32280505366244194,-0.023813050709693626,-0.11015525396726648,0.3466181043721356,0.43296030762970844,0.2775176585198696,0.35070454773857945,0.7913146844241539,0.53125,28.980583051897806,6.3763625617500495,0.15682922517591927,34.59226824979977,62,0.09321791780204941,0.8850933991058803,26,0.5976589389008792,False,False
object_motion_object_movement_itinerary_367,object_motion_object_movement_itinerary,object_motion,P03-20240218-140054,,unbounded,vision_block_early,window,True,64,1280,0.9931972748119433,0.9905991831358762,0.9897161767766953,0.0025980916760670603,0.003481098035247987,0.2251295305158367,-0.020164666612712163,-0.022594785712310828,0.24529419712854886,0.24772431622814753,0.10717250208113803,0.12997495930049793,0.8245626900590801,0.09375,5.716902731445187,2.2623873245318022,0.4420109630020794,1.0711588611990142,61,0.0796936012887372,0.8840365065800253,26,0.5613297408003786,False,False
object_motion_object_movement_itinerary_367,object_motion_object_movement_itinerary,object_motion,P03-20240218-140054,,unbounded,vision_block_middle,window,True,64,1280,0.9753913674170377,0.9585090164455128,0.9555513152190287,0.016882350971524906,0.019840052198008995,0.37407805849152514,-0.0264202290157186,-0.049515267048571496,0.40049828750724376,0.42359332554009665,0.2169878967742861,0.28396091317463906,0.7641470593554408,0.6875,24.219529567156474,4.293484172484378,0.23291107171389916,17.658773639019437,61,0.0796936012887372,0.8840365065800253,26,0.5613297408003786,False,False
object_motion_object_movement_itinerary_367,object_motion_object_movement_itinerary,object_motion,P03-20240218-140054,,unbounded,vision_block_late,window,True,64,1280,0.9999703998937373,0.9999516801958452,0.9999483145912694,1.8719697892022324e-05,2.208530246783358e-05,0.3044232600327638,-0.01034146986659097,-0.10979654739663844,0.3147647298993548,0.41421980742940223,0.007483757832139016,0.009675355825216565,0.773486574275061,0.59375,1.0813805639634555,1.0088844736345615,0.9911937651269876,59818.39207242454,61,0.0796936012887372,0.8840365065800253,26,0.5613297408003786,False,False
object_motion_object_movement_itinerary_367,object_motion_object_movement_itinerary,object_motion,P03-20240218-140054,,unbounded,vision_merger_pre_reverse,window,True,64,3584,0.9487070235644222,0.9153341548979079,0.9105293871470578,0.03337286866651423,0.03817763641736438,0.3589700660128689,-0.026222011796947293,-0.05983923675183217,0.3851920778098162,0.4188093027647011,0.31188613502820695,0.4048727533579798,0.770331252082167,0.578125,22.901542732391423,3.809821796048566,0.2624794684720346,48.11498294756859,61,0.0796936012887372,0.8840365065800253,26,0.5613297408003786,False,False
object_motion_object_movement_itinerary_367,object_motion_object_movement_itinerary,object_motion,P03-20240218-140054,,unbounded,vision_final,canonical,False,64,3584,0.9487070235644222,0.9153341548979079,0.9105293871470578,0.03337286866651423,0.03817763641736438,0.3589700660128689,-0.026222011796947293,-0.05983923675183217,0.3851920778098162,0.4188093027647011,0.31188613502820695,0.4048727533579798,0.770331252082167,0.578125,22.901542732391423,3.809821796048566,0.2624794684720346,48.11498294756859,61,0.0796936012887372,0.8840365065800253,26,0.5613297408003786,False,False
object_motion_object_movement_itinerary_433,object_motion_object_movement_itinerary,object_motion,P04-20240414-172534,,unbounded,vision_block_early,window,True,64,1280,0.9954831719066976,0.9924162471195014,0.9928692346008193,0.003066924787196168,0.0026139373058782223,0.36588864541214633,-0.008526636787612075,-0.0006739786852449911,0.3744152821997584,0.3665626240973913,0.0825265379619062,0.11317495695549569,0.7291943392950305,0.28125,5.930743708244399,2.812602363755369,0.35554261522585306,0.8886179137855063,63,0.04074602518180227,0.9573805006247708,36,0.43378688550269695,False,True
object_motion_object_movement_itinerary_433,object_motion_object_movement_itinerary,object_motion,P04-20240414-172534,,unbounded,vision_block_middle,window,True,64,1280,0.980068575647792,0.9609371855040639,0.9620849497383502,0.01913139014372811,0.017983625909441803,0.4539561983613052,-0.02984958215272656,-0.05336879985821044,0.4838057805140317,0.5073249982195156,0.19557662530853653,0.2753914321067084,0.710176870109578,0.65625,24.45152919435426,5.462020512881427,0.18308243215887546,15.68622398787013,63,0.04074602518180227,0.9573805006247708,36,0.43378688550269695,False,True
object_motion_object_movement_itinerary_433,object_motion_object_movement_itinerary,object_motion,P04-20240414-172534,,unbounded,vision_block_late,window,True,64,1280,0.9999789859850368,0.9999615822276469,0.9999622964531169,1.7403757389899965e-05,1.6689531919911182e-05,0.366560105832878,-0.021842989938987267,-0.0017356603622783393,0.38840309577186527,0.36829576619515636,0.006367889916155707,0.008647172223390688,0.7364129858464598,0.515625,1.0726103778896854,1.0076885385577412,0.9923701240377851,54836.23299394596,63,0.04074602518180227,0.9573805006247708,36,0.43378688550269695,False,True
object_motion_object_movement_itinerary_433,object_motion_object_movement_itinerary,object_motion,P04-20240414-172534,,unbounded,vision_merger_pre_reverse,window,True,64,3584,0.9620920790050093,0.9284137006234571,0.9295740106878738,0.03367837838155219,0.03251806831713544,0.4202571080176794,-0.0283932829573617,-0.04965179684927594,0.4486503909750411,0.46990890486695536,0.2713729700273479,0.3735592169191008,0.7264523474095335,0.546875,24.26058932549533,5.471766234479261,0.1827563454189063,38.970849680949954,63,0.04074602518180227,0.9573805006247708,36,0.43378688550269695,False,True
object_motion_object_movement_itinerary_433,object_motion_object_movement_itinerary,object_motion,P04-20240414-172534,,unbounded,vision_final,canonical,False,64,3584,0.9620920790050093,0.9284137006234571,0.9295740106878738,0.03367837838155219,0.03251806831713544,0.4202571080176794,-0.0283932829573617,-0.04965179684927594,0.4486503909750411,0.46990890486695536,0.2713729700273479,0.3735592169191008,0.7264523474095335,0.546875,24.26058932549533,5.471766234479261,0.1827563454189063,38.970849680949954,63,0.04074602518180227,0.9573805006247708,36,0.43378688550269695,False,True
object_motion_object_movement_itinerary_477,object_motion_object_movement_itinerary,object_motion,P02-20240211-115653,,unbounded,vision_block_early,window,True,64,1280,0.9953478177432675,0.991079474813771,0.9867098497347769,0.004268342929496516,0.008637968008490593,0.35828997472377094,-0.008190668738923587,-0.1199291095225418,0.36648064346269454,0.47821908424631276,0.0777603653640616,0.11330549352112831,0.6862894547082261,0.25,4.379922959662004,2.220458743754061,0.45035738800052233,1.0262189154809234,60,0.06582486384472593,0.9050134978002999,29,0.530928389681403,False,False
object_motion_object_movement_itinerary_477,object_motion_object_movement_itinerary,object_motion,P02-20240211-115653,,unbounded,vision_block_middle,window,True,64,1280,0.9721349726412769,0.9453367667708039,0.9414652156301941,0.02679820587047299,0.030669757011082766,0.45269096308329804,-0.02020375865260204,-0.056156336098593766,0.4728947217359001,0.5088472991818918,0.224942669059919,0.3194737627851769,0.7041037332733228,0.59375,15.259020353495679,2.8197492556027424,0.3546414625389244,20.010731796022007,60,0.06582486384472593,0.9050134978002999,29,0.530928389681403,False,False
object_motion_object_movement_itinerary_477,object_motion_object_movement_itinerary,object_motion,P02-20240211-115653,,unbounded,vision_block_late,window,True,64,1280,0.9999740659905111,0.9999507759626048,0.9999468473431541,2.3290027906242017e-05,2.721864735699686e-05,0.21844347707589454,-0.0161478214300556,0.0016931295806227801,0.23459129850595015,0.21675034749527175,0.006919150293658425,0.009727050200625604,0.7113307889799328,0.578125,1.0712356251302146,1.007900909431487,0.99216102559532,67709.53020516149,60,0.06582486384472593,0.9050134978002999,29,0.530928389681403,False,False
object_motion_object_movement_itinerary_477,object_motion_object_movement_itinerary,object_motion,P02-20240211-115653,,unbounded,vision_merger_pre_reverse,window,True,64,3584,0.9546166383891462,0.9099343257145008,0.9035315296735844,0.0446823126746454,0.05108510871556182,0.45702758901104146,-0.027594847588066334,-0.06811315868589614,0.4846224365991078,0.5251407476969376,0.29071399551397276,0.41574296719729337,0.699263772214366,0.625,16.63233938883989,3.4415673085687133,0.2905652891083168,52.579025871280564,60,0.06582486384472593,0.9050134978002999,29,0.530928389681403,False,False
object_motion_object_movement_itinerary_477,object_motion_object_movement_itinerary,object_motion,P02-20240211-115653,,unbounded,vision_final,canonical,False,64,3584,0.9546166383891462,0.9099343257145008,0.9035315296735844,0.0446823126746454,0.05108510871556182,0.45702758901104146,-0.027594847588066334,-0.06811315868589614,0.4846224365991078,0.5251407476969376,0.29071399551397276,0.41574296719729337,0.699263772214366,0.625,16.63233938883989,3.4415673085687133,0.2905652891083168,52.579025871280564,60,0.06582486384472593,0.9050134978002999,29,0.530928389681403,False,False
object_motion_object_movement_itinerary_55,object_motion_object_movement_itinerary,object_motion,P01-20240204-130448,,unbounded,vision_block_early,window,True,64,1280,0.9899142426374099,0.9867443904098724,0.9800291817690078,0.0031698522275375174,0.009885060868402129,0.48256418308428445,0.043049829445117795,-0.08159018046184977,0.43951435363916663,0.5641543635461342,0.09870849364900565,0.13639531135402075,0.7236941847128666,0.125,3.803085466971003,2.0521136382215217,0.48730244825362445,1.6075715983768761,62,0.07136621343267184,0.896143732239936,27,0.5268357325156592,False,False
object_motion_object_movement_itinerary_55,object_motion_object_movement_itinerary,object_motion,P01-20240204-130448,,unbounded,vision_block_middle,window,True,64,1280,0.9813833343388543,0.9599144844173922,0.9439899370727507,0.02146884992146203,0.03739339726610358,0.4909123099287202,-0.013931942432101345,-0.16870597322817724,0.5048442523608215,0.6596182831568974,0.18189641745086543,0.27020401223643065,0.673181778262066,0.484375,18.439703401915914,3.7759096407915536,0.26483684598722745,15.71063272961484,62,0.07136621343267184,0.896143732239936,27,0.5268357325156592,False,False
object_motion_object_movement_itinerary_55,object_motion_object_movement_itinerary,object_motion,P01-20240204-130448,,unbounded,vision_block_late,window,True,64,1280,0.9999758705388174,0.9999579592263382,0.9999429044775333,1.7911312479190755e-05,3.296606128411206e-05,0.20511169125627268,0.0026948076140672125,0.026477381208043674,0.20241688364220548,0.178634310048229,0.006513785652137437,0.008772069457304996,0.7425597441790707,0.453125,1.1799599848393023,1.0211689176258771,0.9792699158185377,21091.63996891616,62,0.07136621343267184,0.896143732239936,27,0.5268357325156592,False,False
object_motion_object_movement_itinerary_55,object_motion_object_movement_itinerary,object_motion,P01-20240204-130448,,unbounded,vision_merger_pre_reverse,window,True,64,3584,0.9633887782421983,0.9306828853749401,0.9062807548639178,0.03270589286725811,0.05710802337828047,0.43002088405622335,-0.015125900234014316,-0.14699971712652943,0.4451467842902377,0.5770206011827528,0.2578521515784215,0.35907618405703345,0.7180987295372,0.5,20.082034220062734,3.973173781939891,0.2516879590179297,42.32004047007992,62,0.07136621343267184,0.896143732239936,27,0.5268357325156592,False,False
object_motion_object_movement_itinerary_55,object_motion_object_movement_itinerary,object_motion,P01-20240204-130448,,unbounded,vision_final,canonical,False,64,3584,0.9633887782421983,0.9306828853749401,0.9062807548639178,0.03270589286725811,0.05710802337828047,0.43002088405622335,-0.015125900234014316,-0.14699971712652943,0.4451467842902377,0.5770206011827528,0.2578521515784215,0.35907618405703345,0.7180987295372,0.5,20.082034220062734,3.973173781939891,0.2516879590179297,42.32004047007992,62,0.07136621343267184,0.896143732239936,27,0.5268357325156592,False,False
object_motion_object_movement_itinerary_61,object_motion_object_movement_itinerary,object_motion,P03-20240216-084005,,unbounded,vision_block_early,window,True,64,1280,0.9947615402531436,0.9927507613695181,0.9924085297982435,0.0020107788836254414,0.0023530104549001063,0.23821759068876203,-0.021417630838971906,-0.027425538072954645,0.25963522152773394,0.2656431287617167,0.09673540035741626,0.11502879907351528,0.8409667938512716,0.109375,6.37776006327836,2.7359368754834863,0.36550550890297245,0.8445785970709498,60,0.07850960141425674,0.8931132983456176,27,0.5333754950553828,False,False
object_motion_object_movement_itinerary_61,object_motion_object_movement_itinerary,object_motion,P03-20240216-084005,,unbounded,vision_block_middle,window,True,64,1280,0.9779699947299831,0.960452082412371,0.9611834325427094,0.017517912317612128,0.0167865621872737,0.4250739441433344,-0.02738872165124323,-0.017426854414354508,0.4524626657945776,0.44250079855768887,0.20371455789256254,0.27667781249237655,0.7362880169445304,0.65625,22.2263413654462,3.8391801304655795,0.2604722795016991,18.56909309518292,60,0.07850960141425674,0.8931132983456176,27,0.5333754950553828,False,False
object_motion_object_movement_itinerary_61,object_motion_object_movement_itinerary,object_motion,P03-20240216-084005,,unbounded,vision_block_late,window,True,64,1280,0.9999707872644101,0.9999485290305572,0.9999492584146875,2.225823385293424e-05,2.152884972261848e-05,0.21001169430911112,0.006408053799019679,-0.04063464117293305,0.20360364051009144,0.2506463354820442,0.0074756972434833315,0.009989110940943843,0.7483846448077365,0.515625,1.0699315198246782,1.0074243643412977,0.9926303506207613,71504.63264863298,60,0.07850960141425674,0.8931132983456176,27,0.5333754950553828,False,False
object_motion_object_movement_itinerary_61,object_motion_object_movement_itinerary,object_motion,P03-20240216-084005,,unbounded,vision_merger_pre_reverse,window,True,64,3584,0.9492524075220993,0.9094679973938492,0.907225034976418,0.03978441012825007,0.04202737254568123,0.4094307163105573,-0.028576807609087887,-0.03273676325022713,0.43800752391964515,0.4421674795607844,0.3103217793346016,0.4188225948697631,0.7409384859742324,0.546875,22.44352574106643,3.7661128432864674,0.26552576664892447,50.24355398945771,60,0.07850960141425674,0.8931132983456176,27,0.5333754950553828,False,False
object_motion_object_movement_itinerary_61,object_motion_object_movement_itinerary,object_motion,P03-20240216-084005,,unbounded,vision_final,canonical,False,64,3584,0.9492524075220993,0.9094679973938492,0.907225034976418,0.03978441012825007,0.04202737254568123,0.4094307163105573,-0.028576807609087887,-0.03273676325022713,0.43800752391964515,0.4421674795607844,0.3103217793346016,0.4188225948697631,0.7409384859742324,0.546875,22.44352574106643,3.7661128432864674,0.26552576664892447,50.24355398945771,60,0.07850960141425674,0.8931132983456176,27,0.5333754950553828,False,False
object_motion_object_movement_itinerary_87,object_motion_object_movement_itinerary,object_motion,P04-20240413-145245,,unbounded,vision_block_early,window,True,64,1280,0.9959764909942314,0.9956015286975387,0.9955310535062126,0.00037496229669264913,0.0004454374880187295,0.12011650893634283,-0.007800914583602027,0.0011067522138641429,0.12791742351994487,0.1190097567224787,0.08202624947183626,0.08766210650833016,0.9357093131687596,0.0625,7.164465098026809,2.629248557342105,0.3803368065782626,0.5204669715732636,61,0.048795614101085336,0.90442217620514,28,0.5800830225945378,False,False
object_motion_object_movement_itinerary_87,object_motion_object_movement_itinerary,object_motion,P04-20240413-145245,,unbounded,vision_block_middle,window,True,64,1280,0.9786703038125568,0.9672171703480766,0.9649172109680662,0.01145313346448018,0.013753092844490666,0.3112983884404297,-0.023799497021390826,-0.03215653390219865,0.3350978854618205,0.3434549223426283,0.20257069568921424,0.2522132515344589,0.80317229351265,0.46875,29.191422392122206,6.4547735159818105,0.15492410345987082,13.05131010620509,61,0.048795614101085336,0.90442217620514,28,0.5800830225945378,False,False
object_motion_object_movement_itinerary_87,object_motion_object_movement_itinerary,object_motion,P04-20240413-145245,,unbounded,vision_block_late,window,True,64,1280,0.9999816633817646,0.9999727222685311,0.9999700510950222,8.941113233573716e-06,1.1612286742401778e-05,0.20369018202497904,-0.02174723171107359,0.06594642451031965,0.22543741373605264,0.1377437575146594,0.005957278956922369,0.007259768772024945,0.8205879751815738,0.390625,1.069167366906622,1.0071394219747503,0.9929111880450955,47554.053499758455,61,0.048795614101085336,0.90442217620514,28,0.5800830225945378,False,False
object_motion_object_movement_itinerary_87,object_motion_object_movement_itinerary,object_motion,P04-20240413-145245,,unbounded,vision_merger_pre_reverse,window,True,64,3584,0.9641910834895571,0.945607938071931,0.9399455336400937,0.018583145417626068,0.024245549849463366,0.2916979191675811,-0.021505099181629014,-0.04965516258935,0.3132030183492101,0.3413530817569311,0.264046094765442,0.3242745441329664,0.8142671065082797,0.453125,30.888454618498447,5.734398316554104,0.1743862119087878,28.76355926598412,61,0.048795614101085336,0.90442217620514,28,0.5800830225945378,False,False
object_motion_object_movement_itinerary_87,object_motion_object_movement_itinerary,object_motion,P04-20240413-145245,,unbounded,vision_final,canonical,False,64,3584,0.9641910834895571,0.945607938071931,0.9399455336400937,0.018583145417626068,0.024245549849463366,0.2916979191675811,-0.021505099181629014,-0.04965516258935,0.3132030183492101,0.3413530817569311,0.264046094765442,0.3242745441329664,0.8142671065082797,0.453125,30.888454618498447,5.734398316554104,0.1743862119087878,28.76355926598412,61,0.048795614101085336,0.90442217620514,28,0.5800830225945378,False,False
