cohort,question_id,participant_id,source_video_id,category,question_type,anchor_layer,target_layer,distance_from_anchor,anchor_native_temporal_entropy,native_retained_target_layer_mass,native_oracle_top50_target_layer_mass,reuse_efficiency,native_source_target_top2_jaccard,native_source_target_spearman,selected_native_unit_ids,selected_analysis_bins,selected_units_adjacent,normalized_temporal_coverage_span,contains_first_unit,contains_last_unit,descriptive_eight_bin_anchor_entropy,descriptive_eight_bin_retained_mass,descriptive_eight_bin_top4_oracle_mass
development,fine_grained_action_localization_3168,P04,P04-20240415-181212,fine_grained,fine_grained_action_localization,8,9,1,0.961275254116521,0.5384391770441228,0.5963659201455368,0.9028671137222637,0.3333333333333333,0.39999999999999997,0 2,0 1 4 5,False,0.75,True,False,0.9741835027413046,0.5384391770416845,0.5963659201428363
development,fine_grained_action_localization_3168,P04,P04-20240415-181212,fine_grained,fine_grained_action_localization,8,10,2,0.961275254116521,0.459659665683267,0.5518525631519255,0.8329392601855548,0.3333333333333333,-0.39999999999999997,0 2,0 1 4 5,False,0.75,True,False,0.9741835027413046,0.45965966567974426,0.5518525631476963
development,fine_grained_action_localization_3168,P04,P04-20240415-181212,fine_grained,fine_grained_action_localization,8,11,3,0.961275254116521,0.5920244926792804,0.6128342662509394,0.9660433909824194,0.3333333333333333,0.7999999999999999,0 2,0 1 4 5,False,0.75,True,False,0.9741835027413046,0.5920244926756953,0.6128342662472283
development,fine_grained_action_localization_3168,P04,P04-20240415-181212,fine_grained,fine_grained_action_localization,12,13,1,0.9822891339259995,0.5536419721232271,0.5536419721232271,1.0,1.0,1.0,0 3,0 1 6 7,False,1.0,True,True,0.9881927559484568,0.5536419721213497,0.5536419721213496
development,fine_grained_action_localization_3168,P04,P04-20240415-181212,fine_grained,fine_grained_action_localization,12,14,2,0.9822891339259995,0.5807456622812397,0.5807456622812397,1.0,1.0,1.0,0 3,0 1 6 7,False,1.0,True,True,0.9881927559484568,0.580745662278762,0.580745662278762
development,fine_grained_action_localization_3168,P04,P04-20240415-181212,fine_grained,fine_grained_action_localization,12,15,3,0.9822891339259995,0.5738193440012426,0.6034671513775313,0.9508708845069499,0.3333333333333333,0.7999999999999999,0 3,0 1 6 7,False,1.0,True,True,0.9881927559484568,0.5738193439987891,0.6034671513749511
development,fine_grained_action_localization_3168,P04,P04-20240415-181212,fine_grained,fine_grained_action_localization,16,17,1,0.9701645833305806,0.6115221782801568,0.6115221782801568,1.0,1.0,1.0,2 3,4 5 6 7,True,0.5,False,True,0.9801097222186144,0.6115221782773659,0.6115221782773659
development,fine_grained_action_localization_3168,P04,P04-20240415-181212,fine_grained,fine_grained_action_localization,16,18,2,0.9701645833305806,0.6214432520223121,0.6214432520223121,1.0,1.0,0.7999999999999999,2 3,4 5 6 7,True,0.5,False,True,0.9801097222186144,0.6214432520191154,0.6214432520191154
development,fine_grained_action_localization_3168,P04,P04-20240415-181212,fine_grained,fine_grained_action_localization,16,19,3,0.9701645833305806,0.6194345563901357,0.6194345563901357,1.0,1.0,1.0,2 3,4 5 6 7,True,0.5,False,True,0.9801097222186144,0.6194345563877852,0.6194345563877851
development,fine_grained_action_localization_3168,P04,P04-20240415-181212,fine_grained,fine_grained_action_localization,20,21,1,0.9928761363043692,0.5765331102900527,0.5765331102900527,1.0,1.0,0.7999999999999999,0 3,0 1 6 7,False,1.0,True,True,0.99525075753377,0.5765331102867739,0.5765331102867739
development,fine_grained_action_localization_3168,P04,P04-20240415-181212,fine_grained,fine_grained_action_localization,20,22,2,0.9928761363043692,0.5596340672460062,0.5631350923279026,0.9937829747611292,0.3333333333333333,0.39999999999999997,0 3,0 1 6 7,False,1.0,True,True,0.99525075753377,0.5596340672421546,0.5631350923240269
development,fine_grained_action_localization_3168,P04,P04-20240415-181212,fine_grained,fine_grained_action_localization,20,23,3,0.9928761363043692,0.5474981191355554,0.5474981191355554,1.0,1.0,0.7999999999999999,0 3,0 1 6 7,False,1.0,True,True,0.99525075753377,0.54749811913198,0.54749811913198
development,fine_grained_action_localization_3168,P04,P04-20240415-181212,fine_grained,fine_grained_action_localization,24,25,1,0.9884255041124503,0.5564680325905693,0.5564680325905693,1.0,1.0,1.0,0 2,0 1 4 5,False,0.75,True,False,0.992283669404032,0.5564680325863922,0.5564680325863922
development,fine_grained_action_localization_3168,P04,P04-20240415-181212,fine_grained,fine_grained_action_localization,24,26,2,0.9884255041124503,0.5532398638056808,0.5532398638056808,1.0,1.0,0.7999999999999999,0 2,0 1 4 5,False,0.75,True,False,0.992283669404032,0.5532398638023696,0.5532398638023696
development,fine_grained_action_localization_3168,P04,P04-20240415-181212,fine_grained,fine_grained_action_localization,24,27,3,0.9884255041124503,0.5140936358192811,0.6095151062751215,0.8434469146482987,0.3333333333333333,0.39999999999999997,0 2,0 1 4 5,False,0.75,True,False,0.992283669404032,0.5140936358167468,0.6095151062721168
development,fine_grained_action_localization_5424,P06,P06-20240510-135423,fine_grained,fine_grained_action_localization,8,9,1,0.9435815714791307,0.6850944525369875,0.6850944525369875,1.0,1.0,0.7999999999999999,0 2,0 1 4 5,False,0.75,True,False,0.9623877143166052,0.6850944525339713,0.6850944525339713
development,fine_grained_action_localization_5424,P06,P06-20240510-135423,fine_grained,fine_grained_action_localization,8,10,2,0.9435815714791307,0.6447786549350933,0.6447786549350933,1.0,1.0,0.7999999999999999,0 2,0 1 4 5,False,0.75,True,False,0.9623877143166052,0.6447786549305317,0.6447786549305317
development,fine_grained_action_localization_5424,P06,P06-20240510-135423,fine_grained,fine_grained_action_localization,8,11,3,0.9435815714791307,0.6878282418564327,0.6878282418564327,1.0,1.0,0.7999999999999999,0 2,0 1 4 5,False,0.75,True,False,0.9623877143166052,0.6878282418524042,0.6878282418524042
development,fine_grained_action_localization_5424,P06,P06-20240510-135423,fine_grained,fine_grained_action_localization,12,13,1,0.9721072234861299,0.5885675259689612,0.5885675259689612,1.0,1.0,1.0,0 2,0 1 4 5,False,0.75,True,False,0.9814048156552394,0.5885675259670033,0.5885675259670033
development,fine_grained_action_localization_5424,P06,P06-20240510-135423,fine_grained,fine_grained_action_localization,12,14,2,0.9721072234861299,0.6523578714603043,0.6523578714603043,1.0,1.0,1.0,0 2,0 1 4 5,False,0.75,True,False,0.9814048156552394,0.6523578714578248,0.6523578714578248
development,fine_grained_action_localization_5424,P06,P06-20240510-135423,fine_grained,fine_grained_action_localization,12,15,3,0.9721072234861299,0.5791656606460345,0.5791656606460345,1.0,1.0,0.7999999999999999,0 2,0 1 4 5,False,0.75,True,False,0.9814048156552394,0.5791656606434661,0.5791656606434661
development,fine_grained_action_localization_5424,P06,P06-20240510-135423,fine_grained,fine_grained_action_localization,16,17,1,0.9449711574701553,0.5448570410214476,0.5559826359592333,0.9799893122226907,0.3333333333333333,0.39999999999999997,0 3,0 1 6 7,False,1.0,True,True,0.9633141049783497,0.5448570410190167,0.5559826359567527
development,fine_grained_action_localization_5424,P06,P06-20240510-135423,fine_grained,fine_grained_action_localization,16,18,2,0.9449711574701553,0.540185748503148,0.540185748503148,1.0,1.0,0.6000000000000001,0 3,0 1 6 7,False,1.0,True,True,0.9633141049783497,0.5401857485005743,0.5401857485005743
development,fine_grained_action_localization_5424,P06,P06-20240510-135423,fine_grained,fine_grained_action_localization,16,19,3,0.9449711574701553,0.5803754845594236,0.5948185985800876,0.9757184559206089,0.3333333333333333,0.39999999999999997,0 3,0 1 6 7,False,1.0,True,True,0.9633141049783497,0.5803754845570352,0.5948185985776399
development,fine_grained_action_localization_5424,P06,P06-20240510-135423,fine_grained,fine_grained_action_localization,20,21,1,0.9775967816825073,0.633217551568855,0.633217551568855,1.0,1.0,0.7999999999999999,0 1,0 1 2 3,True,0.5,True,False,0.9850645211192895,0.6332175515650983,0.6332175515650983
development,fine_grained_action_localization_5424,P06,P06-20240510-135423,fine_grained,fine_grained_action_localization,20,22,2,0.9775967816825073,0.6434550244361211,0.6434550244361211,1.0,1.0,1.0,0 1,0 1 2 3,True,0.5,True,False,0.9850645211192895,0.6434550244313321,0.6434550244313321
development,fine_grained_action_localization_5424,P06,P06-20240510-135423,fine_grained,fine_grained_action_localization,20,23,3,0.9775967816825073,0.5655731338413776,0.5867603151893432,0.9638912503120995,0.3333333333333333,0.7999999999999999,0 1,0 1 2 3,True,0.5,True,False,0.9850645211192895,0.5655731338374888,0.5867603151853087
development,fine_grained_action_localization_5424,P06,P06-20240510-135423,fine_grained,fine_grained_action_localization,24,25,1,0.9727980405275861,0.5528573084322591,0.5742239378330142,0.9627904237475928,0.3333333333333333,0.39999999999999997,0 1,0 1 2 3,True,0.5,True,False,0.9818653603473105,0.5528573084284827,0.5742239378290919
development,fine_grained_action_localization_5424,P06,P06-20240510-135423,fine_grained,fine_grained_action_localization,24,26,2,0.9727980405275861,0.6329679985245141,0.6329679985245141,1.0,1.0,1.0,0 1,0 1 2 3,True,0.5,True,False,0.9818653603473105,0.6329679985205284,0.6329679985205284
development,fine_grained_action_localization_5424,P06,P06-20240510-135423,fine_grained,fine_grained_action_localization,24,27,3,0.9727980405275861,0.5533454244148921,0.6879310606151076,0.8043617392709715,0.3333333333333333,0.7999999999999999,0 1,0 1 2 3,True,0.5,True,False,0.9818653603473105,0.5533454244124314,0.6879310606120483
development,fine_grained_action_localization_9427,P02,P02-20240211-182630,fine_grained,fine_grained_action_localization,8,9,1,0.977853761653544,0.5858464335059309,0.5858464335059309,1.0,1.0,0.7999999999999999,0 1,0 1 2 3,True,0.5,True,False,0.9852358410991505,0.5858464335027365,0.5858464335027365
development,fine_grained_action_localization_9427,P02,P02-20240211-182630,fine_grained,fine_grained_action_localization,8,10,2,0.977853761653544,0.5228640936951114,0.546159716390498,0.9573465014055881,0.3333333333333333,0.19999999999999998,0 1,0 1 2 3,True,0.5,True,False,0.9852358410991505,0.5228640936903617,0.5461597163855366
development,fine_grained_action_localization_9427,P02,P02-20240211-182630,fine_grained,fine_grained_action_localization,8,11,3,0.977853761653544,0.6074391190738018,0.6074391190738018,1.0,1.0,0.7999999999999999,0 1,0 1 2 3,True,0.5,True,False,0.9852358410991505,0.6074391190698293,0.6074391190698293
development,fine_grained_action_localization_9427,P02,P02-20240211-182630,fine_grained,fine_grained_action_localization,12,13,1,0.9979231425394594,0.5146162711251847,0.5146162711251847,1.0,1.0,1.0,0 1,0 1 2 3,True,0.5,True,False,0.9986154283572122,0.5146162711230818,0.5146162711230818
development,fine_grained_action_localization_9427,P02,P02-20240211-182630,fine_grained,fine_grained_action_localization,12,14,2,0.9979231425394594,0.54061530623237,0.5529085703569065,0.9777661899568654,0.3333333333333333,0.39999999999999997,0 1,0 1 2 3,True,0.5,True,False,0.9986154283572122,0.5406153062300598,0.5529085703545438
development,fine_grained_action_localization_9427,P02,P02-20240211-182630,fine_grained,fine_grained_action_localization,12,15,3,0.9979231425394594,0.46118183814540326,0.5716936849592378,0.8066939521612625,0.3333333333333333,0.19999999999999998,0 1,0 1 2 3,True,0.5,True,False,0.9986154283572122,0.4611818381432943,0.5716936849566234
development,fine_grained_action_localization_9427,P02,P02-20240211-182630,fine_grained,fine_grained_action_localization,16,17,1,0.9653323708009126,0.5916836467597976,0.5916836467597976,1.0,1.0,1.0,1 2,2 3 4 5,True,0.5,False,False,0.9768882471989434,0.5916836467570118,0.5916836467570118
development,fine_grained_action_localization_9427,P02,P02-20240211-182630,fine_grained,fine_grained_action_localization,16,18,2,0.9653323708009126,0.5369202460150904,0.5961286311619849,0.9006785078725635,0.3333333333333333,0.19999999999999998,1 2,2 3 4 5,True,0.5,False,False,0.9768882471989434,0.5369202460121406,0.5961286311587098
development,fine_grained_action_localization_9427,P02,P02-20240211-182630,fine_grained,fine_grained_action_localization,16,19,3,0.9653323708009126,0.5507044182812175,0.579309498028906,0.950622111591443,0.3333333333333333,0.39999999999999997,1 2,2 3 4 5,True,0.5,False,False,0.9768882471989434,0.550704418278969,0.5793094980265407
development,fine_grained_action_localization_9427,P02,P02-20240211-182630,fine_grained,fine_grained_action_localization,20,21,1,0.9967988590242893,0.5459041917108565,0.5459041917108565,1.0,1.0,0.7999999999999999,1 2,2 3 4 5,True,0.5,False,False,0.9978659060132705,0.5459041917075382,0.5459041917075382
development,fine_grained_action_localization_9427,P02,P02-20240211-182630,fine_grained,fine_grained_action_localization,20,22,2,0.9967988590242893,0.49185372895570245,0.5702000682711618,0.8625985094091548,0.3333333333333333,-0.19999999999999998,1 2,2 3 4 5,True,0.5,False,False,0.9978659060132705,0.49185372895180973,0.570200068266649
development,fine_grained_action_localization_9427,P02,P02-20240211-182630,fine_grained,fine_grained_action_localization,20,23,3,0.9967988590242893,0.49128541846357876,0.5355095351056816,0.9174167521902756,0.3333333333333333,-0.19999999999999998,1 2,2 3 4 5,True,0.5,False,False,0.9978659060132705,0.4912854184596303,0.5355095351013777
development,fine_grained_action_localization_9427,P02,P02-20240211-182630,fine_grained,fine_grained_action_localization,24,25,1,0.996943740705359,0.5604523151803817,0.5604523151803817,1.0,1.0,1.0,0 1,0 1 2 3,True,0.5,True,False,0.9979624937984054,0.5604523151755081,0.5604523151755081
development,fine_grained_action_localization_9427,P02,P02-20240211-182630,fine_grained,fine_grained_action_localization,24,26,2,0.996943740705359,0.5933275528671704,0.5933275528671704,1.0,1.0,1.0,0 1,0 1 2 3,True,0.5,True,False,0.9979624937984054,0.5933275528630446,0.5933275528630446
development,fine_grained_action_localization_9427,P02,P02-20240211-182630,fine_grained,fine_grained_action_localization,24,27,3,0.996943740705359,0.5925331745338842,0.5925331745338842,1.0,1.0,0.7999999999999999,0 1,0 1 2 3,True,0.5,True,False,0.9979624937984054,0.5925331745305786,0.5925331745305786
development,fine_grained_action_recognition_1705,P06,P06-20240510-121619,fine_grained,fine_grained_action_recognition,8,9,1,0.9421772662029592,0.6483888219578152,0.6483888219578152,1.0,1.0,1.0,0 1,0 1 2 3,True,0.5,True,False,0.9614515107986732,0.6483888219540341,0.6483888219540341
development,fine_grained_action_recognition_1705,P06,P06-20240510-121619,fine_grained,fine_grained_action_recognition,8,10,2,0.9421772662029592,0.6422401412187747,0.6422401412187747,1.0,1.0,1.0,0 1,0 1 2 3,True,0.5,True,False,0.9614515107986732,0.642240141211072,0.642240141211072
development,fine_grained_action_recognition_1705,P06,P06-20240510-121619,fine_grained,fine_grained_action_recognition,8,11,3,0.9421772662029592,0.6258386137353799,0.6258386137353799,1.0,1.0,1.0,0 1,0 1 2 3,True,0.5,True,False,0.9614515107986732,0.6258386137316606,0.6258386137316606
development,fine_grained_action_recognition_1705,P06,P06-20240510-121619,fine_grained,fine_grained_action_recognition,12,13,1,0.9825875279691726,0.5493425460036692,0.5597139099508326,0.9814702408448729,0.3333333333333333,0.39999999999999997,0 1,0 1 2 3,True,0.5,True,False,0.9883916853096805,0.5493425460008878,0.5597139099479987
development,fine_grained_action_recognition_1705,P06,P06-20240510-121619,fine_grained,fine_grained_action_recognition,12,14,2,0.9825875279691726,0.6151259251736855,0.6151259251736855,1.0,1.0,1.0,0 1,0 1 2 3,True,0.5,True,False,0.9883916853096805,0.6151259251708192,0.6151259251708192
development,fine_grained_action_recognition_1705,P06,P06-20240510-121619,fine_grained,fine_grained_action_recognition,12,15,3,0.9825875279691726,0.49154720089719717,0.5084527991028028,0.9667508995221648,0.0,-0.7999999999999999,0 1,0 1 2 3,True,0.5,True,False,0.9883916853096805,0.4915472008942189,0.5084527990997222
development,fine_grained_action_recognition_1705,P06,P06-20240510-121619,fine_grained,fine_grained_action_recognition,16,17,1,0.9962987973221896,0.5303783204793651,0.5336296913041743,0.9939070653717507,0.3333333333333333,0.19999999999999998,0 2,0 1 4 5,False,0.75,True,False,0.9975325315449363,0.5303783204744394,0.5336296912992184
development,fine_grained_action_recognition_1705,P06,P06-20240510-121619,fine_grained,fine_grained_action_recognition,16,18,2,0.9962987973221896,0.5189590568132287,0.5189590568132287,1.0,1.0,1.0,0 2,0 1 4 5,False,0.75,True,False,0.9975325315449363,0.518959056809421,0.518959056809421
development,fine_grained_action_recognition_1705,P06,P06-20240510-121619,fine_grained,fine_grained_action_recognition,16,19,3,0.9962987973221896,0.5467208615168364,0.5540076953281874,0.9868470530774228,0.3333333333333333,0.7999999999999999,0 2,0 1 4 5,False,0.75,True,False,0.9975325315449363,0.5467208615136044,0.5540076953249125
development,fine_grained_action_recognition_1705,P06,P06-20240510-121619,fine_grained,fine_grained_action_recognition,20,21,1,0.9968193610331945,0.5539301824767549,0.5760828698966678,0.9615460056573345,0.3333333333333333,0.39999999999999997,0 3,0 1 6 7,False,1.0,True,True,0.997879574018342,0.5539301824719801,0.5760828698917022
development,fine_grained_action_recognition_1705,P06,P06-20240510-121619,fine_grained,fine_grained_action_recognition,20,22,2,0.9968193610331945,0.5890671664560017,0.6090628467344656,0.9671697586124777,0.3333333333333333,0.19999999999999998,0 3,0 1 6 7,False,1.0,True,True,0.997879574018342,0.5890671664491958,0.6090628467274287
development,fine_grained_action_recognition_1705,P06,P06-20240510-121619,fine_grained,fine_grained_action_recognition,20,23,3,0.9968193610331945,0.572760538184481,0.572760538184481,1.0,1.0,0.7999999999999999,0 3,0 1 6 7,False,1.0,True,True,0.997879574018342,0.572760538178946,0.572760538178946
development,fine_grained_action_recognition_1705,P06,P06-20240510-121619,fine_grained,fine_grained_action_recognition,24,25,1,0.9798358799703506,0.595078102897796,0.595078102897796,1.0,1.0,1.0,0 1,0 1 2 3,True,0.5,True,False,0.9865572533078544,0.5950781028918035,0.5950781028918035
development,fine_grained_action_recognition_1705,P06,P06-20240510-121619,fine_grained,fine_grained_action_recognition,24,26,2,0.9798358799703506,0.581262869294685,0.5851723980345265,0.9933190137590686,0.3333333333333333,0.7999999999999999,0 1,0 1 2 3,True,0.5,True,False,0.9865572533078544,0.5812628692900808,0.5851723980298913
development,fine_grained_action_recognition_1705,P06,P06-20240510-121619,fine_grained,fine_grained_action_recognition,24,27,3,0.9798358799703506,0.631473793006968,0.631473793006968,1.0,1.0,1.0,0 1,0 1 2 3,True,0.5,True,False,0.9865572533078544,0.6314737930026479,0.6314737930026479
development,fine_grained_action_recognition_284,P01,P01-20240202-161354,fine_grained,fine_grained_action_recognition,8,9,1,0.9390370435199368,0.646025228193629,0.646025228193629,1.0,1.0,1.0,0 1,0 1 2 3,True,0.5,True,False,0.9593580290098224,0.6460252281899476,0.6460252281899476
development,fine_grained_action_recognition_284,P01,P01-20240202-161354,fine_grained,fine_grained_action_recognition,8,10,2,0.9390370435199368,0.6461231328496438,0.6461231328496438,1.0,1.0,1.0,0 1,0 1 2 3,True,0.5,True,False,0.9593580290098224,0.646123132841791,0.646123132841791
development,fine_grained_action_recognition_284,P01,P01-20240202-161354,fine_grained,fine_grained_action_recognition,8,11,3,0.9390370435199368,0.6247113642764166,0.6247113642764166,1.0,1.0,1.0,0 1,0 1 2 3,True,0.5,True,False,0.9593580290098224,0.6247113642723404,0.6247113642723404
development,fine_grained_action_recognition_284,P01,P01-20240202-161354,fine_grained,fine_grained_action_recognition,12,13,1,0.9767010416619849,0.5890860917510011,0.5890860917510011,1.0,1.0,1.0,0 1,0 1 2 3,True,0.5,True,False,0.9844673611047785,0.5890860917480614,0.5890860917480614
development,fine_grained_action_recognition_284,P01,P01-20240202-161354,fine_grained,fine_grained_action_recognition,12,14,2,0.9767010416619849,0.6201637463973746,0.6201637463973746,1.0,1.0,1.0,0 1,0 1 2 3,True,0.5,True,False,0.9844673611047785,0.6201637463940641,0.6201637463940641
development,fine_grained_action_recognition_284,P01,P01-20240202-161354,fine_grained,fine_grained_action_recognition,12,15,3,0.9767010416619849,0.5187610774277736,0.5187610774277736,1.0,1.0,0.7999999999999999,0 1,0 1 2 3,True,0.5,True,False,0.9844673611047785,0.5187610774245612,0.5187610774245613
development,fine_grained_action_recognition_284,P01,P01-20240202-161354,fine_grained,fine_grained_action_recognition,16,17,1,0.9933650260923967,0.5582348292734123,0.5582348292734123,1.0,1.0,1.0,0 1,0 1 2 3,True,0.5,True,False,0.9955766840581233,0.5582348292683008,0.5582348292683008
development,fine_grained_action_recognition_284,P01,P01-20240202-161354,fine_grained,fine_grained_action_recognition,16,18,2,0.9933650260923967,0.5550894530680353,0.5550894530680353,1.0,1.0,1.0,0 1,0 1 2 3,True,0.5,True,False,0.9955766840581233,0.5550894530641057,0.5550894530641057
development,fine_grained_action_recognition_284,P01,P01-20240202-161354,fine_grained,fine_grained_action_recognition,16,19,3,0.9933650260923967,0.5496750515170024,0.5496750515170024,1.0,1.0,1.0,0 1,0 1 2 3,True,0.5,True,False,0.9955766840581233,0.5496750515139059,0.5496750515139059
development,fine_grained_action_recognition_284,P01,P01-20240202-161354,fine_grained,fine_grained_action_recognition,20,21,1,0.9935344326902465,0.590128028919638,0.590128028919638,1.0,1.0,1.0,0 1,0 1 2 3,True,0.5,True,False,0.995689621789441,0.5901280289141205,0.5901280289141205
development,fine_grained_action_recognition_284,P01,P01-20240202-161354,fine_grained,fine_grained_action_recognition,20,22,2,0.9935344326902465,0.635331542603128,0.635331542603128,1.0,1.0,1.0,0 1,0 1 2 3,True,0.5,True,False,0.995689621789441,0.6353315425952859,0.6353315425952859
development,fine_grained_action_recognition_284,P01,P01-20240202-161354,fine_grained,fine_grained_action_recognition,20,23,3,0.9935344326902465,0.6156160784216687,0.6156160784216687,1.0,1.0,1.0,0 1,0 1 2 3,True,0.5,True,False,0.995689621789441,0.6156160784155902,0.6156160784155902
development,fine_grained_action_recognition_284,P01,P01-20240202-161354,fine_grained,fine_grained_action_recognition,24,25,1,0.9601398871253058,0.65266286029773,0.65266286029773,1.0,1.0,1.0,0 1,0 1 2 3,True,0.5,True,False,0.9734265914108973,0.652662860290963,0.652662860290963
development,fine_grained_action_recognition_284,P01,P01-20240202-161354,fine_grained,fine_grained_action_recognition,24,26,2,0.9601398871253058,0.6210529015981321,0.6213087828709499,0.9995881576441983,0.3333333333333333,0.7999999999999999,0 1,0 1 2 3,True,0.5,True,False,0.9734265914108973,0.6210529015935934,0.6213087828664093
development,fine_grained_action_recognition_284,P01,P01-20240202-161354,fine_grained,fine_grained_action_recognition,24,27,3,0.9601398871253058,0.67094819277665,0.67094819277665,1.0,1.0,1.0,0 1,0 1 2 3,True,0.5,True,False,0.9734265914108973,0.6709481927721839,0.6709481927721839
development,fine_grained_action_recognition_3572,P04,P04-20240414-162750,fine_grained,fine_grained_action_recognition,8,9,1,0.9269904774655673,0.6983629276902017,0.6983629276902017,1.0,1.0,1.0,0 1,0 1 2 3,True,0.5,True,False,0.9513269849737622,0.69836292768615,0.69836292768615
development,fine_grained_action_recognition_3572,P04,P04-20240414-162750,fine_grained,fine_grained_action_recognition,8,10,2,0.9269904774655673,0.7016910928165176,0.7016910928165176,1.0,1.0,1.0,0 1,0 1 2 3,True,0.5,True,False,0.9513269849737622,0.7016910928082543,0.7016910928082543
development,fine_grained_action_recognition_3572,P04,P04-20240414-162750,fine_grained,fine_grained_action_recognition,8,11,3,0.9269904774655673,0.6647141759447367,0.6647141759447367,1.0,1.0,1.0,0 1,0 1 2 3,True,0.5,True,False,0.9513269849737622,0.6647141759404993,0.6647141759404993
development,fine_grained_action_recognition_3572,P04,P04-20240414-162750,fine_grained,fine_grained_action_recognition,12,13,1,0.9581609575443313,0.6456834946629858,0.6456834946629858,1.0,1.0,1.0,0 1,0 1 2 3,True,0.5,True,False,0.9721073050263989,0.6456834946597032,0.6456834946597032
development,fine_grained_action_recognition_3572,P04,P04-20240414-162750,fine_grained,fine_grained_action_recognition,12,14,2,0.9581609575443313,0.6712734323095864,0.6712734323095864,1.0,1.0,1.0,0 1,0 1 2 3,True,0.5,True,False,0.9721073050263989,0.6712734323061625,0.6712734323061625
development,fine_grained_action_recognition_3572,P04,P04-20240414-162750,fine_grained,fine_grained_action_recognition,12,15,3,0.9581609575443313,0.5641891741734647,0.5641891741734647,1.0,1.0,0.7999999999999999,0 1,0 1 2 3,True,0.5,True,False,0.9721073050263989,0.564189174169931,0.5641891741699309
development,fine_grained_action_recognition_3572,P04,P04-20240414-162750,fine_grained,fine_grained_action_recognition,16,17,1,0.9757485551037496,0.587476301415753,0.587476301415753,1.0,1.0,1.0,0 1,0 1 2 3,True,0.5,True,False,0.9838323700658582,0.5874763014103644,0.5874763014103644
development,fine_grained_action_recognition_3572,P04,P04-20240414-162750,fine_grained,fine_grained_action_recognition,16,18,2,0.9757485551037496,0.6181636868535141,0.6181636868535141,1.0,1.0,0.7999999999999999,0 1,0 1 2 3,True,0.5,True,False,0.9838323700658582,0.6181636868490696,0.6181636868490696
development,fine_grained_action_recognition_3572,P04,P04-20240414-162750,fine_grained,fine_grained_action_recognition,16,19,3,0.9757485551037496,0.5874742562116084,0.5874742562116084,1.0,1.0,0.7999999999999999,0 1,0 1 2 3,True,0.5,True,False,0.9838323700658582,0.5874742562084038,0.5874742562084038
development,fine_grained_action_recognition_3572,P04,P04-20240414-162750,fine_grained,fine_grained_action_recognition,20,21,1,0.9885807424924034,0.6319724339254582,0.6319724339254582,1.0,1.0,1.0,0 1,0 1 2 3,True,0.5,True,False,0.9923871616577956,0.6319724339201043,0.6319724339201043
development,fine_grained_action_recognition_3572,P04,P04-20240414-162750,fine_grained,fine_grained_action_recognition,20,22,2,0.9885807424924034,0.6747748253680368,0.6747748253680368,1.0,1.0,1.0,0 1,0 1 2 3,True,0.5,True,False,0.9923871616577956,0.6747748253607394,0.6747748253607394
development,fine_grained_action_recognition_3572,P04,P04-20240414-162750,fine_grained,fine_grained_action_recognition,20,23,3,0.9885807424924034,0.649656592748459,0.649656592748459,1.0,1.0,1.0,0 1,0 1 2 3,True,0.5,True,False,0.9923871616577956,0.6496565927420292,0.6496565927420292
development,fine_grained_action_recognition_3572,P04,P04-20240414-162750,fine_grained,fine_grained_action_recognition,24,25,1,0.9414357438713379,0.6852740449247087,0.6852740449247087,1.0,1.0,1.0,0 1,0 1 2 3,True,0.5,True,False,0.9609571625752211,0.6852740449172992,0.6852740449172992
development,fine_grained_action_recognition_3572,P04,P04-20240414-162750,fine_grained,fine_grained_action_recognition,24,26,2,0.9414357438713379,0.656509239920362,0.656509239920362,1.0,1.0,1.0,0 1,0 1 2 3,True,0.5,True,False,0.9609571625752211,0.6565092399150276,0.6565092399150276
development,fine_grained_action_recognition_3572,P04,P04-20240414-162750,fine_grained,fine_grained_action_recognition,24,27,3,0.9414357438713379,0.7214018106433668,0.7214018106433668,1.0,1.0,1.0,0 1,0 1 2 3,True,0.5,True,False,0.9609571625752211,0.7214018106380613,0.7214018106380613
development,gaze_interaction_anticipation_41,P03,P03-20240218-202148,gaze,gaze_interaction_anticipation,8,9,1,0.9615031081086379,0.5996472309079558,0.5996472309079558,1.0,1.0,1.0,0 1,0 1 2 3,True,0.5,True,False,0.9743354054019521,0.5996472309050339,0.5996472309050339
development,gaze_interaction_anticipation_41,P03,P03-20240218-202148,gaze,gaze_interaction_anticipation,8,10,2,0.9615031081086379,0.580032126075114,0.580032126075114,1.0,1.0,1.0,0 1,0 1 2 3,True,0.5,True,False,0.9743354054019521,0.5800321260700796,0.5800321260700796
development,gaze_interaction_anticipation_41,P03,P03-20240218-202148,gaze,gaze_interaction_anticipation,8,11,3,0.9615031081086379,0.5615063182684723,0.5615063182684723,1.0,1.0,1.0,0 1,0 1 2 3,True,0.5,True,False,0.9743354054019521,0.5615063182653148,0.5615063182653148
development,gaze_interaction_anticipation_41,P03,P03-20240218-202148,gaze,gaze_interaction_anticipation,12,13,1,0.9958747989455717,0.5486702650584594,0.5486702650584594,1.0,1.0,1.0,0 3,0 1 6 7,False,1.0,True,True,0.9972498659612424,0.5486702650564491,0.5486702650564491
development,gaze_interaction_anticipation_41,P03,P03-20240218-202148,gaze,gaze_interaction_anticipation,12,14,2,0.9958747989455717,0.5804733947643513,0.5804733947643513,1.0,1.0,1.0,0 3,0 1 6 7,False,1.0,True,True,0.9972498659612424,0.5804733947619093,0.5804733947619093
development,gaze_interaction_anticipation_41,P03,P03-20240218-202148,gaze,gaze_interaction_anticipation,12,15,3,0.9958747989455717,0.4858664447940376,0.5284077136004103,0.9194915825196621,0.3333333333333333,-0.39999999999999997,0 3,0 1 6 7,False,1.0,True,True,0.9972498659612424,0.48586644479132923,0.5284077135974647
development,gaze_interaction_anticipation_41,P03,P03-20240218-202148,gaze,gaze_interaction_anticipation,16,17,1,0.9902789905984648,0.56380113722363,0.56380113722363,1.0,1.0,0.6000000000000001,0 3,0 1 6 7,False,1.0,True,True,0.9935193270631194,0.5638011372201234,0.5638011372201233
development,gaze_interaction_anticipation_41,P03,P03-20240218-202148,gaze,gaze_interaction_anticipation,16,18,2,0.9902789905984648,0.59674409654087,0.59674409654087,1.0,1.0,0.6000000000000001,0 3,0 1 6 7,False,1.0,True,True,0.9935193270631194,0.5967440965373425,0.5967440965373425
development,gaze_interaction_anticipation_41,P03,P03-20240218-202148,gaze,gaze_interaction_anticipation,16,19,3,0.9902789905984648,0.6079390975840773,0.6079390975840773,1.0,1.0,0.7999999999999999,0 3,0 1 6 7,False,1.0,True,True,0.9935193270631194,0.607939097581333,0.607939097581333
development,gaze_interaction_anticipation_41,P03,P03-20240218-202148,gaze,gaze_interaction_anticipation,20,21,1,0.9913208785422833,0.5731424873770266,0.5731424873770266,1.0,1.0,0.7999999999999999,0 3,0 1 6 7,False,1.0,True,True,0.9942139190254554,0.5731424873736839,0.5731424873736839
development,gaze_interaction_anticipation_41,P03,P03-20240218-202148,gaze,gaze_interaction_anticipation,20,22,2,0.9913208785422833,0.5774630636932649,0.5780579720193618,0.9989708500619433,0.3333333333333333,0.39999999999999997,0 3,0 1 6 7,False,1.0,True,True,0.9942139190254554,0.5774630636892848,0.5780579720153776
development,gaze_interaction_anticipation_41,P03,P03-20240218-202148,gaze,gaze_interaction_anticipation,20,23,3,0.9913208785422833,0.5757079534325872,0.6125019317849896,0.9399283880702626,0.3333333333333333,0.39999999999999997,0 3,0 1 6 7,False,1.0,True,True,0.9942139190254554,0.5757079534282039,0.6125019317803262
development,gaze_interaction_anticipation_41,P03,P03-20240218-202148,gaze,gaze_interaction_anticipation,24,25,1,0.9754000992301506,0.6198794278667394,0.6198794278667394,1.0,1.0,1.0,0 1,0 1 2 3,True,0.5,True,False,0.9836000661491409,0.6198794278619594,0.6198794278619594
development,gaze_interaction_anticipation_41,P03,P03-20240218-202148,gaze,gaze_interaction_anticipation,24,26,2,0.9754000992301506,0.5936026011207164,0.5936026011207164,1.0,1.0,1.0,0 1,0 1 2 3,True,0.5,True,False,0.9836000661491409,0.5936026011168927,0.5936026011168927
development,gaze_interaction_anticipation_41,P03,P03-20240218-202148,gaze,gaze_interaction_anticipation,24,27,3,0.9754000992301506,0.6240858846838163,0.6252468081037902,0.9981432557432885,0.3333333333333333,0.7999999999999999,0 1,0 1 2 3,True,0.5,True,False,0.9836000661491409,0.6240858846802689,0.6252468081002361
development,gaze_interaction_anticipation_5,P05,P05-20240425-201444,gaze,gaze_interaction_anticipation,8,9,1,0.9664661908075605,0.6065382748993019,0.6065382748993019,1.0,1.0,1.0,0 1,0 1 2 3,True,0.5,True,False,0.9776441272016116,0.6065382748965622,0.6065382748965622
development,gaze_interaction_anticipation_5,P05,P05-20240425-201444,gaze,gaze_interaction_anticipation,8,10,2,0.9664661908075605,0.5857119820413546,0.5857119820413546,1.0,1.0,1.0,0 1,0 1 2 3,True,0.5,True,False,0.9776441272016116,0.5857119820362087,0.5857119820362087
development,gaze_interaction_anticipation_5,P05,P05-20240425-201444,gaze,gaze_interaction_anticipation,8,11,3,0.9664661908075605,0.5721896480822567,0.5721896480822567,1.0,1.0,0.7999999999999999,0 1,0 1 2 3,True,0.5,True,False,0.9776441272016116,0.572189648079054,0.572189648079054
development,gaze_interaction_anticipation_5,P05,P05-20240425-201444,gaze,gaze_interaction_anticipation,12,13,1,0.9861588340425897,0.5216041956243258,0.5216041956243258,1.0,1.0,1.0,0 1,0 1 2 3,True,0.5,True,False,0.9907725560261972,0.5216041956223852,0.5216041956223854
development,gaze_interaction_anticipation_5,P05,P05-20240425-201444,gaze,gaze_interaction_anticipation,12,14,2,0.9861588340425897,0.5906331087007981,0.5906331087007981,1.0,1.0,1.0,0 1,0 1 2 3,True,0.5,True,False,0.9907725560261972,0.5906331086984039,0.590633108698404
development,gaze_interaction_anticipation_5,P05,P05-20240425-201444,gaze,gaze_interaction_anticipation,12,15,3,0.9861588340425897,0.4914845462789001,0.5582307298096594,0.8804326240629609,0.3333333333333333,0.0,0 1,0 1 2 3,True,0.5,True,False,0.9907725560261972,0.49148454627621263,0.5582307298066069
development,gaze_interaction_anticipation_5,P05,P05-20240425-201444,gaze,gaze_interaction_anticipation,16,17,1,0.967538494561386,0.5517174529816713,0.5567936559491592,0.9908831522894517,0.3333333333333333,0.39999999999999997,1 2,2 3 4 5,True,0.5,False,False,0.9783589963719173,0.551717452978543,0.5567936559460022
development,gaze_interaction_anticipation_5,P05,P05-20240425-201444,gaze,gaze_interaction_anticipation,16,18,2,0.967538494561386,0.5017501636201496,0.54228601411977,0.9252500535802726,0.3333333333333333,-0.39999999999999997,1 2,2 3 4 5,True,0.5,False,False,0.9783589963719173,0.5017501636171208,0.5422860141164966
development,gaze_interaction_anticipation_5,P05,P05-20240425-201444,gaze,gaze_interaction_anticipation,16,19,3,0.967538494561386,0.5926151873680156,0.5926151873680156,1.0,1.0,0.7999999999999999,1 2,2 3 4 5,True,0.5,False,False,0.9783589963719173,0.5926151873653961,0.5926151873653961
development,gaze_interaction_anticipation_5,P05,P05-20240425-201444,gaze,gaze_interaction_anticipation,20,21,1,0.9894734814723709,0.5411875601330578,0.565096820331529,0.9576899757028465,0.3333333333333333,0.39999999999999997,1 2,2 3 4 5,True,0.5,False,False,0.9929823209789336,0.5411875601301888,0.5650968203285331
development,gaze_interaction_anticipation_5,P05,P05-20240425-201444,gaze,gaze_interaction_anticipation,20,22,2,0.9894734814723709,0.5423882446092034,0.5732144111183717,0.9462222757989899,0.3333333333333333,0.39999999999999997,1 2,2 3 4 5,True,0.5,False,False,0.9929823209789336,0.5423882446056176,0.573214411114582
development,gaze_interaction_anticipation_5,P05,P05-20240425-201444,gaze,gaze_interaction_anticipation,20,23,3,0.9894734814723709,0.49122639052526273,0.5748503218617266,0.8545292084631056,0.3333333333333333,0.19999999999999998,1 2,2 3 4 5,True,0.5,False,False,0.9929823209789336,0.4912263905217051,0.5748503218575634
development,gaze_interaction_anticipation_5,P05,P05-20240425-201444,gaze,gaze_interaction_anticipation,24,25,1,0.9899296234501592,0.5711823930883132,0.5711823930883132,1.0,1.0,1.0,0 1,0 1 2 3,True,0.5,True,False,0.9932864156289988,0.571182393083829,0.571182393083829
development,gaze_interaction_anticipation_5,P05,P05-20240425-201444,gaze,gaze_interaction_anticipation,24,26,2,0.9899296234501592,0.5730413088527009,0.5730413088527009,1.0,1.0,1.0,0 1,0 1 2 3,True,0.5,True,False,0.9932864156289988,0.5730413088489408,0.5730413088489408
development,gaze_interaction_anticipation_5,P05,P05-20240425-201444,gaze,gaze_interaction_anticipation,24,27,3,0.9899296234501592,0.62719588390858,0.62719588390858,1.0,1.0,1.0,0 1,0 1 2 3,True,0.5,True,False,0.9932864156289988,0.6271958839051182,0.6271958839051182
development,gaze_interaction_anticipation_926,P01,P01-20240203-130505,gaze,gaze_interaction_anticipation,8,9,1,0.9552857056083509,0.639734086108825,0.639734086108825,1.0,1.0,0.7999999999999999,0 1,0 1 2 3,True,0.5,True,False,0.9701904704018546,0.6397340861055593,0.6397340861055593
development,gaze_interaction_anticipation_926,P01,P01-20240203-130505,gaze,gaze_interaction_anticipation,8,10,2,0.9552857056083509,0.618247652380815,0.618247652380815,1.0,1.0,1.0,0 1,0 1 2 3,True,0.5,True,False,0.9701904704018546,0.6182476523746545,0.6182476523746545
development,gaze_interaction_anticipation_926,P01,P01-20240203-130505,gaze,gaze_interaction_anticipation,8,11,3,0.9552857056083509,0.5902189082045941,0.5902189082045941,1.0,1.0,0.7999999999999999,0 1,0 1 2 3,True,0.5,True,False,0.9701904704018546,0.590218908200823,0.590218908200823
development,gaze_interaction_anticipation_926,P01,P01-20240203-130505,gaze,gaze_interaction_anticipation,12,13,1,0.992932216928006,0.541583890750067,0.541583890750067,1.0,1.0,1.0,0 1,0 1 2 3,True,0.5,True,False,0.9952881446158555,0.5415838907480193,0.5415838907480193
development,gaze_interaction_anticipation_926,P01,P01-20240203-130505,gaze,gaze_interaction_anticipation,12,14,2,0.992932216928006,0.5956714975093487,0.5956714975093487,1.0,1.0,0.7999999999999999,0 1,0 1 2 3,True,0.5,True,False,0.9952881446158555,0.5956714975067877,0.5956714975067877
development,gaze_interaction_anticipation_926,P01,P01-20240203-130505,gaze,gaze_interaction_anticipation,12,15,3,0.992932216928006,0.49052962711843895,0.5469876148333441,0.896783791471939,0.3333333333333333,0.19999999999999998,0 1,0 1 2 3,True,0.5,True,False,0.9952881446158555,0.4905296271154833,0.5469876148300483
development,gaze_interaction_anticipation_926,P01,P01-20240203-130505,gaze,gaze_interaction_anticipation,16,17,1,0.9935282062070847,0.5006214358597146,0.5514260728299077,0.9078668211869912,0.3333333333333333,0.39999999999999997,0 1,0 1 2 3,True,0.5,True,False,0.9956854708022824,0.5006214358564529,0.5514260728263151
development,gaze_interaction_anticipation_926,P01,P01-20240203-130505,gaze,gaze_interaction_anticipation,16,18,2,0.9935282062070847,0.4860207217489052,0.5571876265235847,0.8722747932887431,0.3333333333333333,0.39999999999999997,0 1,0 1 2 3,True,0.5,True,False,0.9956854708022824,0.48602072174622846,0.5571876265205159
development,gaze_interaction_anticipation_926,P01,P01-20240203-130505,gaze,gaze_interaction_anticipation,16,19,3,0.9935282062070847,0.5110848907037624,0.5519798812988702,0.9259121718369928,0.3333333333333333,0.7999999999999999,0 1,0 1 2 3,True,0.5,True,False,0.9956854708022824,0.5110848907013363,0.5519798812962501
development,gaze_interaction_anticipation_926,P01,P01-20240203-130505,gaze,gaze_interaction_anticipation,20,21,1,0.9928278050594118,0.5826231836818653,0.5826231836818653,1.0,1.0,1.0,0 1,0 1 2 3,True,0.5,True,False,0.9952185367034052,0.5826231836786979,0.5826231836786979
development,gaze_interaction_anticipation_926,P01,P01-20240203-130505,gaze,gaze_interaction_anticipation,20,22,2,0.9928278050594118,0.6172854691738243,0.6172854691738243,1.0,1.0,1.0,0 1,0 1 2 3,True,0.5,True,False,0.9952185367034052,0.6172854691696648,0.6172854691696648
development,gaze_interaction_anticipation_926,P01,P01-20240203-130505,gaze,gaze_interaction_anticipation,20,23,3,0.9928278050594118,0.5999888873301498,0.5999888873301498,1.0,1.0,1.0,0 1,0 1 2 3,True,0.5,True,False,0.9952185367034052,0.599988887325757,0.599988887325757
development,gaze_interaction_anticipation_926,P01,P01-20240203-130505,gaze,gaze_interaction_anticipation,24,25,1,0.9861321025813438,0.5990058133032354,0.5990058133032354,1.0,1.0,1.0,0 1,0 1 2 3,True,0.5,True,False,0.9907547350501393,0.599005813298942,0.599005813298942
development,gaze_interaction_anticipation_926,P01,P01-20240203-130505,gaze,gaze_interaction_anticipation,24,26,2,0.9861321025813438,0.6312936888415378,0.6312936888415378,1.0,1.0,1.0,0 1,0 1 2 3,True,0.5,True,False,0.9907547350501393,0.6312936888373549,0.6312936888373549
development,gaze_interaction_anticipation_926,P01,P01-20240203-130505,gaze,gaze_interaction_anticipation,24,27,3,0.9861321025813438,0.6279885870018584,0.6279885870018584,1.0,1.0,1.0,0 1,0 1 2 3,True,0.5,True,False,0.9907547350501393,0.6279885869983771,0.6279885869983771
development,ingredient_ingredient_adding_localization_23,P08,P08-20240622-141902,ingredient,ingredient_ingredient_adding_localization,8,9,1,0.9045930383302179,0.6867814186670067,0.6867814186670067,1.0,1.0,0.7999999999999999,0 2,0 1 4 5,False,0.75,True,False,0.9363953588839504,0.6867814186641377,0.6867814186641377
development,ingredient_ingredient_adding_localization_23,P08,P08-20240622-141902,ingredient,ingredient_ingredient_adding_localization,8,10,2,0.9045930383302179,0.5882476365390195,0.6496765274588081,0.9054469596430302,0.3333333333333333,0.39999999999999997,0 2,0 1 4 5,False,0.75,True,False,0.9363953588839504,0.5882476365351489,0.6496765274545333
development,ingredient_ingredient_adding_localization_23,P08,P08-20240622-141902,ingredient,ingredient_ingredient_adding_localization,8,11,3,0.9045930383302179,0.7067681335905909,0.7067681335905909,1.0,1.0,1.0,0 2,0 1 4 5,False,0.75,True,False,0.9363953588839504,0.7067681335863292,0.7067681335863292
development,ingredient_ingredient_adding_localization_23,P08,P08-20240622-141902,ingredient,ingredient_ingredient_adding_localization,12,13,1,0.9508013281324752,0.67788156628103,0.67788156628103,1.0,1.0,1.0,0 2,0 1 4 5,False,0.75,True,False,0.9672008854193835,0.6778815662783949,0.6778815662783949
development,ingredient_ingredient_adding_localization_23,P08,P08-20240622-141902,ingredient,ingredient_ingredient_adding_localization,12,14,2,0.9508013281324752,0.6978566305134353,0.6978566305134353,1.0,1.0,1.0,0 2,0 1 4 5,False,0.75,True,False,0.9672008854193835,0.6978566305111952,0.6978566305111952
development,ingredient_ingredient_adding_localization_23,P08,P08-20240622-141902,ingredient,ingredient_ingredient_adding_localization,12,15,3,0.9508013281324752,0.6739005783572818,0.6739005783572818,1.0,1.0,1.0,0 2,0 1 4 5,False,0.75,True,False,0.9672008854193835,0.6739005783539698,0.6739005783539698
development,ingredient_ingredient_adding_localization_23,P08,P08-20240622-141902,ingredient,ingredient_ingredient_adding_localization,16,17,1,0.9334901926196374,0.6809270550371792,0.6809270550371792,1.0,1.0,1.0,0 2,0 1 4 5,False,0.75,True,False,0.9556601284112344,0.6809270550330584,0.6809270550330584
development,ingredient_ingredient_adding_localization_23,P08,P08-20240622-141902,ingredient,ingredient_ingredient_adding_localization,16,18,2,0.9334901926196374,0.6430864769901513,0.6430864769901513,1.0,1.0,1.0,0 2,0 1 4 5,False,0.75,True,False,0.9556601284112344,0.6430864769856319,0.6430864769856319
development,ingredient_ingredient_adding_localization_23,P08,P08-20240622-141902,ingredient,ingredient_ingredient_adding_localization,16,19,3,0.9334901926196374,0.6146252680030236,0.6146252680030236,1.0,1.0,0.7999999999999999,0 2,0 1 4 5,False,0.75,True,False,0.9556601284112344,0.6146252680002549,0.6146252680002549
development,ingredient_ingredient_adding_localization_23,P08,P08-20240622-141902,ingredient,ingredient_ingredient_adding_localization,20,21,1,0.9521445882346222,0.6565235172669942,0.6565235172669942,1.0,1.0,1.0,0 2,0 1 4 5,False,0.75,True,False,0.9680963921535752,0.6565235172629265,0.6565235172629265
development,ingredient_ingredient_adding_localization_23,P08,P08-20240622-141902,ingredient,ingredient_ingredient_adding_localization,20,22,2,0.9521445882346222,0.7060042025844668,0.7060042025844668,1.0,1.0,0.7999999999999999,0 2,0 1 4 5,False,0.75,True,False,0.9680963921535752,0.7060042025788378,0.7060042025788378
development,ingredient_ingredient_adding_localization_23,P08,P08-20240622-141902,ingredient,ingredient_ingredient_adding_localization,20,23,3,0.9521445882346222,0.6714120482827804,0.6714120482827804,1.0,1.0,0.7999999999999999,0 2,0 1 4 5,False,0.75,True,False,0.9680963921535752,0.6714120482777307,0.6714120482777307
development,ingredient_ingredient_adding_localization_23,P08,P08-20240622-141902,ingredient,ingredient_ingredient_adding_localization,24,25,1,0.9528675542848886,0.6541028083424654,0.6541028083424654,1.0,1.0,1.0,0 2,0 1 4 5,False,0.75,True,False,0.968578369519726,0.6541028083376241,0.6541028083376241
development,ingredient_ingredient_adding_localization_23,P08,P08-20240622-141902,ingredient,ingredient_ingredient_adding_localization,24,26,2,0.9528675542848886,0.6699230433500247,0.6699230433500247,1.0,1.0,0.7999999999999999,0 2,0 1 4 5,False,0.75,True,False,0.968578369519726,0.6699230433455626,0.6699230433455626
development,ingredient_ingredient_adding_localization_23,P08,P08-20240622-141902,ingredient,ingredient_ingredient_adding_localization,24,27,3,0.9528675542848886,0.6105785431033315,0.677398909594296,0.9013574342317967,0.3333333333333333,0.7999999999999999,0 2,0 1 4 5,False,0.75,True,False,0.968578369519726,0.6105785431004382,0.6773989095910861
development,ingredient_ingredient_adding_localization_91,P08,P08-20240617-184909,ingredient,ingredient_ingredient_adding_localization,8,9,1,0.9414375884706658,0.5950819368452912,0.5978509668585892,0.995368360734034,0.3333333333333333,0.7999999999999999,0 1,0 1 2 3,True,0.5,True,False,0.9609583923113801,0.5950819368428303,0.5978509668561168
development,ingredient_ingredient_adding_localization_91,P08,P08-20240617-184909,ingredient,ingredient_ingredient_adding_localization,8,10,2,0.9414375884706658,0.5696653647018473,0.5975727866950618,0.953298706677124,0.3333333333333333,0.39999999999999997,0 1,0 1 2 3,True,0.5,True,False,0.9609583923113801,0.5696653646979789,0.5975727866910039
development,ingredient_ingredient_adding_localization_91,P08,P08-20240617-184909,ingredient,ingredient_ingredient_adding_localization,8,11,3,0.9414375884706658,0.6164622072776669,0.6164622072776669,1.0,1.0,0.7999999999999999,0 1,0 1 2 3,True,0.5,True,False,0.9609583923113801,0.6164622072742896,0.6164622072742896
development,ingredient_ingredient_adding_localization_91,P08,P08-20240617-184909,ingredient,ingredient_ingredient_adding_localization,12,13,1,0.9907548861206412,0.4902933604539742,0.5289742988501653,0.9268755807602144,0.3333333333333333,-0.39999999999999997,0 1,0 1 2 3,True,0.5,True,False,0.9938365907448891,0.4902933604523019,0.528974298848361
development,ingredient_ingredient_adding_localization_91,P08,P08-20240617-184909,ingredient,ingredient_ingredient_adding_localization,12,14,2,0.9907548861206412,0.518857427930294,0.518857427930294,1.0,1.0,0.7999999999999999,0 1,0 1 2 3,True,0.5,True,False,0.9938365907448891,0.5188574279287397,0.5188574279287397
development,ingredient_ingredient_adding_localization_91,P08,P08-20240617-184909,ingredient,ingredient_ingredient_adding_localization,12,15,3,0.9907548861206412,0.46189130995099836,0.5381086900490016,0.8583606221058004,0.0,-0.6000000000000001,0 1,0 1 2 3,True,0.5,True,False,0.9938365907448891,0.46189130994900884,0.5381086900466839
development,ingredient_ingredient_adding_localization_91,P08,P08-20240617-184909,ingredient,ingredient_ingredient_adding_localization,16,17,1,0.9780324019833745,0.5459719380381538,0.5459719380381538,1.0,1.0,1.0,2 3,4 5 6 7,True,0.5,False,True,0.985354934653961,0.5459719380351661,0.5459719380351661
development,ingredient_ingredient_adding_localization_91,P08,P08-20240617-184909,ingredient,ingredient_ingredient_adding_localization,16,18,2,0.9780324019833745,0.5723966847352534,0.5723966847352534,1.0,1.0,1.0,2 3,4 5 6 7,True,0.5,False,True,0.985354934653961,0.5723966847321279,0.5723966847321278
development,ingredient_ingredient_adding_localization_91,P08,P08-20240617-184909,ingredient,ingredient_ingredient_adding_localization,16,19,3,0.9780324019833745,0.622489177940678,0.622489177940678,1.0,1.0,0.7999999999999999,2 3,4 5 6 7,True,0.5,False,True,0.985354934653961,0.62248917793826,0.62248917793826
development,ingredient_ingredient_adding_localization_91,P08,P08-20240617-184909,ingredient,ingredient_ingredient_adding_localization,20,21,1,0.9918822037832538,0.5417677679143218,0.5420815439883493,0.9994211644400972,0.3333333333333333,0.7999999999999999,0 3,0 1 6 7,False,1.0,True,True,0.9945881358528138,0.541767767911239,0.5420815439852648
development,ingredient_ingredient_adding_localization_91,P08,P08-20240617-184909,ingredient,ingredient_ingredient_adding_localization,20,22,2,0.9918822037832538,0.5575493901699125,0.5610468252964169,0.9937662331042393,0.3333333333333333,0.7999999999999999,0 3,0 1 6 7,False,1.0,True,True,0.9945881358528138,0.5575493901668078,0.5610468252932928
development,ingredient_ingredient_adding_localization_91,P08,P08-20240617-184909,ingredient,ingredient_ingredient_adding_localization,20,23,3,0.9918822037832538,0.5847830409874131,0.5847830409874131,1.0,1.0,1.0,0 3,0 1 6 7,False,1.0,True,True,0.9945881358528138,0.5847830409837645,0.5847830409837645
development,ingredient_ingredient_adding_localization_91,P08,P08-20240617-184909,ingredient,ingredient_ingredient_adding_localization,24,25,1,0.9831261752268514,0.5857204173104373,0.5857204173104373,1.0,1.0,1.0,0 2,0 1 4 5,False,0.75,True,False,0.9887507834814271,0.5857204173062318,0.5857204173062318
development,ingredient_ingredient_adding_localization_91,P08,P08-20240617-184909,ingredient,ingredient_ingredient_adding_localization,24,26,2,0.9831261752268514,0.546100932511453,0.548273654593614,0.9960371576055912,0.3333333333333333,0.39999999999999997,0 2,0 1 4 5,False,0.75,True,False,0.9887507834814271,0.5461009325081636,0.5482736545903116
development,ingredient_ingredient_adding_localization_91,P08,P08-20240617-184909,ingredient,ingredient_ingredient_adding_localization,24,27,3,0.9831261752268514,0.6385144222307921,0.6385144222307921,1.0,1.0,1.0,0 2,0 1 4 5,False,0.75,True,False,0.9887507834814271,0.6385144222275765,0.6385144222275765
development,ingredient_ingredient_weight_5,P08,P08-20240618-163547,ingredient,ingredient_ingredient_weight,8,9,1,0.9883176495490256,0.5447895966511109,0.5608463612329875,0.9713704756030213,0.3333333333333333,0.39999999999999997,1 3,2 3 6 7,False,0.75,False,True,0.9922117663635912,0.5447895966487997,0.5608463612306082
development,ingredient_ingredient_weight_5,P08,P08-20240618-163547,ingredient,ingredient_ingredient_weight,8,10,2,0.9883176495490256,0.5832737758389168,0.6137906456733204,0.9502813051167845,0.3333333333333333,0.7999999999999999,1 3,2 3 6 7,False,0.75,False,True,0.9922117663635912,0.5832737758352802,0.6137906456694936
development,ingredient_ingredient_weight_5,P08,P08-20240618-163547,ingredient,ingredient_ingredient_weight,8,11,3,0.9883176495490256,0.5765090272263651,0.5765090272263651,1.0,1.0,0.7999999999999999,1 3,2 3 6 7,False,0.75,False,True,0.9922117663635912,0.5765090272235309,0.5765090272235309
development,ingredient_ingredient_weight_5,P08,P08-20240618-163547,ingredient,ingredient_ingredient_weight,12,13,1,0.9798807838620729,0.6047746792038118,0.6047746792038118,1.0,1.0,0.7999999999999999,1 3,2 3 6 7,False,0.75,False,True,0.9865871892395083,0.6047746792018727,0.6047746792018727
development,ingredient_ingredient_weight_5,P08,P08-20240618-163547,ingredient,ingredient_ingredient_weight,12,14,2,0.9798807838620729,0.6476470144811128,0.6618710837797747,0.9785093054414286,0.3333333333333333,0.39999999999999997,1 3,2 3 6 7,False,0.75,False,True,0.9865871892395083,0.6476470144791693,0.6618710837777884
development,ingredient_ingredient_weight_5,P08,P08-20240618-163547,ingredient,ingredient_ingredient_weight,12,15,3,0.9798807838620729,0.6384867003292182,0.6384867003292182,1.0,1.0,0.7999999999999999,1 3,2 3 6 7,False,0.75,False,True,0.9865871892395083,0.6384867003269289,0.638486700326929
development,ingredient_ingredient_weight_5,P08,P08-20240618-163547,ingredient,ingredient_ingredient_weight,16,17,1,0.9223099968994019,0.6479554756253455,0.6479554756253455,1.0,1.0,1.0,1 3,2 3 6 7,False,0.75,False,True,0.9482066645983035,0.6479554756229235,0.6479554756229235
development,ingredient_ingredient_weight_5,P08,P08-20240618-163547,ingredient,ingredient_ingredient_weight,16,18,2,0.9223099968994019,0.6110342222679783,0.6110342222679783,1.0,1.0,0.7999999999999999,1 3,2 3 6 7,False,0.75,False,True,0.9482066645983035,0.6110342222651359,0.6110342222651359
development,ingredient_ingredient_weight_5,P08,P08-20240618-163547,ingredient,ingredient_ingredient_weight,16,19,3,0.9223099968994019,0.6771344075095154,0.6771344075095154,1.0,1.0,1.0,1 3,2 3 6 7,False,0.75,False,True,0.9482066645983035,0.6771344075075785,0.6771344075075785
development,ingredient_ingredient_weight_5,P08,P08-20240618-163547,ingredient,ingredient_ingredient_weight,20,21,1,0.9579641075346444,0.6327847644754171,0.6327847644754171,1.0,1.0,1.0,1 3,2 3 6 7,False,0.75,False,True,0.9719760716880014,0.6327847644727782,0.6327847644727782
development,ingredient_ingredient_weight_5,P08,P08-20240618-163547,ingredient,ingredient_ingredient_weight,20,22,2,0.9579641075346444,0.5977387308140075,0.6133773816766173,0.9745040307487981,0.3333333333333333,0.19999999999999998,1 3,2 3 6 7,False,0.75,False,True,0.9719760716880014,0.5977387308115822,0.6133773816741285
development,ingredient_ingredient_weight_5,P08,P08-20240618-163547,ingredient,ingredient_ingredient_weight,20,23,3,0.9579641075346444,0.647341153711599,0.647341153711599,1.0,1.0,0.7999999999999999,1 3,2 3 6 7,False,0.75,False,True,0.9719760716880014,0.6473411537087089,0.6473411537087089
development,ingredient_ingredient_weight_5,P08,P08-20240618-163547,ingredient,ingredient_ingredient_weight,24,25,1,0.9679157088432326,0.6210048220308685,0.6210048220308685,1.0,1.0,0.7999999999999999,1 3,2 3 6 7,False,0.75,False,True,0.9786104725597282,0.621004822027846,0.6210048220278461
development,ingredient_ingredient_weight_5,P08,P08-20240618-163547,ingredient,ingredient_ingredient_weight,24,26,2,0.9679157088432326,0.565951905645696,0.5762267653408955,0.9821687219108594,0.3333333333333333,0.0,1 3,2 3 6 7,False,0.75,False,True,0.9786104725597282,0.5659519056431368,0.5762267653382899
development,ingredient_ingredient_weight_5,P08,P08-20240618-163547,ingredient,ingredient_ingredient_weight,24,27,3,0.9679157088432326,0.6584763245147269,0.6584763245147269,1.0,1.0,0.7999999999999999,1 3,2 3 6 7,False,0.75,False,True,0.9786104725597282,0.6584763245125211,0.658476324512521
development,object_motion_object_movement_itinerary_286,P04,P04-20240414-064514,object_motion,object_motion_object_movement_itinerary,8,9,1,0.9888396809626595,0.5627581942461711,0.6389395815163248,0.8807690281303895,0.3333333333333333,0.7999999999999999,0 2,0 1 4 5,False,0.75,True,False,0.9925597873051072,0.5627581942432709,0.6389395815130319
development,object_motion_object_movement_itinerary_286,P04,P04-20240414-064514,object_motion,object_motion_object_movement_itinerary,8,10,2,0.9888396809626595,0.4506286034157968,0.6254588488552262,0.7204768215216394,0.3333333333333333,0.39999999999999997,0 2,0 1 4 5,False,0.75,True,False,0.9925597873051072,0.4506286034117138,0.6254588488495592
development,object_motion_object_movement_itinerary_286,P04,P04-20240414-064514,object_motion,object_motion_object_movement_itinerary,8,11,3,0.9888396809626595,0.5292766578423865,0.6467963862300471,0.818304908794184,0.3333333333333333,0.39999999999999997,0 2,0 1 4 5,False,0.75,True,False,0.9925597873051072,0.5292766578391023,0.6467963862260336
development,object_motion_object_movement_itinerary_286,P04,P04-20240414-064514,object_motion,object_motion_object_movement_itinerary,12,13,1,0.9919538737108655,0.5813576409957044,0.5813576409957044,1.0,1.0,0.7999999999999999,0 3,0 1 6 7,False,1.0,True,True,0.9946359158038836,0.581357640993003,0.581357640993003
development,object_motion_object_movement_itinerary_286,P04,P04-20240414-064514,object_motion,object_motion_object_movement_itinerary,12,14,2,0.9919538737108655,0.5702160455689955,0.574688416146592,0.9922177471270698,0.3333333333333333,0.7999999999999999,0 3,0 1 6 7,False,1.0,True,True,0.9946359158038836,0.5702160455669851,0.5746884161445659
development,object_motion_object_movement_itinerary_286,P04,P04-20240414-064514,object_motion,object_motion_object_movement_itinerary,12,15,3,0.9919538737108655,0.5784824663436836,0.5784824663436836,1.0,1.0,0.7999999999999999,0 3,0 1 6 7,False,1.0,True,True,0.9946359158038836,0.5784824663403094,0.5784824663403094
development,object_motion_object_movement_itinerary_286,P04,P04-20240414-064514,object_motion,object_motion_object_movement_itinerary,16,17,1,0.9670565131323926,0.6339576337329553,0.6339576337329553,1.0,1.0,0.7999999999999999,2 3,4 5 6 7,True,0.5,False,True,0.9780376754196761,0.633957633730021,0.633957633730021
development,object_motion_object_movement_itinerary_286,P04,P04-20240414-064514,object_motion,object_motion_object_movement_itinerary,16,18,2,0.9670565131323926,0.6444896080692675,0.6444896080692675,1.0,1.0,0.7999999999999999,2 3,4 5 6 7,True,0.5,False,True,0.9780376754196761,0.6444896080657763,0.6444896080657763
development,object_motion_object_movement_itinerary_286,P04,P04-20240414-064514,object_motion,object_motion_object_movement_itinerary,16,19,3,0.9670565131323926,0.6695777520460411,0.6695777520460411,1.0,1.0,1.0,2 3,4 5 6 7,True,0.5,False,True,0.9780376754196761,0.6695777520438956,0.6695777520438956
development,object_motion_object_movement_itinerary_286,P04,P04-20240414-064514,object_motion,object_motion_object_movement_itinerary,20,21,1,0.9652887549964037,0.5164165765657535,0.5561591197343465,0.9285410564020304,0.3333333333333333,0.19999999999999998,2 3,4 5 6 7,True,0.5,False,True,0.9768591699951789,0.5164165765626418,0.5561591197309954
development,object_motion_object_movement_itinerary_286,P04,P04-20240414-064514,object_motion,object_motion_object_movement_itinerary,20,22,2,0.9652887549964037,0.4736137875936593,0.5493223191948104,0.8621783077881785,0.3333333333333333,0.39999999999999997,2 3,4 5 6 7,True,0.5,False,True,0.9768591699951789,0.47361378759059924,0.5493223191912613
development,object_motion_object_movement_itinerary_286,P04,P04-20240414-064514,object_motion,object_motion_object_movement_itinerary,20,23,3,0.9652887549964037,0.4998417188735239,0.5644298684940563,0.8855692208620024,0.3333333333333333,0.39999999999999997,2 3,4 5 6 7,True,0.5,False,True,0.9768591699951789,0.4998417188702131,0.5644298684903176
development,object_motion_object_movement_itinerary_286,P04,P04-20240414-064514,object_motion,object_motion_object_movement_itinerary,24,25,1,0.9970528859279567,0.49222927353864765,0.5432715095305458,0.9060465437696061,0.3333333333333333,0.19999999999999998,0 3,0 1 6 7,False,1.0,True,True,0.9980352572801588,0.49222927353469226,0.5432715095261802
development,object_motion_object_movement_itinerary_286,P04,P04-20240414-064514,object_motion,object_motion_object_movement_itinerary,24,26,2,0.9970528859279567,0.5223047761793487,0.5415885065156344,0.9643941292987371,0.3333333333333333,0.0,0 3,0 1 6 7,False,1.0,True,True,0.9980352572801588,0.5223047761752104,0.5415885065113435
development,object_motion_object_movement_itinerary_286,P04,P04-20240414-064514,object_motion,object_motion_object_movement_itinerary,24,27,3,0.9970528859279567,0.5950793107826653,0.5950793107826653,1.0,1.0,0.6000000000000001,0 3,0 1 6 7,False,1.0,True,True,0.9980352572801588,0.5950793107792468,0.5950793107792468
development,object_motion_object_movement_itinerary_433,P04,P04-20240414-172534,object_motion,object_motion_object_movement_itinerary,8,9,1,0.9815045020174714,0.6052451163697934,0.6052451163697934,1.0,1.0,1.0,0 1,0 1 2 3,True,0.5,True,False,0.9876696680080644,0.6052451163665414,0.6052451163665414
development,object_motion_object_movement_itinerary_433,P04,P04-20240414-172534,object_motion,object_motion_object_movement_itinerary,8,10,2,0.9815045020174714,0.5846873656675822,0.5846873656675822,1.0,1.0,0.7999999999999999,0 1,0 1 2 3,True,0.5,True,False,0.9876696680080644,0.5846873656618434,0.5846873656618434
development,object_motion_object_movement_itinerary_433,P04,P04-20240414-172534,object_motion,object_motion_object_movement_itinerary,8,11,3,0.9815045020174714,0.5676703906023141,0.6255428228239172,0.9074844597203643,0.3333333333333333,0.7999999999999999,0 1,0 1 2 3,True,0.5,True,False,0.9876696680080644,0.5676703905984335,0.625542822819641
development,object_motion_object_movement_itinerary_433,P04,P04-20240414-172534,object_motion,object_motion_object_movement_itinerary,12,13,1,0.9939085339578795,0.5247188223714272,0.5247188223714272,1.0,1.0,1.0,0 2,0 1 4 5,False,0.75,True,False,0.9959390226351423,0.5247188223689279,0.5247188223689279
development,object_motion_object_movement_itinerary_433,P04,P04-20240414-172534,object_motion,object_motion_object_movement_itinerary,12,14,2,0.9939085339578795,0.5741136775414551,0.5741136775414551,1.0,1.0,0.7999999999999999,0 2,0 1 4 5,False,0.75,True,False,0.9959390226351423,0.5741136775392782,0.5741136775392783
development,object_motion_object_movement_itinerary_433,P04,P04-20240414-172534,object_motion,object_motion_object_movement_itinerary,12,15,3,0.9939085339578795,0.47634612772741336,0.5874497139501491,0.8108713246693929,0.3333333333333333,-0.7999999999999999,0 2,0 1 4 5,False,0.75,True,False,0.9959390226351423,0.4763461277247436,0.5874497139468566
development,object_motion_object_movement_itinerary_433,P04,P04-20240414-172534,object_motion,object_motion_object_movement_itinerary,16,17,1,0.966934965551808,0.6308032978022241,0.6308032978022241,1.0,1.0,1.0,2 3,4 5 6 7,True,0.5,False,True,0.9779566436994442,0.6308032977994545,0.6308032977994545
development,object_motion_object_movement_itinerary_433,P04,P04-20240414-172534,object_motion,object_motion_object_movement_itinerary,16,18,2,0.966934965551808,0.6676260881675942,0.6676260881675942,1.0,1.0,1.0,2 3,4 5 6 7,True,0.5,False,True,0.9779566436994442,0.6676260881644459,0.6676260881644459
development,object_motion_object_movement_itinerary_433,P04,P04-20240414-172534,object_motion,object_motion_object_movement_itinerary,16,19,3,0.966934965551808,0.7025046739204797,0.7025046739204797,1.0,1.0,1.0,2 3,4 5 6 7,True,0.5,False,True,0.9779566436994442,0.7025046739182965,0.7025046739182965
development,object_motion_object_movement_itinerary_433,P04,P04-20240414-172534,object_motion,object_motion_object_movement_itinerary,20,21,1,0.9805787007023121,0.5193881099380274,0.572777746376917,0.906788214492264,0.3333333333333333,0.19999999999999998,2 3,4 5 6 7,True,0.5,False,True,0.9870524671323744,0.5193881099350003,0.5727777463735786
development,object_motion_object_movement_itinerary_433,P04,P04-20240414-172534,object_motion,object_motion_object_movement_itinerary,20,22,2,0.9805787007023121,0.5027849341194093,0.5526148679289974,0.9098288216595893,0.3333333333333333,0.19999999999999998,2 3,4 5 6 7,True,0.5,False,True,0.9870524671323744,0.502784934116108,0.5526148679253691
development,object_motion_object_movement_itinerary_433,P04,P04-20240414-172534,object_motion,object_motion_object_movement_itinerary,20,23,3,0.9805787007023121,0.5408097266572818,0.5408097266572818,1.0,1.0,1.0,2 3,4 5 6 7,True,0.5,False,True,0.9870524671323744,0.5408097266536689,0.5408097266536689
development,object_motion_object_movement_itinerary_433,P04,P04-20240414-172534,object_motion,object_motion_object_movement_itinerary,24,25,1,0.9975143284818496,0.4503400046423021,0.5496599953576979,0.8193064957351278,0.0,-0.7999999999999999,2 3,4 5 6 7,True,0.5,False,True,0.9983428856501483,0.4503400046388314,0.5496599953534617
development,object_motion_object_movement_itinerary_433,P04,P04-20240414-172534,object_motion,object_motion_object_movement_itinerary,24,26,2,0.9975143284818496,0.449149361705227,0.550850638294773,0.8153741331690656,0.0,-1.0,2 3,4 5 6 7,True,0.5,False,True,0.9983428856501483,0.4491493617015585,0.5508506382902739
development,object_motion_object_movement_itinerary_433,P04,P04-20240414-172534,object_motion,object_motion_object_movement_itinerary,24,27,3,0.9975143284818496,0.3470229491208009,0.652977050879199,0.5314473895423322,0.0,-0.7999999999999999,2 3,4 5 6 7,True,0.5,False,True,0.9983428856501483,0.3470229491188457,0.6529770508755202
development,object_motion_object_movement_itinerary_61,P03,P03-20240216-084005,object_motion,object_motion_object_movement_itinerary,8,9,1,0.9951590254293882,0.5506400697277962,0.5790619920571614,0.9509173064037684,0.3333333333333333,0.39999999999999997,0 2,0 1 4 5,False,0.75,True,False,0.9967726836161215,0.5506400697247162,0.5790619920539224
development,object_motion_object_movement_itinerary_61,P03,P03-20240216-084005,object_motion,object_motion_object_movement_itinerary,8,10,2,0.9951590254293882,0.5152658108191402,0.5378707853416504,0.9579732249109761,0.3333333333333333,0.0,0 2,0 1 4 5,False,0.75,True,False,0.9967726836161215,0.5152658108139341,0.5378707853362158
development,object_motion_object_movement_itinerary_61,P03,P03-20240216-084005,object_motion,object_motion_object_movement_itinerary,8,11,3,0.9951590254293882,0.5250972435725704,0.6003924376350719,0.8745900358787212,0.3333333333333333,0.19999999999999998,0 2,0 1 4 5,False,0.75,True,False,0.9967726836161215,0.5250972435691363,0.6003924376311456
development,object_motion_object_movement_itinerary_61,P03,P03-20240216-084005,object_motion,object_motion_object_movement_itinerary,12,13,1,0.9984054270827792,0.5167414680859781,0.5227383228479593,0.9885279986182964,0.3333333333333333,-0.39999999999999997,0 3,0 1 6 7,False,1.0,True,True,0.9989369513854526,0.51674146808364,0.5227383228455941
development,object_motion_object_movement_itinerary_61,P03,P03-20240216-084005,object_motion,object_motion_object_movement_itinerary,12,14,2,0.9984054270827792,0.5688901565913917,0.5688901565913917,1.0,1.0,0.7999999999999999,0 3,0 1 6 7,False,1.0,True,True,0.9989369513854526,0.5688901565891922,0.5688901565891922
development,object_motion_object_movement_itinerary_61,P03,P03-20240216-084005,object_motion,object_motion_object_movement_itinerary,12,15,3,0.9984054270827792,0.5496757873254252,0.5565502985273085,0.987647996560106,0.3333333333333333,0.39999999999999997,0 3,0 1 6 7,False,1.0,True,True,0.9989369513854526,0.5496757873221667,0.5565502985240093
development,object_motion_object_movement_itinerary_61,P03,P03-20240216-084005,object_motion,object_motion_object_movement_itinerary,16,17,1,0.9788823919507191,0.5423455014516951,0.5476143517166198,0.9903785387501108,0.3333333333333333,0.7999999999999999,2 3,4 5 6 7,True,0.5,False,True,0.9859215946319125,0.5423455014488225,0.5476143517137194
development,object_motion_object_movement_itinerary_61,P03,P03-20240216-084005,object_motion,object_motion_object_movement_itinerary,16,18,2,0.9788823919507191,0.598081635802541,0.598081635802541,1.0,1.0,0.7999999999999999,2 3,4 5 6 7,True,0.5,False,True,0.9859215946319125,0.5980816357992407,0.5980816357992407
development,object_motion_object_movement_itinerary_61,P03,P03-20240216-084005,object_motion,object_motion_object_movement_itinerary,16,19,3,0.9788823919507191,0.6883440242322326,0.6883440242322326,1.0,1.0,1.0,2 3,4 5 6 7,True,0.5,False,True,0.9859215946319125,0.6883440242298363,0.6883440242298364
development,object_motion_object_movement_itinerary_61,P03,P03-20240216-084005,object_motion,object_motion_object_movement_itinerary,20,21,1,0.9931701927477966,0.5178153209139843,0.5532455830822891,0.9359592498309472,0.3333333333333333,-0.19999999999999998,2 3,4 5 6 7,True,0.5,False,True,0.9954467951624021,0.5178153209108383,0.5532455830789278
development,object_motion_object_movement_itinerary_61,P03,P03-20240216-084005,object_motion,object_motion_object_movement_itinerary,20,22,2,0.9931701927477966,0.475945293053634,0.5591630397258645,0.8511744504554005,0.3333333333333333,-0.39999999999999997,2 3,4 5 6 7,True,0.5,False,True,0.9954467951624021,0.4759452930504176,0.5591630397220858
development,object_motion_object_movement_itinerary_61,P03,P03-20240216-084005,object_motion,object_motion_object_movement_itinerary,20,23,3,0.9931701927477966,0.5145433096656303,0.549385424056063,0.93657983473024,0.3333333333333333,-0.19999999999999998,2 3,4 5 6 7,True,0.5,False,True,0.9954467951624021,0.5145433096621972,0.5493854240523974
development,object_motion_object_movement_itinerary_61,P03,P03-20240216-084005,object_motion,object_motion_object_movement_itinerary,24,25,1,0.9916638817699155,0.49553405523213584,0.5311480099618436,0.9329490950511775,0.3333333333333333,0.39999999999999997,2 3,4 5 6 7,True,0.5,False,True,0.9944425878427381,0.49553405522853916,0.5311480099579885
development,object_motion_object_movement_itinerary_61,P03,P03-20240216-084005,object_motion,object_motion_object_movement_itinerary,24,26,2,0.9916638817699155,0.4399808641517069,0.5693917332738838,0.7727208500585504,0.3333333333333333,-0.39999999999999997,2 3,4 5 6 7,True,0.5,False,True,0.9944425878427381,0.439980864148355,0.5693917332695461
development,object_motion_object_movement_itinerary_61,P03,P03-20240216-084005,object_motion,object_motion_object_movement_itinerary,24,27,3,0.9916638817699155,0.401580407908531,0.598419592091469,0.6710682825490597,0.0,-0.7999999999999999,2 3,4 5 6 7,True,0.5,False,True,0.9944425878427381,0.40158040790627697,0.5984195920881101
heldout,fine_grained_action_localization_1388,P01,P01-20240203-121517,fine_grained,fine_grained_action_localization,8,9,1,0.9800352366063236,0.5686243420193965,0.5686243420193965,1.0,1.0,1.0,0 1,0 1 2 3,True,0.5,True,False,0.9866901577347199,0.5686243420169093,0.5686243420169093
heldout,fine_grained_action_localization_1388,P01,P01-20240203-121517,fine_grained,fine_grained_action_localization,8,10,2,0.9800352366063236,0.5160553782174842,0.5281855900914099,0.9770341862756491,0.3333333333333333,0.39999999999999997,0 1,0 1 2 3,True,0.5,True,False,0.9866901577347199,0.5160553782135882,0.5281855900874224
heldout,fine_grained_action_localization_1388,P01,P01-20240203-121517,fine_grained,fine_grained_action_localization,8,11,3,0.9800352366063236,0.5898416606745269,0.5898416606745269,1.0,1.0,1.0,0 1,0 1 2 3,True,0.5,True,False,0.9866901577347199,0.5898416606710758,0.5898416606710758
heldout,fine_grained_action_localization_1388,P01,P01-20240203-121517,fine_grained,fine_grained_action_localization,12,13,1,0.9986108363452056,0.5122112791960871,0.5612833253375555,0.9125717014451542,0.3333333333333333,0.39999999999999997,2 3,4 5 6 7,True,0.5,False,True,0.9990738908947335,0.5122112791944204,0.5612833253357292
heldout,fine_grained_action_localization_1388,P01,P01-20240203-121517,fine_grained,fine_grained_action_localization,12,14,2,0.9986108363452056,0.46765792634452796,0.5359857544900364,0.8725193205731393,0.3333333333333333,0.0,2 3,4 5 6 7,True,0.5,False,True,0.9990738908947335,0.46765792634260606,0.5359857544878337
heldout,fine_grained_action_localization_1388,P01,P01-20240203-121517,fine_grained,fine_grained_action_localization,12,15,3,0.9986108363452056,0.5876663724456496,0.5876663724456496,1.0,1.0,1.0,2 3,4 5 6 7,True,0.5,False,True,0.9990738908947335,0.5876663724430926,0.5876663724430926
heldout,fine_grained_action_localization_1388,P01,P01-20240203-121517,fine_grained,fine_grained_action_localization,16,17,1,0.9894524655840146,0.5459690653987848,0.6282505309655046,0.8690308061653867,0.3333333333333333,0.7999999999999999,1 2,2 3 4 5,True,0.5,False,False,0.9929683103873915,0.5459690653963698,0.6282505309627255
heldout,fine_grained_action_localization_1388,P01,P01-20240203-121517,fine_grained,fine_grained_action_localization,16,18,2,0.9894524655840146,0.5905634883324914,0.6198892910232594,0.9526918707655693,0.3333333333333333,0.7999999999999999,1 2,2 3 4 5,True,0.5,False,False,0.9929683103873915,0.5905634883296587,0.6198892910202858
heldout,fine_grained_action_localization_1388,P01,P01-20240203-121517,fine_grained,fine_grained_action_localization,16,19,3,0.9894524655840146,0.5865948697953571,0.634510855231945,0.9244835844154752,0.3333333333333333,0.7999999999999999,1 2,2 3 4 5,True,0.5,False,False,0.9929683103873915,0.586594869793012,0.6345108552294083
heldout,fine_grained_action_localization_1388,P01,P01-20240203-121517,fine_grained,fine_grained_action_localization,20,21,1,0.9866216033371324,0.5384223500955867,0.5422725206523504,0.9928999342394632,0.3333333333333333,0.7999999999999999,2 3,4 5 6 7,True,0.5,False,True,0.9910810688888261,0.538422350092512,0.5422725206492538
heldout,fine_grained_action_localization_1388,P01,P01-20240203-121517,fine_grained,fine_grained_action_localization,20,22,2,0.9866216033371324,0.5254528599746288,0.5538254919013356,0.9487697255875658,0.3333333333333333,0.19999999999999998,2 3,4 5 6 7,True,0.5,False,True,0.9910810688888261,0.5254528599712801,0.553825491897806
heldout,fine_grained_action_localization_1388,P01,P01-20240203-121517,fine_grained,fine_grained_action_localization,20,23,3,0.9866216033371324,0.5458028103917569,0.5458028103917569,1.0,1.0,0.7999999999999999,2 3,4 5 6 7,True,0.5,False,True,0.9910810688888261,0.5458028103881021,0.5458028103881021
heldout,fine_grained_action_localization_1388,P01,P01-20240203-121517,fine_grained,fine_grained_action_localization,24,25,1,0.9878657677306831,0.5386676421765844,0.5386676421765844,1.0,1.0,1.0,0 2,0 1 4 5,False,0.75,True,False,0.9919105118162158,0.5386676421729044,0.5386676421729044
heldout,fine_grained_action_localization_1388,P01,P01-20240203-121517,fine_grained,fine_grained_action_localization,24,26,2,0.9878657677306831,0.5705068654705803,0.5705068654705803,1.0,1.0,0.7999999999999999,0 2,0 1 4 5,False,0.75,True,False,0.9919105118162158,0.5705068654670973,0.5705068654670973
heldout,fine_grained_action_localization_1388,P01,P01-20240203-121517,fine_grained,fine_grained_action_localization,24,27,3,0.9878657677306831,0.5474217418760094,0.5600401963829539,0.9774686628059176,0.3333333333333333,0.39999999999999997,0 2,0 1 4 5,False,0.75,True,False,0.9919105118162158,0.547421741873249,0.5600401963801298
heldout,fine_grained_action_localization_1515,P04,P04-20240414-165333,fine_grained,fine_grained_action_localization,8,9,1,0.9508936408570059,0.6154502243266605,0.6154502243266605,1.0,1.0,1.0,0 1,0 1 2 3,True,0.5,True,False,0.9672624272351992,0.6154502243237118,0.6154502243237118
heldout,fine_grained_action_localization_1515,P04,P04-20240414-165333,fine_grained,fine_grained_action_localization,8,10,2,0.9508936408570059,0.5113191404136153,0.5559030225077213,0.919799173077015,0.3333333333333333,0.39999999999999997,0 1,0 1 2 3,True,0.5,True,False,0.9672624272351992,0.5113191404095985,0.5559030225033541
heldout,fine_grained_action_localization_1515,P04,P04-20240414-165333,fine_grained,fine_grained_action_localization,8,11,3,0.9508936408570059,0.6535497991637453,0.6535497991637453,1.0,1.0,0.7999999999999999,0 1,0 1 2 3,True,0.5,True,False,0.9672624272351992,0.6535497991600685,0.6535497991600685
heldout,fine_grained_action_localization_1515,P04,P04-20240414-165333,fine_grained,fine_grained_action_localization,12,13,1,0.9859847737788995,0.5902266373380121,0.5902266373380121,1.0,1.0,1.0,0 1,0 1 2 3,True,0.5,True,False,0.9906565158503309,0.5902266373361221,0.5902266373361221
heldout,fine_grained_action_localization_1515,P04,P04-20240414-165333,fine_grained,fine_grained_action_localization,12,14,2,0.9859847737788995,0.6263727129717408,0.6263727129717408,1.0,1.0,0.7999999999999999,0 1,0 1 2 3,True,0.5,True,False,0.9906565158503309,0.6263727129693022,0.6263727129693022
heldout,fine_grained_action_localization_1515,P04,P04-20240414-165333,fine_grained,fine_grained_action_localization,12,15,3,0.9859847737788995,0.5023043402613476,0.5318495075332608,0.9444482567842456,0.3333333333333333,0.19999999999999998,0 1,0 1 2 3,True,0.5,True,False,0.9906565158503309,0.502304340259159,0.5318495075309433
heldout,fine_grained_action_localization_1515,P04,P04-20240414-165333,fine_grained,fine_grained_action_localization,16,17,1,0.9897246230888146,0.5367459792013359,0.5520199546896758,0.9723307547877933,0.3333333333333333,0.39999999999999997,0 1,0 1 2 3,True,0.5,True,False,0.9931497487241552,0.5367459791987943,0.5520199546870618
heldout,fine_grained_action_localization_1515,P04,P04-20240414-165333,fine_grained,fine_grained_action_localization,16,18,2,0.9897246230888146,0.47162223133703324,0.5344350260879671,0.8824687909946325,0.3333333333333333,-0.19999999999999998,0 1,0 1 2 3,True,0.5,True,False,0.9931497487241552,0.4716222313348134,0.5344350260854517
heldout,fine_grained_action_localization_1515,P04,P04-20240414-165333,fine_grained,fine_grained_action_localization,16,19,3,0.9897246230888146,0.47239224469490404,0.5339207561067483,0.8847609674130319,0.3333333333333333,-0.7999999999999999,0 1,0 1 2 3,True,0.5,True,False,0.9931497487241552,0.4723922446928968,0.5339207561044798
heldout,fine_grained_action_localization_1515,P04,P04-20240414-165333,fine_grained,fine_grained_action_localization,20,21,1,0.9904548405584442,0.5969480869831196,0.5969480869831196,1.0,1.0,1.0,0 2,0 1 4 5,False,0.75,True,False,0.9936365603697559,0.5969480869796518,0.5969480869796518
heldout,fine_grained_action_localization_1515,P04,P04-20240414-165333,fine_grained,fine_grained_action_localization,20,22,2,0.9904548405584442,0.5890933274504523,0.6351180211343872,0.927533636029206,0.3333333333333333,0.7999999999999999,0 2,0 1 4 5,False,0.75,True,False,0.9936365603697559,0.5890933274458241,0.6351180211293973
heldout,fine_grained_action_localization_1515,P04,P04-20240414-165333,fine_grained,fine_grained_action_localization,20,23,3,0.9904548405584442,0.5985680531323794,0.5985680531323794,1.0,1.0,1.0,0 2,0 1 4 5,False,0.75,True,False,0.9936365603697559,0.5985680531281021,0.5985680531281021
heldout,fine_grained_action_localization_1515,P04,P04-20240414-165333,fine_grained,fine_grained_action_localization,24,25,1,0.9642169384212509,0.6158034937153161,0.6158034937153161,1.0,1.0,1.0,0 2,0 1 4 5,False,0.75,True,False,0.9761446256099567,0.61580349371046,0.61580349371046
heldout,fine_grained_action_localization_1515,P04,P04-20240414-165333,fine_grained,fine_grained_action_localization,24,26,2,0.9642169384212509,0.6103447679836566,0.6356773476607334,0.9601486827078239,0.3333333333333333,0.7999999999999999,0 2,0 1 4 5,False,0.75,True,False,0.9761446256099567,0.6103447679798486,0.6356773476567673
heldout,fine_grained_action_localization_1515,P04,P04-20240414-165333,fine_grained,fine_grained_action_localization,24,27,3,0.9642169384212509,0.6793398422169958,0.6793398422169958,1.0,1.0,1.0,0 2,0 1 4 5,False,0.75,True,False,0.9761446256099567,0.6793398422139465,0.6793398422139465
heldout,fine_grained_action_localization_2299,P08,P08-20240613-122900,fine_grained,fine_grained_action_localization,8,9,1,0.950741185093183,0.6534234157447542,0.6534234157447542,1.0,1.0,1.0,0 1,0 1 2 3,True,0.5,True,False,0.9671607900591626,0.6534234157415982,0.6534234157415982
heldout,fine_grained_action_localization_2299,P08,P08-20240613-122900,fine_grained,fine_grained_action_localization,8,10,2,0.950741185093183,0.5927658685466537,0.5927658685466537,1.0,1.0,0.7999999999999999,0 1,0 1 2 3,True,0.5,True,False,0.9671607900591626,0.5927658685415451,0.5927658685415451
heldout,fine_grained_action_localization_2299,P08,P08-20240613-122900,fine_grained,fine_grained_action_localization,8,11,3,0.950741185093183,0.6670249974112236,0.6670249974112236,1.0,1.0,0.7999999999999999,0 1,0 1 2 3,True,0.5,True,False,0.9671607900591626,0.6670249974072631,0.6670249974072631
heldout,fine_grained_action_localization_2299,P08,P08-20240613-122900,fine_grained,fine_grained_action_localization,12,13,1,0.992934055678099,0.5370087240079694,0.5370087240079694,1.0,1.0,1.0,0 1,0 1 2 3,True,0.5,True,False,0.9952893704497213,0.5370087240061265,0.5370087240061265
heldout,fine_grained_action_localization_2299,P08,P08-20240613-122900,fine_grained,fine_grained_action_localization,12,14,2,0.992934055678099,0.4628367484878089,0.5371632515121911,0.8616314447886327,0.0,-0.6000000000000001,0 1,0 1 2 3,True,0.5,True,False,0.9952893704497213,0.46283674848602513,0.5371632515101209
heldout,fine_grained_action_localization_2299,P08,P08-20240613-122900,fine_grained,fine_grained_action_localization,12,15,3,0.992934055678099,0.4506144279721282,0.5567088516572686,0.8094256569312532,0.3333333333333333,-0.39999999999999997,0 1,0 1 2 3,True,0.5,True,False,0.9952893704497213,0.45061442797005136,0.5567088516547027
heldout,fine_grained_action_localization_2299,P08,P08-20240613-122900,fine_grained,fine_grained_action_localization,16,17,1,0.9795618719171826,0.5923555578139821,0.5923555578139821,1.0,1.0,1.0,2 3,4 5 6 7,True,0.5,False,True,0.9863745812763856,0.5923555578111666,0.5923555578111666
heldout,fine_grained_action_localization_2299,P08,P08-20240613-122900,fine_grained,fine_grained_action_localization,16,18,2,0.9795618719171826,0.5684054747619584,0.5993861556972662,0.9483126518007945,0.3333333333333333,0.7999999999999999,2 3,4 5 6 7,True,0.5,False,True,0.9863745812763856,0.568405474758833,0.5993861556939706
heldout,fine_grained_action_localization_2299,P08,P08-20240613-122900,fine_grained,fine_grained_action_localization,16,19,3,0.9795618719171826,0.6024199496827862,0.6024199496827862,1.0,1.0,1.0,2 3,4 5 6 7,True,0.5,False,True,0.9863745812763856,0.6024199496801614,0.6024199496801614
heldout,fine_grained_action_localization_2299,P08,P08-20240613-122900,fine_grained,fine_grained_action_localization,20,21,1,0.9954372009097036,0.5492658592480656,0.5492658592480656,1.0,1.0,0.6000000000000001,1 2,2 3 4 5,True,0.5,False,False,0.9969581339369294,0.5492658592444395,0.5492658592444395
heldout,fine_grained_action_localization_2299,P08,P08-20240613-122900,fine_grained,fine_grained_action_localization,20,22,2,0.9954372009097036,0.5045150480780622,0.5945848156838579,0.8485165358583829,0.3333333333333333,-0.39999999999999997,1 2,2 3 4 5,True,0.5,False,False,0.9969581339369294,0.5045150480738066,0.5945848156788426
heldout,fine_grained_action_localization_2299,P08,P08-20240613-122900,fine_grained,fine_grained_action_localization,20,23,3,0.9954372009097036,0.4807062622544712,0.5270225834493886,0.9121170085506113,0.3333333333333333,-0.19999999999999998,1 2,2 3 4 5,True,0.5,False,False,0.9969581339369294,0.4807062622502329,0.5270225834447418
heldout,fine_grained_action_localization_2299,P08,P08-20240613-122900,fine_grained,fine_grained_action_localization,24,25,1,0.9978287970600573,0.5614864699036428,0.5989330390537815,0.9374778702986594,0.3333333333333333,0.39999999999999997,0 2,0 1 4 5,False,0.75,True,False,0.9985525313686392,0.5614864698988891,0.5989330390487109
heldout,fine_grained_action_localization_2299,P08,P08-20240613-122900,fine_grained,fine_grained_action_localization,24,26,2,0.9978287970600573,0.5471580928869507,0.5779671909300178,0.9466940363976516,0.3333333333333333,0.39999999999999997,0 2,0 1 4 5,False,0.75,True,False,0.9985525313686392,0.5471580928832832,0.5779671909261438
heldout,fine_grained_action_localization_2299,P08,P08-20240613-122900,fine_grained,fine_grained_action_localization,24,27,3,0.9978287970600573,0.5996849513084219,0.6109465010769477,0.981567044334202,0.3333333333333333,0.39999999999999997,0 2,0 1 4 5,False,0.75,True,False,0.9985525313686392,0.5996849513050991,0.6109465010735626
heldout,fine_grained_action_localization_3677,P04,P04-20240414-065311,fine_grained,fine_grained_action_localization,8,9,1,0.9170252308672817,0.6343915640995437,0.6343915640995437,1.0,1.0,0.7999999999999999,0 1,0 1 2 3,True,0.5,True,False,0.9446834872421174,0.6343915640966618,0.6343915640966618
heldout,fine_grained_action_localization_3677,P04,P04-20240414-065311,fine_grained,fine_grained_action_localization,8,10,2,0.9170252308672817,0.613816540667926,0.613816540667926,1.0,1.0,0.7999999999999999,0 1,0 1 2 3,True,0.5,True,False,0.9446834872421174,0.613816540663283,0.613816540663283
heldout,fine_grained_action_localization_3677,P04,P04-20240414-065311,fine_grained,fine_grained_action_localization,8,11,3,0.9170252308672817,0.6663405075002807,0.6663405075002807,1.0,1.0,1.0,0 1,0 1 2 3,True,0.5,True,False,0.9446834872421174,0.6663405074963892,0.6663405074963892
heldout,fine_grained_action_localization_3677,P04,P04-20240414-065311,fine_grained,fine_grained_action_localization,12,13,1,0.9541010667252963,0.6082357700884964,0.612727634633415,0.9926690681290946,0.3333333333333333,0.7999999999999999,0 3,0 1 6 7,False,1.0,True,True,0.9694007111479974,0.6082357700865065,0.6127276346314104
heldout,fine_grained_action_localization_3677,P04,P04-20240414-065311,fine_grained,fine_grained_action_localization,12,14,2,0.9541010667252963,0.5940574303997432,0.5940574303997432,1.0,1.0,0.7999999999999999,0 3,0 1 6 7,False,1.0,True,True,0.9694007111479974,0.5940574303973917,0.5940574303973917
heldout,fine_grained_action_localization_3677,P04,P04-20240414-065311,fine_grained,fine_grained_action_localization,12,15,3,0.9541010667252963,0.603457489671301,0.603457489671301,1.0,1.0,1.0,0 3,0 1 6 7,False,1.0,True,True,0.9694007111479974,0.6034574896686181,0.6034574896686181
heldout,fine_grained_action_localization_3677,P04,P04-20240414-065311,fine_grained,fine_grained_action_localization,16,17,1,0.9712852386025508,0.5644078840704133,0.5644078840704133,1.0,1.0,1.0,0 3,0 1 6 7,False,1.0,True,True,0.9808568257333182,0.5644078840679447,0.5644078840679447
heldout,fine_grained_action_localization_3677,P04,P04-20240414-065311,fine_grained,fine_grained_action_localization,16,18,2,0.9712852386025508,0.5591857195160849,0.5591857195160849,1.0,1.0,1.0,0 3,0 1 6 7,False,1.0,True,True,0.9808568257333182,0.5591857195132309,0.5591857195132309
heldout,fine_grained_action_localization_3677,P04,P04-20240414-065311,fine_grained,fine_grained_action_localization,16,19,3,0.9712852386025508,0.5827690154485878,0.5827690154485878,1.0,1.0,0.7999999999999999,0 3,0 1 6 7,False,1.0,True,True,0.9808568257333182,0.5827690154463521,0.582769015446352
heldout,fine_grained_action_localization_3677,P04,P04-20240414-065311,fine_grained,fine_grained_action_localization,20,21,1,0.9831086106190975,0.6164059544563927,0.6164059544563927,1.0,1.0,1.0,0 3,0 1 6 7,False,1.0,True,True,0.9887390737435847,0.6164059544527547,0.6164059544527547
heldout,fine_grained_action_localization_3677,P04,P04-20240414-065311,fine_grained,fine_grained_action_localization,20,22,2,0.9831086106190975,0.62397066870192,0.6408255869339123,0.9736981191518331,0.3333333333333333,0.7999999999999999,0 3,0 1 6 7,False,1.0,True,True,0.9887390737435847,0.6239706686978105,0.6408255869296918
heldout,fine_grained_action_localization_3677,P04,P04-20240414-065311,fine_grained,fine_grained_action_localization,20,23,3,0.9831086106190975,0.6199794884108054,0.6199794884108054,1.0,1.0,0.7999999999999999,0 3,0 1 6 7,False,1.0,True,True,0.9887390737435847,0.6199794884065966,0.6199794884065966
heldout,fine_grained_action_localization_3677,P04,P04-20240414-065311,fine_grained,fine_grained_action_localization,24,25,1,0.9228483029202654,0.6897627258604817,0.6897627258604817,1.0,1.0,0.7999999999999999,0 1,0 1 2 3,True,0.5,True,False,0.9485655352761936,0.689762725855432,0.689762725855432
heldout,fine_grained_action_localization_3677,P04,P04-20240414-065311,fine_grained,fine_grained_action_localization,24,26,2,0.9228483029202654,0.6462252850253619,0.6462252850253619,1.0,1.0,0.7999999999999999,0 1,0 1 2 3,True,0.5,True,False,0.9485655352761936,0.6462252850215847,0.6462252850215847
heldout,fine_grained_action_localization_3677,P04,P04-20240414-065311,fine_grained,fine_grained_action_localization,24,27,3,0.9228483029202654,0.7416789360758809,0.7416789360758809,1.0,1.0,0.7999999999999999,0 1,0 1 2 3,True,0.5,True,False,0.9485655352761936,0.7416789360726368,0.7416789360726368
heldout,fine_grained_action_localization_404,P04,P04-20240413-142619,fine_grained,fine_grained_action_localization,8,9,1,0.9389312005264996,0.653124362489396,0.653124362489396,1.0,1.0,0.7999999999999999,0 1,0 1 2 3,True,0.5,True,False,0.9592874670152827,0.6531243624863214,0.6531243624863214
heldout,fine_grained_action_localization_404,P04,P04-20240413-142619,fine_grained,fine_grained_action_localization,8,10,2,0.9389312005264996,0.6371107039412032,0.6371107039412032,1.0,1.0,1.0,0 1,0 1 2 3,True,0.5,True,False,0.9592874670152827,0.6371107039362173,0.6371107039362173
heldout,fine_grained_action_localization_404,P04,P04-20240413-142619,fine_grained,fine_grained_action_localization,8,11,3,0.9389312005264996,0.6846282176432623,0.6846282176432623,1.0,1.0,0.7999999999999999,0 1,0 1 2 3,True,0.5,True,False,0.9592874670152827,0.6846282176392757,0.6846282176392757
heldout,fine_grained_action_localization_404,P04,P04-20240413-142619,fine_grained,fine_grained_action_localization,12,13,1,0.9810467622872466,0.551068897191251,0.551068897191251,1.0,1.0,1.0,0 1,0 1 2 3,True,0.5,True,False,0.9873645081894334,0.5510688971895099,0.5510688971895099
heldout,fine_grained_action_localization_404,P04,P04-20240413-142619,fine_grained,fine_grained_action_localization,12,14,2,0.9810467622872466,0.5309109825472191,0.5464802812168653,0.9715098619204018,0.3333333333333333,0.7999999999999999,0 1,0 1 2 3,True,0.5,True,False,0.9873645081894334,0.5309109825452257,0.5464802812148134
heldout,fine_grained_action_localization_404,P04,P04-20240413-142619,fine_grained,fine_grained_action_localization,12,15,3,0.9810467622872466,0.5017812572230894,0.5425325097933157,0.9248869849555174,0.3333333333333333,0.19999999999999998,0 1,0 1 2 3,True,0.5,True,False,0.9873645081894334,0.5017812572208074,0.5425325097908482
heldout,fine_grained_action_localization_404,P04,P04-20240413-142619,fine_grained,fine_grained_action_localization,16,17,1,0.9869554890880382,0.5789319036584712,0.5789319036584712,1.0,1.0,1.0,1 2,2 3 4 5,True,0.5,False,False,0.9913036593903822,0.5789319036557515,0.5789319036557515
heldout,fine_grained_action_localization_404,P04,P04-20240413-142619,fine_grained,fine_grained_action_localization,16,18,2,0.9869554890880382,0.5302834838951369,0.5585665255176693,0.9493649541631229,0.3333333333333333,0.19999999999999998,1 2,2 3 4 5,True,0.5,False,False,0.9913036593903822,0.5302834838926332,0.5585665255150322
heldout,fine_grained_action_localization_404,P04,P04-20240413-142619,fine_grained,fine_grained_action_localization,16,19,3,0.9869554890880382,0.5461530291566781,0.560946498129983,0.9736276649865511,0.3333333333333333,0.7999999999999999,1 2,2 3 4 5,True,0.5,False,False,0.9913036593903822,0.5461530291545461,0.5609464981277934
heldout,fine_grained_action_localization_404,P04,P04-20240413-142619,fine_grained,fine_grained_action_localization,20,21,1,0.9984184495281742,0.5175936323078498,0.5892611361102393,0.8783773451012356,0.3333333333333333,0.19999999999999998,1 2,2 3 4 5,True,0.5,False,False,0.9989456330162861,0.5175936323049132,0.5892611361068961
heldout,fine_grained_action_localization_404,P04,P04-20240413-142619,fine_grained,fine_grained_action_localization,20,22,2,0.9984184495281742,0.5000534016172477,0.5918983715781609,0.8448298316550023,0.3333333333333333,-0.19999999999999998,1 2,2 3 4 5,True,0.5,False,False,0.9989456330162861,0.5000534016140101,0.5918983715743289
heldout,fine_grained_action_localization_404,P04,P04-20240413-142619,fine_grained,fine_grained_action_localization,20,23,3,0.9984184495281742,0.5015376993469183,0.5403524267021729,0.9281677560103784,0.3333333333333333,0.19999999999999998,1 2,2 3 4 5,True,0.5,False,False,0.9989456330162861,0.501537699343729,0.5403524266987368
heldout,fine_grained_action_localization_404,P04,P04-20240413-142619,fine_grained,fine_grained_action_localization,24,25,1,0.9918792124819421,0.6285865270645038,0.6285865270645038,1.0,1.0,0.7999999999999999,0 1,0 1 2 3,True,0.5,True,False,0.9945861416508623,0.6285865270602219,0.6285865270602219
heldout,fine_grained_action_localization_404,P04,P04-20240413-142619,fine_grained,fine_grained_action_localization,24,26,2,0.9918792124819421,0.6033999441670235,0.6033999441670235,1.0,1.0,1.0,0 1,0 1 2 3,True,0.5,True,False,0.9945861416508623,0.6033999441634021,0.6033999441634021
heldout,fine_grained_action_localization_404,P04,P04-20240413-142619,fine_grained,fine_grained_action_localization,24,27,3,0.9918792124819421,0.616490442011573,0.616490442011573,1.0,1.0,1.0,0 1,0 1 2 3,True,0.5,True,False,0.9945861416508623,0.6164904420086397,0.6164904420086397
heldout,fine_grained_action_localization_5475,P01,P01-20240204-152537,fine_grained,fine_grained_action_localization,8,9,1,0.9546879345063406,0.6173738713270068,0.6173738713270068,1.0,1.0,1.0,0 3,0 1 6 7,False,1.0,True,True,0.9697919563346643,0.6173738713239715,0.6173738713239715
heldout,fine_grained_action_localization_5475,P01,P01-20240204-152537,fine_grained,fine_grained_action_localization,8,10,2,0.9546879345063406,0.5892093877295592,0.5892093877295592,1.0,1.0,0.7999999999999999,0 3,0 1 6 7,False,1.0,True,True,0.9697919563346643,0.5892093877244939,0.5892093877244939
heldout,fine_grained_action_localization_5475,P01,P01-20240204-152537,fine_grained,fine_grained_action_localization,8,11,3,0.9546879345063406,0.6518930107049495,0.6518930107049495,1.0,1.0,0.7999999999999999,0 3,0 1 6 7,False,1.0,True,True,0.9697919563346643,0.6518930107012785,0.6518930107012785
heldout,fine_grained_action_localization_5475,P01,P01-20240204-152537,fine_grained,fine_grained_action_localization,12,13,1,0.9877775388279587,0.5903730715579785,0.5903730715579785,1.0,1.0,1.0,0 3,0 1 6 7,False,1.0,True,True,0.991851692549598,0.5903730715557909,0.5903730715557909
heldout,fine_grained_action_localization_5475,P01,P01-20240204-152537,fine_grained,fine_grained_action_localization,12,14,2,0.9877775388279587,0.5721477171581665,0.5743952556146967,0.9960871221783943,0.3333333333333333,0.7999999999999999,0 3,0 1 6 7,False,1.0,True,True,0.991851692549598,0.5721477171556077,0.5743952556121279
heldout,fine_grained_action_localization_5475,P01,P01-20240204-152537,fine_grained,fine_grained_action_localization,12,15,3,0.9877775388279587,0.5753551322643551,0.5753551322643551,1.0,1.0,0.7999999999999999,0 3,0 1 6 7,False,1.0,True,True,0.991851692549598,0.5753551322619123,0.5753551322619123
heldout,fine_grained_action_localization_5475,P01,P01-20240204-152537,fine_grained,fine_grained_action_localization,16,17,1,0.9801459767226001,0.4910112500092413,0.5254413416476473,0.9344739575868883,0.3333333333333333,0.0,0 2,0 1 4 5,False,0.75,True,False,0.9867639844798954,0.4910112500068215,0.5254413416450578
heldout,fine_grained_action_localization_5475,P01,P01-20240204-152537,fine_grained,fine_grained_action_localization,16,18,2,0.9801459767226001,0.5001870516089428,0.5347635817948931,0.9353423992151881,0.3333333333333333,0.39999999999999997,0 2,0 1 4 5,False,0.75,True,False,0.9867639844798954,0.5001870516063518,0.534763581792123
heldout,fine_grained_action_localization_5475,P01,P01-20240204-152537,fine_grained,fine_grained_action_localization,16,19,3,0.9801459767226001,0.5192457471102566,0.5192457471102566,1.0,1.0,0.7999999999999999,0 2,0 1 4 5,False,0.75,True,False,0.9867639844798954,0.5192457471081706,0.5192457471081706
heldout,fine_grained_action_localization_5475,P01,P01-20240204-152537,fine_grained,fine_grained_action_localization,20,21,1,0.9957101858125201,0.5510522519619242,0.5820286405160461,0.9467785837366058,0.3333333333333333,0.7999999999999999,0 3,0 1 6 7,False,1.0,True,True,0.9971401238722337,0.5510522519584151,0.5820286405123398
heldout,fine_grained_action_localization_5475,P01,P01-20240204-152537,fine_grained,fine_grained_action_localization,20,22,2,0.9957101858125201,0.5566827253735364,0.5826552942058929,0.9554237829971924,0.3333333333333333,0.39999999999999997,0 3,0 1 6 7,False,1.0,True,True,0.9971401238722337,0.5566827253691831,0.5826552942013364
heldout,fine_grained_action_localization_5475,P01,P01-20240204-152537,fine_grained,fine_grained_action_localization,20,23,3,0.9957101858125201,0.5526821795792936,0.5604036768863382,0.9862215441733965,0.3333333333333333,0.7999999999999999,0 3,0 1 6 7,False,1.0,True,True,0.9971401238722337,0.552682179575153,0.5604036768821398
heldout,fine_grained_action_localization_5475,P01,P01-20240204-152537,fine_grained,fine_grained_action_localization,24,25,1,0.9830485280844959,0.5764747079433099,0.5764747079433099,1.0,1.0,0.7999999999999999,0 2,0 1 4 5,False,0.75,True,False,0.9886990187180819,0.5764747079389971,0.5764747079389971
heldout,fine_grained_action_localization_5475,P01,P01-20240204-152537,fine_grained,fine_grained_action_localization,24,26,2,0.9830485280844959,0.5905307277525904,0.5905307277525904,1.0,1.0,1.0,0 2,0 1 4 5,False,0.75,True,False,0.9886990187180819,0.5905307277486399,0.5905307277486399
heldout,fine_grained_action_localization_5475,P01,P01-20240204-152537,fine_grained,fine_grained_action_localization,24,27,3,0.9830485280844959,0.6278590534717721,0.6278590534717721,1.0,1.0,0.7999999999999999,0 2,0 1 4 5,False,0.75,True,False,0.9886990187180819,0.6278590534684925,0.6278590534684925
heldout,fine_grained_action_localization_6783,P07,P07-20240531-101357,fine_grained,fine_grained_action_localization,8,9,1,0.9380484277882123,0.6186178309059376,0.6186178309059376,1.0,1.0,1.0,0 1,0 1 2 3,True,0.5,True,False,0.9586989518560429,0.6186178309026078,0.6186178309026078
heldout,fine_grained_action_localization_6783,P07,P07-20240531-101357,fine_grained,fine_grained_action_localization,8,10,2,0.9380484277882123,0.5153602640212446,0.5429586315619979,0.9491704046377206,0.3333333333333333,0.39999999999999997,0 1,0 1 2 3,True,0.5,True,False,0.9586989518560429,0.5153602640171381,0.5429586315576714
heldout,fine_grained_action_localization_6783,P07,P07-20240531-101357,fine_grained,fine_grained_action_localization,8,11,3,0.9380484277882123,0.6752254643653859,0.6752254643653859,1.0,1.0,1.0,0 1,0 1 2 3,True,0.5,True,False,0.9586989518560429,0.6752254643610108,0.6752254643610108
heldout,fine_grained_action_localization_6783,P07,P07-20240531-101357,fine_grained,fine_grained_action_localization,12,13,1,0.9833202960262676,0.5539801191303195,0.5539801191303195,1.0,1.0,1.0,0 1,0 1 2 3,True,0.5,True,False,0.9888801973485416,0.5539801191283735,0.5539801191283735
heldout,fine_grained_action_localization_6783,P07,P07-20240531-101357,fine_grained,fine_grained_action_localization,12,14,2,0.9833202960262676,0.5832947161076535,0.5832947161076535,1.0,1.0,0.7999999999999999,0 1,0 1 2 3,True,0.5,True,False,0.9888801973485416,0.5832947161053319,0.5832947161053319
heldout,fine_grained_action_localization_6783,P07,P07-20240531-101357,fine_grained,fine_grained_action_localization,12,15,3,0.9833202960262676,0.5316941260498471,0.5372794108460932,0.9896045061777995,0.3333333333333333,0.7999999999999999,0 1,0 1 2 3,True,0.5,True,False,0.9888801973485416,0.5316941260475303,0.5372794108437522
heldout,fine_grained_action_localization_6783,P07,P07-20240531-101357,fine_grained,fine_grained_action_localization,16,17,1,0.9764659704371444,0.5571856671301489,0.5571856671301489,1.0,1.0,1.0,1 2,2 3 4 5,True,0.5,False,False,0.9843106469563894,0.5571856671276448,0.5571856671276448
heldout,fine_grained_action_localization_6783,P07,P07-20240531-101357,fine_grained,fine_grained_action_localization,16,18,2,0.9764659704371444,0.5080696736508284,0.5136260669716642,0.9891820262285436,0.3333333333333333,0.39999999999999997,1 2,2 3 4 5,True,0.5,False,False,0.9843106469563894,0.5080696736481513,0.5136260669689577
heldout,fine_grained_action_localization_6783,P07,P07-20240531-101357,fine_grained,fine_grained_action_localization,16,19,3,0.9764659704371444,0.56496361558752,0.56496361558752,1.0,1.0,0.7999999999999999,1 2,2 3 4 5,True,0.5,False,False,0.9843106469563894,0.5649636155852187,0.5649636155852187
heldout,fine_grained_action_localization_6783,P07,P07-20240531-101357,fine_grained,fine_grained_action_localization,20,21,1,0.9850638918180055,0.6287109672942346,0.6287109672942346,1.0,1.0,1.0,0 1,0 1 2 3,True,0.5,True,False,0.9900425945425418,0.6287109672905207,0.6287109672905207
heldout,fine_grained_action_localization_6783,P07,P07-20240531-101357,fine_grained,fine_grained_action_localization,20,22,2,0.9850638918180055,0.627011101088133,0.627011101088133,1.0,1.0,1.0,0 1,0 1 2 3,True,0.5,True,False,0.9900425945425418,0.6270111010835963,0.6270111010835963
heldout,fine_grained_action_localization_6783,P07,P07-20240531-101357,fine_grained,fine_grained_action_localization,20,23,3,0.9850638918180055,0.5718978763441682,0.5718978763441682,1.0,1.0,1.0,0 1,0 1 2 3,True,0.5,True,False,0.9900425945425418,0.5718978763401854,0.5718978763401854
heldout,fine_grained_action_localization_6783,P07,P07-20240531-101357,fine_grained,fine_grained_action_localization,24,25,1,0.9668945657031213,0.6166263158770191,0.6166263158770191,1.0,1.0,1.0,0 1,0 1 2 3,True,0.5,True,False,0.977929710464637,0.6166263158724119,0.6166263158724119
heldout,fine_grained_action_localization_6783,P07,P07-20240531-101357,fine_grained,fine_grained_action_localization,24,26,2,0.9668945657031213,0.6298381402199151,0.6298381402199151,1.0,1.0,0.7999999999999999,0 1,0 1 2 3,True,0.5,True,False,0.977929710464637,0.6298381402160478,0.6298381402160478
heldout,fine_grained_action_localization_6783,P07,P07-20240531-101357,fine_grained,fine_grained_action_localization,24,27,3,0.9668945657031213,0.6314940818215022,0.6314940818215022,1.0,1.0,0.7999999999999999,0 1,0 1 2 3,True,0.5,True,False,0.977929710464637,0.631494081818193,0.631494081818193
heldout,fine_grained_action_localization_8009,P05,P05-20240425-180658,fine_grained,fine_grained_action_localization,8,9,1,0.9851455239910745,0.6046706122462681,0.6046706122462681,1.0,1.0,0.7999999999999999,0 1,0 1 2 3,True,0.5,True,False,0.9900970159913097,0.6046706122431486,0.6046706122431486
heldout,fine_grained_action_localization_8009,P05,P05-20240425-180658,fine_grained,fine_grained_action_localization,8,10,2,0.9851455239910745,0.5141810475670797,0.5324377051495683,0.9657111857294928,0.3333333333333333,0.39999999999999997,0 1,0 1 2 3,True,0.5,True,False,0.9900970159913097,0.5141810475629647,0.5324377051453072
heldout,fine_grained_action_localization_8009,P05,P05-20240425-180658,fine_grained,fine_grained_action_localization,8,11,3,0.9851455239910745,0.5844605609352913,0.5844605609352913,1.0,1.0,1.0,0 1,0 1 2 3,True,0.5,True,False,0.9900970159913097,0.5844605609319444,0.5844605609319444
heldout,fine_grained_action_localization_8009,P05,P05-20240425-180658,fine_grained,fine_grained_action_localization,12,13,1,0.9970219869329785,0.5285356897415567,0.5358940829657532,0.9862689410872507,0.3333333333333333,0.39999999999999997,0 1,0 1 2 3,True,0.5,True,False,0.9980146579530378,0.5285356897397637,0.5358940829639353
heldout,fine_grained_action_localization_8009,P05,P05-20240425-180658,fine_grained,fine_grained_action_localization,12,14,2,0.9970219869329785,0.5066979179786757,0.5066979179786757,1.0,1.0,0.7999999999999999,0 1,0 1 2 3,True,0.5,True,False,0.9980146579530378,0.5066979179767306,0.5066979179767306
heldout,fine_grained_action_localization_8009,P05,P05-20240425-180658,fine_grained,fine_grained_action_localization,12,15,3,0.9970219869329785,0.4493206499207226,0.5740923989823301,0.7826626005103269,0.3333333333333333,-0.39999999999999997,0 1,0 1 2 3,True,0.5,True,False,0.9980146579530378,0.4493206499188922,0.5740923989799915
heldout,fine_grained_action_localization_8009,P05,P05-20240425-180658,fine_grained,fine_grained_action_localization,16,17,1,0.9589485770520138,0.5652619424433694,0.6021109546262958,0.9388002960255107,0.3333333333333333,0.7999999999999999,2 3,4 5 6 7,True,0.5,False,True,0.9726323846995267,0.5652619424408406,0.6021109546236022
heldout,fine_grained_action_localization_8009,P05,P05-20240425-180658,fine_grained,fine_grained_action_localization,16,18,2,0.9589485770520138,0.5732872254111019,0.5732872254111019,1.0,1.0,1.0,2 3,4 5 6 7,True,0.5,False,True,0.9726323846995267,0.5732872254081536,0.5732872254081536
heldout,fine_grained_action_localization_8009,P05,P05-20240425-180658,fine_grained,fine_grained_action_localization,16,19,3,0.9589485770520138,0.6235578700537157,0.6235578700537157,1.0,1.0,1.0,2 3,4 5 6 7,True,0.5,False,True,0.9726323846995267,0.6235578700511899,0.6235578700511899
heldout,fine_grained_action_localization_8009,P05,P05-20240425-180658,fine_grained,fine_grained_action_localization,20,21,1,0.9917570471161402,0.5245166945544102,0.5245166945544102,1.0,1.0,0.7999999999999999,1 3,2 3 6 7,False,0.75,False,True,0.9945046980748115,0.5245166945511902,0.5245166945511902
heldout,fine_grained_action_localization_8009,P05,P05-20240425-180658,fine_grained,fine_grained_action_localization,20,22,2,0.9917570471161402,0.5025342478301364,0.5520403096126628,0.910321654197205,0.3333333333333333,-0.39999999999999997,1 3,2 3 6 7,False,0.75,False,True,0.9945046980748115,0.5025342478264687,0.5520403096086337
heldout,fine_grained_action_localization_8009,P05,P05-20240425-180658,fine_grained,fine_grained_action_localization,20,23,3,0.9917570471161402,0.4985075797980066,0.5074392900529675,0.9823984653335995,0.3333333333333333,0.39999999999999997,1 3,2 3 6 7,False,0.75,False,True,0.9945046980748115,0.49850757979440724,0.5074392900493037
heldout,fine_grained_action_localization_8009,P05,P05-20240425-180658,fine_grained,fine_grained_action_localization,24,25,1,0.9987715950504478,0.4704659611246545,0.5295340388753454,0.8884527274655599,0.0,-0.7999999999999999,0 1,0 1 2 3,True,0.5,True,False,0.9991810633622641,0.47046596112134653,0.5295340388716222
heldout,fine_grained_action_localization_8009,P05,P05-20240425-180658,fine_grained,fine_grained_action_localization,24,26,2,0.9987715950504478,0.5225139602662029,0.5225139602662029,1.0,1.0,0.7999999999999999,0 1,0 1 2 3,True,0.5,True,False,0.9991810633622641,0.5225139602630013,0.5225139602630013
heldout,fine_grained_action_localization_8009,P05,P05-20240425-180658,fine_grained,fine_grained_action_localization,24,27,3,0.9987715950504478,0.5780333871912854,0.5780333871912854,1.0,1.0,0.7999999999999999,0 1,0 1 2 3,True,0.5,True,False,0.9991810633622641,0.5780333871883856,0.5780333871883856
heldout,fine_grained_action_localization_8273,P03,P03-20240218-144430,fine_grained,fine_grained_action_localization,8,9,1,0.9769867128333439,0.5543998020890228,0.5680589369122153,0.9759547224141228,0.3333333333333333,0.39999999999999997,0 2,0 1 4 5,False,0.75,True,False,0.9846578085524882,0.5543998020861574,0.5680589369092792
heldout,fine_grained_action_localization_8273,P03,P03-20240218-144430,fine_grained,fine_grained_action_localization,8,10,2,0.9769867128333439,0.469604115837009,0.5303958841629909,0.88538416277133,0.0,-0.6000000000000001,0 2,0 1 4 5,False,0.75,True,False,0.9846578085524882,0.4696041158336106,0.5303958841591526
heldout,fine_grained_action_localization_8273,P03,P03-20240218-144430,fine_grained,fine_grained_action_localization,8,11,3,0.9769867128333439,0.5435297913262146,0.577875989386176,0.9405647601028654,0.3333333333333333,0.39999999999999997,0 2,0 1 4 5,False,0.75,True,False,0.9846578085524882,0.5435297913228432,0.5778759893825915
heldout,fine_grained_action_localization_8273,P03,P03-20240218-144430,fine_grained,fine_grained_action_localization,12,13,1,0.9850400284896397,0.5590201537882716,0.5590201537882716,1.0,1.0,0.7999999999999999,1 2,2 3 4 5,True,0.5,False,False,0.9900266856574802,0.5590201537863371,0.5590201537863371
heldout,fine_grained_action_localization_8273,P03,P03-20240218-144430,fine_grained,fine_grained_action_localization,12,14,2,0.9850400284896397,0.5960211833133081,0.5960211833133081,1.0,1.0,0.6000000000000001,1 2,2 3 4 5,True,0.5,False,False,0.9900266856574802,0.5960211833108308,0.5960211833108308
heldout,fine_grained_action_localization_8273,P03,P03-20240218-144430,fine_grained,fine_grained_action_localization,12,15,3,0.9850400284896397,0.565252736538732,0.6003879333845584,0.9414791755594433,0.3333333333333333,0.39999999999999997,1 2,2 3 4 5,True,0.5,False,False,0.9900266856574802,0.5652527365361933,0.6003879333818619
heldout,fine_grained_action_localization_8273,P03,P03-20240218-144430,fine_grained,fine_grained_action_localization,16,17,1,0.9458447371308977,0.6081334164294486,0.6189700611115302,0.9824924574500075,0.3333333333333333,0.7999999999999999,1 2,2 3 4 5,True,0.5,False,False,0.9638964914189317,0.6081334164266661,0.6189700611086981
heldout,fine_grained_action_localization_8273,P03,P03-20240218-144430,fine_grained,fine_grained_action_localization,16,18,2,0.9458447371308977,0.5761017431959603,0.6373756287667877,0.9038653459508927,0.3333333333333333,0.7999999999999999,1 2,2 3 4 5,True,0.5,False,False,0.9638964914189317,0.5761017431929905,0.637375628763502
heldout,fine_grained_action_localization_8273,P03,P03-20240218-144430,fine_grained,fine_grained_action_localization,16,19,3,0.9458447371308977,0.5920059278775203,0.6367623293486679,0.9297125482958011,0.3333333333333333,0.7999999999999999,1 2,2 3 4 5,True,0.5,False,False,0.9638964914189317,0.5920059278751365,0.6367623293461041
heldout,fine_grained_action_localization_8273,P03,P03-20240218-144430,fine_grained,fine_grained_action_localization,20,21,1,0.9829420681423957,0.5843519411241873,0.5843519411241873,1.0,1.0,0.7999999999999999,1 2,2 3 4 5,True,0.5,False,False,0.9886280454257614,0.5843519411206134,0.5843519411206134
heldout,fine_grained_action_localization_8273,P03,P03-20240218-144430,fine_grained,fine_grained_action_localization,20,22,2,0.9829420681423957,0.5531632200397307,0.5531632200397307,1.0,1.0,0.7999999999999999,1 2,2 3 4 5,True,0.5,False,False,0.9886280454257614,0.5531632200355436,0.5531632200355435
heldout,fine_grained_action_localization_8273,P03,P03-20240218-144430,fine_grained,fine_grained_action_localization,20,23,3,0.9829420681423957,0.5737012358279787,0.5737012358279787,1.0,1.0,0.7999999999999999,1 2,2 3 4 5,True,0.5,False,False,0.9886280454257614,0.573701235824196,0.573701235824196
heldout,fine_grained_action_localization_8273,P03,P03-20240218-144430,fine_grained,fine_grained_action_localization,24,25,1,0.990492371259206,0.5661484505757102,0.5661484505757102,1.0,1.0,1.0,1 2,2 3 4 5,True,0.5,False,False,0.9936615808351476,0.566148450571866,0.566148450571866
heldout,fine_grained_action_localization_8273,P03,P03-20240218-144430,fine_grained,fine_grained_action_localization,24,26,2,0.990492371259206,0.5552435974859183,0.5802782317625217,0.9568575333240336,0.3333333333333333,0.39999999999999997,1 2,2 3 4 5,True,0.5,False,False,0.9936615808351476,0.5552435974825249,0.5802782317589752
heldout,fine_grained_action_localization_8273,P03,P03-20240218-144430,fine_grained,fine_grained_action_localization,24,27,3,0.990492371259206,0.404654527035635,0.5953454729643649,0.6796969917664194,0.0,-1.0,1 2,2 3 4 5,True,0.5,False,False,0.9936615808351476,0.4046545270339652,0.5953454729619083
heldout,fine_grained_action_localization_8735,P02,P02-20240211-120927,fine_grained,fine_grained_action_localization,8,9,1,0.9787564763709885,0.6091867087236891,0.6091867087236891,1.0,1.0,1.0,0 1,0 1 2 3,True,0.5,True,False,0.9858376509109887,0.6091867087208958,0.6091867087208958
heldout,fine_grained_action_localization_8735,P02,P02-20240211-120927,fine_grained,fine_grained_action_localization,8,10,2,0.9787564763709885,0.5554475598843076,0.5554475598843076,1.0,1.0,1.0,0 1,0 1 2 3,True,0.5,True,False,0.9858376509109887,0.5554475598798692,0.5554475598798692
heldout,fine_grained_action_localization_8735,P02,P02-20240211-120927,fine_grained,fine_grained_action_localization,8,11,3,0.9787564763709885,0.6363508967928115,0.6363508967928115,1.0,1.0,1.0,0 1,0 1 2 3,True,0.5,True,False,0.9858376509109887,0.636350896789392,0.636350896789392
heldout,fine_grained_action_localization_8735,P02,P02-20240211-120927,fine_grained,fine_grained_action_localization,12,13,1,0.986675428466675,0.5223845030128551,0.5640044435094191,0.9262063606492331,0.3333333333333333,0.39999999999999997,0 1,0 1 2 3,True,0.5,True,False,0.991116952308972,0.5223845030111444,0.564004443507572
heldout,fine_grained_action_localization_8735,P02,P02-20240211-120927,fine_grained,fine_grained_action_localization,12,14,2,0.986675428466675,0.530511797767665,0.5804271017069036,0.9140024582028491,0.3333333333333333,0.39999999999999997,0 1,0 1 2 3,True,0.5,True,False,0.991116952308972,0.5305117977657741,0.5804271017048348
heldout,fine_grained_action_localization_8735,P02,P02-20240211-120927,fine_grained,fine_grained_action_localization,12,15,3,0.986675428466675,0.47622300538381235,0.6111464784494344,0.7792289118511456,0.3333333333333333,0.0,0 1,0 1 2 3,True,0.5,True,False,0.991116952308972,0.47622300538183315,0.6111464784468944
heldout,fine_grained_action_localization_8735,P02,P02-20240211-120927,fine_grained,fine_grained_action_localization,16,17,1,0.9667357844311573,0.628054158484013,0.628054158484013,1.0,1.0,1.0,1 3,2 3 6 7,False,0.75,False,True,0.9778238562857687,0.6280541584812621,0.6280541584812621
heldout,fine_grained_action_localization_8735,P02,P02-20240211-120927,fine_grained,fine_grained_action_localization,16,18,2,0.9667357844311573,0.6147698725960715,0.6147698725960715,1.0,1.0,1.0,1 3,2 3 6 7,False,0.75,False,True,0.9778238562857687,0.6147698725931761,0.6147698725931761
heldout,fine_grained_action_localization_8735,P02,P02-20240211-120927,fine_grained,fine_grained_action_localization,16,19,3,0.9667357844311573,0.6286732334344212,0.6286732334344212,1.0,1.0,1.0,1 3,2 3 6 7,False,0.75,False,True,0.9778238562857687,0.6286732334319585,0.6286732334319585
heldout,fine_grained_action_localization_8735,P02,P02-20240211-120927,fine_grained,fine_grained_action_localization,20,21,1,0.9822522632557456,0.5635126756954623,0.5635126756954623,1.0,1.0,1.0,1 3,2 3 6 7,False,0.75,False,True,0.9881681755013779,0.5635126756923183,0.5635126756923183
heldout,fine_grained_action_localization_8735,P02,P02-20240211-120927,fine_grained,fine_grained_action_localization,20,22,2,0.9822522632557456,0.5168317209051643,0.5769198965187925,0.8958465881031182,0.3333333333333333,0.19999999999999998,1 3,2 3 6 7,False,0.75,False,True,0.9881681755013779,0.5168317209013199,0.5769198965145012
heldout,fine_grained_action_localization_8735,P02,P02-20240211-120927,fine_grained,fine_grained_action_localization,20,23,3,0.9822522632557456,0.5156404491752127,0.539324584315719,0.9560855636303766,0.3333333333333333,0.39999999999999997,1 3,2 3 6 7,False,0.75,False,True,0.9881681755013779,0.5156404491716775,0.5393245843120213
heldout,fine_grained_action_localization_8735,P02,P02-20240211-120927,fine_grained,fine_grained_action_localization,24,25,1,0.9955105373446371,0.4926249069372911,0.5282777580416294,0.9325111637550171,0.3333333333333333,0.39999999999999997,0 1,0 1 2 3,True,0.5,True,False,0.9970070248916881,0.4926249069340526,0.5282777580381565
heldout,fine_grained_action_localization_8735,P02,P02-20240211-120927,fine_grained,fine_grained_action_localization,24,26,2,0.9955105373446371,0.5458933831445408,0.5458933831445408,1.0,1.0,1.0,0 1,0 1 2 3,True,0.5,True,False,0.9970070248916881,0.5458933831412677,0.5458933831412677
heldout,fine_grained_action_localization_8735,P02,P02-20240211-120927,fine_grained,fine_grained_action_localization,24,27,3,0.9955105373446371,0.5991941933005127,0.5991941933005127,1.0,1.0,1.0,0 1,0 1 2 3,True,0.5,True,False,0.9970070248916881,0.5991941932974767,0.5991941932974767
heldout,fine_grained_action_recognition_1045,P04,P04-20240415-184003,fine_grained,fine_grained_action_recognition,8,9,1,0.9452470104910347,0.6477426561888304,0.6477426561888304,1.0,1.0,0.7999999999999999,0 1,0 1 2 3,True,0.5,True,False,0.9634980069907467,0.6477426561852584,0.6477426561852584
heldout,fine_grained_action_recognition_1045,P04,P04-20240415-184003,fine_grained,fine_grained_action_recognition,8,10,2,0.9452470104910347,0.6580474738201451,0.6580474738201451,1.0,1.0,0.7999999999999999,0 1,0 1 2 3,True,0.5,True,False,0.9634980069907467,0.6580474738126474,0.6580474738126474
heldout,fine_grained_action_recognition_1045,P04,P04-20240415-184003,fine_grained,fine_grained_action_recognition,8,11,3,0.9452470104910347,0.619988476397417,0.619988476397417,1.0,1.0,0.7999999999999999,0 1,0 1 2 3,True,0.5,True,False,0.9634980069907467,0.6199884763935142,0.6199884763935142
heldout,fine_grained_action_recognition_1045,P04,P04-20240415-184003,fine_grained,fine_grained_action_recognition,12,13,1,0.9840474239363475,0.5645797913388292,0.5902917833768857,0.9564418940562482,0.3333333333333333,0.7999999999999999,0 3,0 1 6 7,False,1.0,True,True,0.9893649492876779,0.5645797913360184,0.5902917833739469
heldout,fine_grained_action_recognition_1045,P04,P04-20240415-184003,fine_grained,fine_grained_action_recognition,12,14,2,0.9840474239363475,0.5506493248717398,0.6436136911778216,0.8555587496344961,0.3333333333333333,0.39999999999999997,0 3,0 1 6 7,False,1.0,True,True,0.9893649492876779,0.5506493248689905,0.6436136911746082
heldout,fine_grained_action_recognition_1045,P04,P04-20240415-184003,fine_grained,fine_grained_action_recognition,12,15,3,0.9840474239363475,0.4849351491162778,0.5192792979825812,0.9338618947457915,0.3333333333333333,0.0,0 3,0 1 6 7,False,1.0,True,True,0.9893649492876779,0.48493514911327373,0.5192792979793643
heldout,fine_grained_action_recognition_1045,P04,P04-20240415-184003,fine_grained,fine_grained_action_recognition,16,17,1,0.9912544851864498,0.5510083578965401,0.5510083578965401,1.0,1.0,1.0,0 1,0 1 2 3,True,0.5,True,False,0.9941696567878074,0.5510083578914399,0.5510083578914399
heldout,fine_grained_action_recognition_1045,P04,P04-20240415-184003,fine_grained,fine_grained_action_recognition,16,18,2,0.9912544851864498,0.5357773171005271,0.5357773171005271,1.0,1.0,1.0,0 1,0 1 2 3,True,0.5,True,False,0.9941696567878074,0.535777317096795,0.535777317096795
heldout,fine_grained_action_recognition_1045,P04,P04-20240415-184003,fine_grained,fine_grained_action_recognition,16,19,3,0.9912544851864498,0.5649678783968521,0.5649678783968521,1.0,1.0,1.0,0 1,0 1 2 3,True,0.5,True,False,0.9941696567878074,0.5649678783936986,0.5649678783936986
heldout,fine_grained_action_recognition_1045,P04,P04-20240415-184003,fine_grained,fine_grained_action_recognition,20,21,1,0.9882773809245197,0.6107591817036164,0.6107591817036164,1.0,1.0,1.0,0 1,0 1 2 3,True,0.5,True,False,0.9921849206124184,0.6107591816982825,0.6107591816982825
heldout,fine_grained_action_recognition_1045,P04,P04-20240415-184003,fine_grained,fine_grained_action_recognition,20,22,2,0.9882773809245197,0.6825639870095092,0.6825639870095092,1.0,1.0,1.0,0 1,0 1 2 3,True,0.5,True,False,0.9921849206124184,0.682563987001106,0.682563987001106
heldout,fine_grained_action_recognition_1045,P04,P04-20240415-184003,fine_grained,fine_grained_action_recognition,20,23,3,0.9882773809245197,0.651019585123126,0.651019585123126,1.0,1.0,1.0,0 1,0 1 2 3,True,0.5,True,False,0.9921849206124184,0.651019585116511,0.651019585116511
heldout,fine_grained_action_recognition_1045,P04,P04-20240415-184003,fine_grained,fine_grained_action_recognition,24,25,1,0.968468776710377,0.6709388177030077,0.6709388177030077,1.0,1.0,1.0,0 1,0 1 2 3,True,0.5,True,False,0.9789791844681932,0.6709388176960425,0.6709388176960425
heldout,fine_grained_action_recognition_1045,P04,P04-20240415-184003,fine_grained,fine_grained_action_recognition,24,26,2,0.968468776710377,0.6874165575649072,0.6874165575649072,1.0,1.0,1.0,0 1,0 1 2 3,True,0.5,True,False,0.9789791844681932,0.6874165575593807,0.6874165575593807
heldout,fine_grained_action_recognition_1045,P04,P04-20240415-184003,fine_grained,fine_grained_action_recognition,24,27,3,0.968468776710377,0.7138526494344422,0.7138526494344422,1.0,1.0,1.0,0 1,0 1 2 3,True,0.5,True,False,0.9789791844681932,0.7138526494295987,0.7138526494295987
heldout,fine_grained_action_recognition_1133,P08,P08-20240618-171546,fine_grained,fine_grained_action_recognition,8,9,1,0.9422721235452508,0.6893063924428885,0.6893063924428885,1.0,1.0,1.0,0 1,0 1 2 3,True,0.5,True,False,0.9615147490265848,0.6893063924388557,0.6893063924388557
heldout,fine_grained_action_recognition_1133,P08,P08-20240618-171546,fine_grained,fine_grained_action_recognition,8,10,2,0.9422721235452508,0.704021786691795,0.704021786691795,1.0,1.0,1.0,0 1,0 1 2 3,True,0.5,True,False,0.9615147490265848,0.7040217866830771,0.7040217866830771
heldout,fine_grained_action_recognition_1133,P08,P08-20240618-171546,fine_grained,fine_grained_action_recognition,8,11,3,0.9422721235452508,0.6733601374371132,0.6733601374371132,1.0,1.0,1.0,0 1,0 1 2 3,True,0.5,True,False,0.9615147490265848,0.6733601374328846,0.6733601374328846
heldout,fine_grained_action_recognition_1133,P08,P08-20240618-171546,fine_grained,fine_grained_action_recognition,12,13,1,0.9632598067213731,0.6386659768831472,0.6386659768831472,1.0,1.0,0.7999999999999999,0 1,0 1 2 3,True,0.5,True,False,0.9755065378108494,0.6386659768798801,0.6386659768798801
heldout,fine_grained_action_recognition_1133,P08,P08-20240618-171546,fine_grained,fine_grained_action_recognition,12,14,2,0.9632598067213731,0.6697936007468135,0.6697936007468135,1.0,1.0,0.7999999999999999,0 1,0 1 2 3,True,0.5,True,False,0.9755065378108494,0.6697936007432175,0.6697936007432175
heldout,fine_grained_action_recognition_1133,P08,P08-20240618-171546,fine_grained,fine_grained_action_recognition,12,15,3,0.9632598067213731,0.5563748030727683,0.5563748030727683,1.0,1.0,0.6000000000000001,0 1,0 1 2 3,True,0.5,True,False,0.9755065378108494,0.5563748030691815,0.5563748030691815
heldout,fine_grained_action_recognition_1133,P08,P08-20240618-171546,fine_grained,fine_grained_action_recognition,16,17,1,0.9929448932095005,0.5752400880167652,0.5752400880167652,1.0,1.0,1.0,0 1,0 1 2 3,True,0.5,True,False,0.9952965954698952,0.575240088011357,0.575240088011357
heldout,fine_grained_action_recognition_1133,P08,P08-20240618-171546,fine_grained,fine_grained_action_recognition,16,18,2,0.9929448932095005,0.5654224153535317,0.5654224153535317,1.0,1.0,1.0,0 1,0 1 2 3,True,0.5,True,False,0.9952965954698952,0.5654224153494792,0.5654224153494792
heldout,fine_grained_action_recognition_1133,P08,P08-20240618-171546,fine_grained,fine_grained_action_recognition,16,19,3,0.9929448932095005,0.5681944168317064,0.5681944168317064,1.0,1.0,1.0,0 1,0 1 2 3,True,0.5,True,False,0.9952965954698952,0.5681944168283375,0.5681944168283375
heldout,fine_grained_action_recognition_1133,P08,P08-20240618-171546,fine_grained,fine_grained_action_recognition,20,21,1,0.9883427738733515,0.6311545694111036,0.6311545694111036,1.0,1.0,1.0,0 1,0 1 2 3,True,0.5,True,False,0.9922285159113869,0.6311545694050382,0.6311545694050382
heldout,fine_grained_action_recognition_1133,P08,P08-20240618-171546,fine_grained,fine_grained_action_recognition,20,22,2,0.9883427738733515,0.6603283488006993,0.6603283488006993,1.0,1.0,1.0,0 1,0 1 2 3,True,0.5,True,False,0.9922285159113869,0.6603283487924998,0.6603283487924998
heldout,fine_grained_action_recognition_1133,P08,P08-20240618-171546,fine_grained,fine_grained_action_recognition,20,23,3,0.9883427738733515,0.6476634923239912,0.6476634923239912,1.0,1.0,1.0,0 1,0 1 2 3,True,0.5,True,False,0.9922285159113869,0.6476634923174198,0.6476634923174198
heldout,fine_grained_action_recognition_1133,P08,P08-20240618-171546,fine_grained,fine_grained_action_recognition,24,25,1,0.9483777880327519,0.6835736420432768,0.6835736420432768,1.0,1.0,1.0,0 1,0 1 2 3,True,0.5,True,False,0.9655851920159888,0.6835736420359341,0.6835736420359341
heldout,fine_grained_action_recognition_1133,P08,P08-20240618-171546,fine_grained,fine_grained_action_recognition,24,26,2,0.9483777880327519,0.663166238513945,0.663166238513945,1.0,1.0,1.0,0 1,0 1 2 3,True,0.5,True,False,0.9655851920159888,0.6631662385088238,0.6631662385088238
heldout,fine_grained_action_recognition_1133,P08,P08-20240618-171546,fine_grained,fine_grained_action_recognition,24,27,3,0.9483777880327519,0.723185169267629,0.723185169267629,1.0,1.0,1.0,0 1,0 1 2 3,True,0.5,True,False,0.9655851920159888,0.7231851692631182,0.7231851692631182
heldout,fine_grained_action_recognition_1445,P06,P06-20240510-100047,fine_grained,fine_grained_action_recognition,8,9,1,0.9647232767629563,0.6437872152890995,0.6437872152890995,1.0,1.0,1.0,0 1,0 1 2 3,True,0.5,True,False,0.976482184504949,0.6437872152850325,0.6437872152850325
heldout,fine_grained_action_recognition_1445,P06,P06-20240510-100047,fine_grained,fine_grained_action_recognition,8,10,2,0.9647232767629563,0.638602255120158,0.638602255120158,1.0,1.0,1.0,0 1,0 1 2 3,True,0.5,True,False,0.976482184504949,0.6386022551116657,0.6386022551116657
heldout,fine_grained_action_recognition_1445,P06,P06-20240510-100047,fine_grained,fine_grained_action_recognition,8,11,3,0.9647232767629563,0.604161050230523,0.604161050230523,1.0,1.0,1.0,0 1,0 1 2 3,True,0.5,True,False,0.976482184504949,0.6041610502266018,0.6041610502266018
heldout,fine_grained_action_recognition_1445,P06,P06-20240510-100047,fine_grained,fine_grained_action_recognition,12,13,1,0.9893182198929655,0.554309800707715,0.5644495556608246,0.9820360298782793,0.3333333333333333,0.7999999999999999,0 3,0 1 6 7,False,1.0,True,True,0.9928788132585487,0.5543098007046523,0.5644495556577058
heldout,fine_grained_action_recognition_1445,P06,P06-20240510-100047,fine_grained,fine_grained_action_recognition,12,14,2,0.9893182198929655,0.5604089942102854,0.6419418920837174,0.8729902209547666,0.3333333333333333,0.39999999999999997,0 3,0 1 6 7,False,1.0,True,True,0.9928788132585487,0.5604089942074499,0.6419418920804695
heldout,fine_grained_action_recognition_1445,P06,P06-20240510-100047,fine_grained,fine_grained_action_recognition,12,15,3,0.9893182198929655,0.5065821468750382,0.5235557829579003,0.9675800809858939,0.3333333333333333,0.39999999999999997,0 3,0 1 6 7,False,1.0,True,True,0.9928788132585487,0.506582146871813,0.5235557829545672
heldout,fine_grained_action_recognition_1445,P06,P06-20240510-100047,fine_grained,fine_grained_action_recognition,16,17,1,0.99238671810313,0.5512157538226692,0.5512157538226692,1.0,1.0,0.7999999999999999,0 1,0 1 2 3,True,0.5,True,False,0.994924478731942,0.5512157538168503,0.5512157538168503
heldout,fine_grained_action_recognition_1445,P06,P06-20240510-100047,fine_grained,fine_grained_action_recognition,16,18,2,0.99238671810313,0.5161230224357125,0.5169691206960454,0.9983633485512757,0.3333333333333333,0.39999999999999997,0 1,0 1 2 3,True,0.5,True,False,0.994924478731942,0.5161230224318136,0.5169691206921403
heldout,fine_grained_action_recognition_1445,P06,P06-20240510-100047,fine_grained,fine_grained_action_recognition,16,19,3,0.99238671810313,0.557277102561812,0.557277102561812,1.0,1.0,0.6000000000000001,0 1,0 1 2 3,True,0.5,True,False,0.994924478731942,0.5572771025585656,0.5572771025585656
heldout,fine_grained_action_recognition_1445,P06,P06-20240510-100047,fine_grained,fine_grained_action_recognition,20,21,1,0.996400418799956,0.6070692260039461,0.6070692260039461,1.0,1.0,0.7999999999999999,0 1,0 1 2 3,True,0.5,True,False,0.997600279195949,0.6070692259981127,0.6070692259981127
heldout,fine_grained_action_recognition_1445,P06,P06-20240510-100047,fine_grained,fine_grained_action_recognition,20,22,2,0.996400418799956,0.6340759439406584,0.6340759439406584,1.0,1.0,0.7999999999999999,0 1,0 1 2 3,True,0.5,True,False,0.997600279195949,0.6340759439332793,0.6340759439332793
heldout,fine_grained_action_recognition_1445,P06,P06-20240510-100047,fine_grained,fine_grained_action_recognition,20,23,3,0.996400418799956,0.6219802294624577,0.6219802294624577,1.0,1.0,1.0,0 1,0 1 2 3,True,0.5,True,False,0.997600279195949,0.6219802294561694,0.6219802294561694
heldout,fine_grained_action_recognition_1445,P06,P06-20240510-100047,fine_grained,fine_grained_action_recognition,24,25,1,0.9662031411520079,0.6517528882624357,0.6517528882624357,1.0,1.0,0.7999999999999999,0 1,0 1 2 3,True,0.5,True,False,0.9774687607618306,0.6517528882555572,0.6517528882555572
heldout,fine_grained_action_recognition_1445,P06,P06-20240510-100047,fine_grained,fine_grained_action_recognition,24,26,2,0.9662031411520079,0.6431968462806527,0.6431968462806527,1.0,1.0,1.0,0 1,0 1 2 3,True,0.5,True,False,0.9774687607618306,0.6431968462750675,0.6431968462750675
heldout,fine_grained_action_recognition_1445,P06,P06-20240510-100047,fine_grained,fine_grained_action_recognition,24,27,3,0.9662031411520079,0.6871039212490258,0.6871039212490258,1.0,1.0,1.0,0 1,0 1 2 3,True,0.5,True,False,0.9774687607618306,0.6871039212438161,0.6871039212438161
heldout,fine_grained_action_recognition_174,P02,P02-20240211-111822,fine_grained,fine_grained_action_recognition,8,9,1,0.9460718554190382,0.662455075691696,0.662455075691696,1.0,1.0,1.0,0 1,0 1 2 3,True,0.5,True,False,0.9640479036094475,0.6624550756880649,0.6624550756880649
heldout,fine_grained_action_recognition_174,P02,P02-20240211-111822,fine_grained,fine_grained_action_recognition,8,10,2,0.9460718554190382,0.6764384087740009,0.6764384087740009,1.0,1.0,1.0,0 1,0 1 2 3,True,0.5,True,False,0.9640479036094475,0.6764384087662115,0.6764384087662115
heldout,fine_grained_action_recognition_174,P02,P02-20240211-111822,fine_grained,fine_grained_action_recognition,8,11,3,0.9460718554190382,0.6524506012506588,0.6524506012506588,1.0,1.0,1.0,0 1,0 1 2 3,True,0.5,True,False,0.9640479036094475,0.6524506012466097,0.6524506012466097
heldout,fine_grained_action_recognition_174,P02,P02-20240211-111822,fine_grained,fine_grained_action_recognition,12,13,1,0.9835182990680896,0.5777075440318543,0.5777075440318543,1.0,1.0,1.0,0 1,0 1 2 3,True,0.5,True,False,0.9890121993756988,0.5777075440289174,0.5777075440289174
heldout,fine_grained_action_recognition_174,P02,P02-20240211-111822,fine_grained,fine_grained_action_recognition,12,14,2,0.9835182990680896,0.6364581194551995,0.6364581194551995,1.0,1.0,1.0,0 1,0 1 2 3,True,0.5,True,False,0.9890121993756988,0.6364581194521729,0.6364581194521729
heldout,fine_grained_action_recognition_174,P02,P02-20240211-111822,fine_grained,fine_grained_action_recognition,12,15,3,0.9835182990680896,0.5157507539916226,0.5157507539916226,1.0,1.0,0.7999999999999999,0 1,0 1 2 3,True,0.5,True,False,0.9890121993756988,0.515750753988498,0.515750753988498
heldout,fine_grained_action_recognition_174,P02,P02-20240211-111822,fine_grained,fine_grained_action_recognition,16,17,1,0.9918485858932725,0.5338991157664379,0.5338991157664379,1.0,1.0,1.0,0 1,0 1 2 3,True,0.5,True,False,0.9945657239256677,0.5338991157618374,0.5338991157618374
heldout,fine_grained_action_recognition_174,P02,P02-20240211-111822,fine_grained,fine_grained_action_recognition,16,18,2,0.9918485858932725,0.5060175219510777,0.5141854361218644,0.9841148472963539,0.3333333333333333,0.39999999999999997,0 1,0 1 2 3,True,0.5,True,False,0.9945657239256677,0.5060175219474419,0.5141854361181699
heldout,fine_grained_action_recognition_174,P02,P02-20240211-111822,fine_grained,fine_grained_action_recognition,16,19,3,0.9918485858932725,0.5152387625546364,0.5279343269243707,0.9759523794489822,0.3333333333333333,0.39999999999999997,0 1,0 1 2 3,True,0.5,True,False,0.9945657239256677,0.5152387625518853,0.5279343269215517
heldout,fine_grained_action_recognition_174,P02,P02-20240211-111822,fine_grained,fine_grained_action_recognition,20,21,1,0.9925361101037564,0.5701155413621201,0.5909184319025779,0.9647956648204747,0.3333333333333333,0.7999999999999999,0 2,0 1 4 5,False,0.75,True,False,0.9950240733987307,0.570115541357301,0.5909184318975831
heldout,fine_grained_action_recognition_174,P02,P02-20240211-111822,fine_grained,fine_grained_action_recognition,20,22,2,0.9925361101037564,0.6028215348872052,0.6546266481725672,0.9208631157469997,0.3333333333333333,0.7999999999999999,0 2,0 1 4 5,False,0.75,True,False,0.9950240733987307,0.6028215348805914,0.6546266481653849
heldout,fine_grained_action_recognition_174,P02,P02-20240211-111822,fine_grained,fine_grained_action_recognition,20,23,3,0.9925361101037564,0.5727387252200589,0.6415474113003827,0.8927457505582443,0.3333333333333333,0.7999999999999999,0 2,0 1 4 5,False,0.75,True,False,0.9950240733987307,0.5727387252145588,0.641547411294222
heldout,fine_grained_action_recognition_174,P02,P02-20240211-111822,fine_grained,fine_grained_action_recognition,24,25,1,0.9672059311752245,0.6431816035505082,0.6431816035505082,1.0,1.0,1.0,0 1,0 1 2 3,True,0.5,True,False,0.9781372874447041,0.6431816035443032,0.6431816035443032
heldout,fine_grained_action_recognition_174,P02,P02-20240211-111822,fine_grained,fine_grained_action_recognition,24,26,2,0.9672059311752245,0.650289566913233,0.650289566913233,1.0,1.0,1.0,0 1,0 1 2 3,True,0.5,True,False,0.9781372874447041,0.6502895669085458,0.6502895669085458
heldout,fine_grained_action_recognition_174,P02,P02-20240211-111822,fine_grained,fine_grained_action_recognition,24,27,3,0.9672059311752245,0.6840925399872015,0.6840925399872015,1.0,1.0,1.0,0 1,0 1 2 3,True,0.5,True,False,0.9781372874447041,0.6840925399827931,0.6840925399827931
heldout,fine_grained_action_recognition_2054,P04,P04-20240414-164751,fine_grained,fine_grained_action_recognition,8,9,1,0.9788406456184554,0.6413164307776575,0.6413164307776575,1.0,1.0,0.7999999999999999,0 1,0 1 2 3,True,0.5,True,False,0.9858937637420326,0.6413164307738702,0.6413164307738702
heldout,fine_grained_action_recognition_2054,P04,P04-20240414-164751,fine_grained,fine_grained_action_recognition,8,10,2,0.9788406456184554,0.6217983542531527,0.6217983542531527,1.0,1.0,1.0,0 1,0 1 2 3,True,0.5,True,False,0.9858937637420326,0.6217983542457395,0.6217983542457395
heldout,fine_grained_action_recognition_2054,P04,P04-20240414-164751,fine_grained,fine_grained_action_recognition,8,11,3,0.9788406456184554,0.593676144227951,0.593676144227951,1.0,1.0,0.7999999999999999,0 1,0 1 2 3,True,0.5,True,False,0.9858937637420326,0.5936761442241882,0.5936761442241882
heldout,fine_grained_action_recognition_2054,P04,P04-20240414-164751,fine_grained,fine_grained_action_recognition,12,13,1,0.9977783129390878,0.5528689041289068,0.5528689041289068,1.0,1.0,1.0,0 1,0 1 2 3,True,0.5,True,False,0.9985188752894525,0.5528689041261317,0.5528689041261317
heldout,fine_grained_action_recognition_2054,P04,P04-20240414-164751,fine_grained,fine_grained_action_recognition,12,14,2,0.9977783129390878,0.5885802108931382,0.5885802108931382,1.0,1.0,0.7999999999999999,0 1,0 1 2 3,True,0.5,True,False,0.9985188752894525,0.5885802108899914,0.5885802108899914
heldout,fine_grained_action_recognition_2054,P04,P04-20240414-164751,fine_grained,fine_grained_action_recognition,12,15,3,0.9977783129390878,0.4573218838353397,0.5426781161646602,0.8427129641184544,0.0,-0.7999999999999999,0 1,0 1 2 3,True,0.5,True,False,0.9985188752894525,0.4573218838325188,0.5426781161613129
heldout,fine_grained_action_recognition_2054,P04,P04-20240414-164751,fine_grained,fine_grained_action_recognition,16,17,1,0.9994969121233728,0.49913834659033274,0.5250214205155436,0.9507009182600683,0.3333333333333333,0.39999999999999997,1 2,2 3 4 5,True,0.5,False,False,0.9996646080791335,0.4991383465858102,0.5250214205107866
heldout,fine_grained_action_recognition_2054,P04,P04-20240414-164751,fine_grained,fine_grained_action_recognition,16,18,2,0.9994969121233728,0.5389521114752914,0.5389521114752914,1.0,1.0,1.0,1 2,2 3 4 5,True,0.5,False,False,0.9996646080791335,0.5389521114714156,0.5389521114714156
heldout,fine_grained_action_recognition_2054,P04,P04-20240414-164751,fine_grained,fine_grained_action_recognition,16,19,3,0.9994969121233728,0.5158162371088596,0.5245777653247661,0.9832979420878004,0.3333333333333333,0.7999999999999999,1 2,2 3 4 5,True,0.5,False,False,0.9996646080791335,0.5158162371059863,0.5245777653218441
heldout,fine_grained_action_recognition_2054,P04,P04-20240414-164751,fine_grained,fine_grained_action_recognition,20,21,1,0.9982574968675254,0.5946130341502556,0.5946130341502556,1.0,1.0,0.6000000000000001,0 1,0 1 2 3,True,0.5,True,False,0.9988383312411424,0.5946130341446991,0.5946130341446991
heldout,fine_grained_action_recognition_2054,P04,P04-20240414-164751,fine_grained,fine_grained_action_recognition,20,22,2,0.9982574968675254,0.6522724616860409,0.6522724616860409,1.0,1.0,0.7999999999999999,0 1,0 1 2 3,True,0.5,True,False,0.9988383312411424,0.6522724616784723,0.6522724616784723
heldout,fine_grained_action_recognition_2054,P04,P04-20240414-164751,fine_grained,fine_grained_action_recognition,20,23,3,0.9982574968675254,0.5966387606037398,0.5966387606037398,1.0,1.0,0.7999999999999999,0 1,0 1 2 3,True,0.5,True,False,0.9988383312411424,0.5966387605977286,0.5966387605977286
heldout,fine_grained_action_recognition_2054,P04,P04-20240414-164751,fine_grained,fine_grained_action_recognition,24,25,1,0.9780736963779768,0.6121984815510741,0.6121984815510741,1.0,1.0,1.0,0 1,0 1 2 3,True,0.5,True,False,0.985382464245949,0.6121984815441301,0.6121984815441301
heldout,fine_grained_action_recognition_2054,P04,P04-20240414-164751,fine_grained,fine_grained_action_recognition,24,26,2,0.9780736963779768,0.6136049204862364,0.6136049204862364,1.0,1.0,1.0,0 1,0 1 2 3,True,0.5,True,False,0.985382464245949,0.6136049204811139,0.6136049204811139
heldout,fine_grained_action_recognition_2054,P04,P04-20240414-164751,fine_grained,fine_grained_action_recognition,24,27,3,0.9780736963779768,0.6557663309803071,0.6557663309803071,1.0,1.0,1.0,0 1,0 1 2 3,True,0.5,True,False,0.985382464245949,0.6557663309758848,0.6557663309758848
heldout,fine_grained_action_recognition_2281,P08,P08-20240614-125650,fine_grained,fine_grained_action_recognition,8,9,1,0.9569766753259719,0.6270218601833415,0.6710762425888769,0.9343526419061082,0.3333333333333333,0.7999999999999999,0 3,0 1 6 7,False,1.0,True,True,0.9713177835467909,0.6270218601796014,0.6710762425848739
heldout,fine_grained_action_recognition_2281,P08,P08-20240614-125650,fine_grained,fine_grained_action_recognition,8,10,2,0.9569766753259719,0.6344957872956478,0.6724080815345649,0.9436171347726906,0.3333333333333333,0.7999999999999999,0 3,0 1 6 7,False,1.0,True,True,0.9713177835467909,0.6344957872874883,0.6724080815259177
heldout,fine_grained_action_recognition_2281,P08,P08-20240614-125650,fine_grained,fine_grained_action_recognition,8,11,3,0.9569766753259719,0.5932137419343508,0.6457801128030208,0.9186002017923645,0.3333333333333333,0.7999999999999999,0 3,0 1 6 7,False,1.0,True,True,0.9713177835467909,0.5932137419301288,0.6457801127984246
heldout,fine_grained_action_recognition_2281,P08,P08-20240614-125650,fine_grained,fine_grained_action_recognition,12,13,1,0.9644519648559364,0.6061597379614739,0.6061597379614739,1.0,1.0,1.0,0 1,0 1 2 3,True,0.5,True,False,0.9763013099003655,0.6061597379583236,0.6061597379583236
heldout,fine_grained_action_recognition_2281,P08,P08-20240614-125650,fine_grained,fine_grained_action_recognition,12,14,2,0.9644519648559364,0.6102763039935115,0.6102763039935115,1.0,1.0,1.0,0 1,0 1 2 3,True,0.5,True,False,0.9763013099003655,0.6102763039900196,0.6102763039900196
heldout,fine_grained_action_recognition_2281,P08,P08-20240614-125650,fine_grained,fine_grained_action_recognition,12,15,3,0.9644519648559364,0.4872705119254156,0.5650069569572183,0.8624150657357502,0.3333333333333333,0.0,0 1,0 1 2 3,True,0.5,True,False,0.9763013099003655,0.4872705119220261,0.5650069569532878
heldout,fine_grained_action_recognition_2281,P08,P08-20240614-125650,fine_grained,fine_grained_action_recognition,16,17,1,0.9623522379371131,0.6069027706722312,0.6069027706722312,1.0,1.0,1.0,0 3,0 1 6 7,False,1.0,True,True,0.9749014919546695,0.6069027706661605,0.6069027706661605
heldout,fine_grained_action_recognition_2281,P08,P08-20240614-125650,fine_grained,fine_grained_action_recognition,16,18,2,0.9623522379371131,0.5659780948583043,0.5659780948583043,1.0,1.0,0.7999999999999999,0 3,0 1 6 7,False,1.0,True,True,0.9749014919546695,0.5659780948537662,0.5659780948537662
heldout,fine_grained_action_recognition_2281,P08,P08-20240614-125650,fine_grained,fine_grained_action_recognition,16,19,3,0.9623522379371131,0.5652687726668914,0.5652687726668914,1.0,1.0,1.0,0 3,0 1 6 7,False,1.0,True,True,0.9749014919546695,0.5652687726634706,0.5652687726634706
heldout,fine_grained_action_recognition_2281,P08,P08-20240614-125650,fine_grained,fine_grained_action_recognition,20,21,1,0.9812462201363253,0.6125013513544161,0.6125013513544161,1.0,1.0,1.0,0 3,0 1 6 7,False,1.0,True,True,0.9874974800867616,0.6125013513492646,0.6125013513492646
heldout,fine_grained_action_recognition_2281,P08,P08-20240614-125650,fine_grained,fine_grained_action_recognition,20,22,2,0.9812462201363253,0.6269161572965699,0.6391912661394261,0.9807958752049365,0.3333333333333333,0.7999999999999999,0 3,0 1 6 7,False,1.0,True,True,0.9874974800867616,0.6269161572899897,0.639191266132717
heldout,fine_grained_action_recognition_2281,P08,P08-20240614-125650,fine_grained,fine_grained_action_recognition,20,23,3,0.9812462201363253,0.6115134961245645,0.6115134961245645,1.0,1.0,1.0,0 3,0 1 6 7,False,1.0,True,True,0.9874974800867616,0.6115134961187471,0.6115134961187471
heldout,fine_grained_action_recognition_2281,P08,P08-20240614-125650,fine_grained,fine_grained_action_recognition,24,25,1,0.9651947969749588,0.6296382951763707,0.6296382951763707,1.0,1.0,0.7999999999999999,0 1,0 1 2 3,True,0.5,True,False,0.9767965313106731,0.6296382951697783,0.6296382951697783
heldout,fine_grained_action_recognition_2281,P08,P08-20240614-125650,fine_grained,fine_grained_action_recognition,24,26,2,0.9651947969749588,0.6357238819622024,0.6357238819622024,1.0,1.0,0.7999999999999999,0 1,0 1 2 3,True,0.5,True,False,0.9767965313106731,0.6357238819572911,0.6357238819572911
heldout,fine_grained_action_recognition_2281,P08,P08-20240614-125650,fine_grained,fine_grained_action_recognition,24,27,3,0.9651947969749588,0.6889329967084019,0.6889329967084019,1.0,1.0,0.7999999999999999,0 1,0 1 2 3,True,0.5,True,False,0.9767965313106731,0.6889329967033458,0.6889329967033458
heldout,fine_grained_action_recognition_285,P06,P06-20240510-140459,fine_grained,fine_grained_action_recognition,8,9,1,0.9775012883374135,0.6217197910356759,0.6217197910356759,1.0,1.0,1.0,0 1,0 1 2 3,True,0.5,True,False,0.9850008588873683,0.6217197910311607,0.6217197910311607
heldout,fine_grained_action_recognition_285,P06,P06-20240510-140459,fine_grained,fine_grained_action_recognition,8,10,2,0.9775012883374135,0.5958623423879824,0.5958623423879824,1.0,1.0,1.0,0 1,0 1 2 3,True,0.5,True,False,0.9850008588873683,0.5958623423804474,0.5958623423804474
heldout,fine_grained_action_recognition_285,P06,P06-20240510-140459,fine_grained,fine_grained_action_recognition,8,11,3,0.9775012883374135,0.5762904716353128,0.5762904716353128,1.0,1.0,1.0,0 1,0 1 2 3,True,0.5,True,False,0.9850008588873683,0.5762904716311863,0.5762904716311863
heldout,fine_grained_action_recognition_285,P06,P06-20240510-140459,fine_grained,fine_grained_action_recognition,12,13,1,0.9962329764594341,0.5281218230793606,0.5281218230793606,1.0,1.0,1.0,0 2,0 1 4 5,False,0.75,True,False,0.9974886509687458,0.5281218230764719,0.5281218230764719
heldout,fine_grained_action_recognition_285,P06,P06-20240510-140459,fine_grained,fine_grained_action_recognition,12,14,2,0.9962329764594341,0.5589715207924626,0.5692294240347394,0.9819793165828146,0.3333333333333333,0.7999999999999999,0 2,0 1 4 5,False,0.75,True,False,0.9974886509687458,0.558971520789508,0.5692294240317306
heldout,fine_grained_action_recognition_285,P06,P06-20240510-140459,fine_grained,fine_grained_action_recognition,12,15,3,0.9962329764594341,0.50099633267053,0.53130464663003,0.9429549239748981,0.3333333333333333,-0.39999999999999997,0 2,0 1 4 5,False,0.75,True,False,0.9974886509687458,0.5009963326672302,0.5313046466265305
heldout,fine_grained_action_recognition_285,P06,P06-20240510-140459,fine_grained,fine_grained_action_recognition,16,17,1,0.999818533179014,0.5304616580153789,0.5304616580153789,1.0,1.0,1.0,0 2,0 1 4 5,False,0.75,True,False,0.9998790221155562,0.5304616580094307,0.5304616580094307
heldout,fine_grained_action_recognition_285,P06,P06-20240510-140459,fine_grained,fine_grained_action_recognition,16,18,2,0.999818533179014,0.49167866618598405,0.5534056450927836,0.8884597953523758,0.3333333333333333,-0.19999999999999998,0 2,0 1 4 5,False,0.75,True,False,0.9998790221155562,0.4916786661815908,0.5534056450878386
heldout,fine_grained_action_recognition_285,P06,P06-20240510-140459,fine_grained,fine_grained_action_recognition,16,19,3,0.999818533179014,0.5212588137291796,0.5288218629993204,0.9856983044777206,0.3333333333333333,0.19999999999999998,0 2,0 1 4 5,False,0.75,True,False,0.9998790221155562,0.5212588137259474,0.5288218629960413
heldout,fine_grained_action_recognition_285,P06,P06-20240510-140459,fine_grained,fine_grained_action_recognition,20,21,1,0.993927643373038,0.550879807592555,0.5594268343526274,0.9847218148375683,0.3333333333333333,0.7999999999999999,0 3,0 1 6 7,False,1.0,True,True,0.9959517622444144,0.5508798075874807,0.5594268343474743
heldout,fine_grained_action_recognition_285,P06,P06-20240510-140459,fine_grained,fine_grained_action_recognition,20,22,2,0.993927643373038,0.573501164568024,0.6023101510282282,0.9521691832504846,0.3333333333333333,0.19999999999999998,0 3,0 1 6 7,False,1.0,True,True,0.9959517622444144,0.5735011645615654,0.6023101510214451
heldout,fine_grained_action_recognition_285,P06,P06-20240510-140459,fine_grained,fine_grained_action_recognition,20,23,3,0.993927643373038,0.5780806709840629,0.5891044488016355,0.9812872270104269,0.3333333333333333,0.39999999999999997,0 3,0 1 6 7,False,1.0,True,True,0.9959517622444144,0.5780806709785239,0.5891044487959909
heldout,fine_grained_action_recognition_285,P06,P06-20240510-140459,fine_grained,fine_grained_action_recognition,24,25,1,0.9748728731104699,0.5919810304023965,0.6026364326855582,0.982318688839177,0.3333333333333333,0.7999999999999999,0 1,0 1 2 3,True,0.5,True,False,0.9832485820679531,0.5919810303971126,0.6026364326801792
heldout,fine_grained_action_recognition_285,P06,P06-20240510-140459,fine_grained,fine_grained_action_recognition,24,26,2,0.9748728731104699,0.6105447656802665,0.6105447656802665,1.0,1.0,1.0,0 1,0 1 2 3,True,0.5,True,False,0.9832485820679531,0.6105447656759048,0.6105447656759048
heldout,fine_grained_action_recognition_285,P06,P06-20240510-140459,fine_grained,fine_grained_action_recognition,24,27,3,0.9748728731104699,0.6635083339119329,0.6635083339119329,1.0,1.0,1.0,0 1,0 1 2 3,True,0.5,True,False,0.9832485820679531,0.6635083339076133,0.6635083339076133
heldout,fine_grained_action_recognition_3135,P04,P04-20240414-173337,fine_grained,fine_grained_action_recognition,8,9,1,0.9350587428352332,0.6646940219171251,0.6646940219171251,1.0,1.0,1.0,0 1,0 1 2 3,True,0.5,True,False,0.9567058285533968,0.6646940219133983,0.6646940219133983
heldout,fine_grained_action_recognition_3135,P04,P04-20240414-173337,fine_grained,fine_grained_action_recognition,8,10,2,0.9350587428352332,0.6529698211347245,0.6529698211347245,1.0,1.0,1.0,0 1,0 1 2 3,True,0.5,True,False,0.9567058285533968,0.6529698211273849,0.6529698211273849
heldout,fine_grained_action_recognition_3135,P04,P04-20240414-173337,fine_grained,fine_grained_action_recognition,8,11,3,0.9350587428352332,0.6484762254386726,0.6484762254386726,1.0,1.0,1.0,0 1,0 1 2 3,True,0.5,True,False,0.9567058285533968,0.6484762254346192,0.6484762254346192
heldout,fine_grained_action_recognition_3135,P04,P04-20240414-173337,fine_grained,fine_grained_action_recognition,12,13,1,0.9735870819554682,0.6191456941714674,0.6191456941714674,1.0,1.0,1.0,0 1,0 1 2 3,True,0.5,True,False,0.9823913879671596,0.6191456941684002,0.6191456941684002
heldout,fine_grained_action_recognition_3135,P04,P04-20240414-173337,fine_grained,fine_grained_action_recognition,12,14,2,0.9735870819554682,0.6585882735587858,0.6585882735587858,1.0,1.0,1.0,0 1,0 1 2 3,True,0.5,True,False,0.9823913879671596,0.6585882735553032,0.6585882735553032
heldout,fine_grained_action_recognition_3135,P04,P04-20240414-173337,fine_grained,fine_grained_action_recognition,12,15,3,0.9735870819554682,0.5309424176940506,0.5309424176940506,1.0,1.0,0.7999999999999999,0 1,0 1 2 3,True,0.5,True,False,0.9823913879671596,0.5309424176907456,0.5309424176907456
heldout,fine_grained_action_recognition_3135,P04,P04-20240414-173337,fine_grained,fine_grained_action_recognition,16,17,1,0.972530047460581,0.5762839251781184,0.5762839251781184,1.0,1.0,0.7999999999999999,0 1,0 1 2 3,True,0.5,True,False,0.98168669830416,0.5762839251728872,0.5762839251728872
heldout,fine_grained_action_recognition_3135,P04,P04-20240414-173337,fine_grained,fine_grained_action_recognition,16,18,2,0.972530047460581,0.5705166130837549,0.5705166130837549,1.0,1.0,1.0,0 1,0 1 2 3,True,0.5,True,False,0.98168669830416,0.5705166130796966,0.5705166130796966
heldout,fine_grained_action_recognition_3135,P04,P04-20240414-173337,fine_grained,fine_grained_action_recognition,16,19,3,0.972530047460581,0.5967703677313693,0.5967703677313693,1.0,1.0,1.0,0 1,0 1 2 3,True,0.5,True,False,0.98168669830416,0.5967703677279962,0.5967703677279962
heldout,fine_grained_action_recognition_3135,P04,P04-20240414-173337,fine_grained,fine_grained_action_recognition,20,21,1,0.977172985072535,0.635624116255594,0.635624116255594,1.0,1.0,1.0,0 1,0 1 2 3,True,0.5,True,False,0.9847819900444875,0.6356241162500695,0.6356241162500695
heldout,fine_grained_action_recognition_3135,P04,P04-20240414-173337,fine_grained,fine_grained_action_recognition,20,22,2,0.977172985072535,0.6938570269166559,0.6938570269166559,1.0,1.0,1.0,0 1,0 1 2 3,True,0.5,True,False,0.9847819900444875,0.6938570269092861,0.6938570269092861
heldout,fine_grained_action_recognition_3135,P04,P04-20240414-173337,fine_grained,fine_grained_action_recognition,20,23,3,0.977172985072535,0.6627396981561833,0.6627396981561833,1.0,1.0,1.0,0 1,0 1 2 3,True,0.5,True,False,0.9847819900444875,0.6627396981502106,0.6627396981502106
heldout,fine_grained_action_recognition_3135,P04,P04-20240414-173337,fine_grained,fine_grained_action_recognition,24,25,1,0.9346340229141877,0.698251945698952,0.698251945698952,1.0,1.0,1.0,0 1,0 1 2 3,True,0.5,True,False,0.956422681937619,0.6982519456921685,0.6982519456921685
heldout,fine_grained_action_recognition_3135,P04,P04-20240414-173337,fine_grained,fine_grained_action_recognition,24,26,2,0.9346340229141877,0.6895208175007008,0.6895208175007008,1.0,1.0,1.0,0 1,0 1 2 3,True,0.5,True,False,0.956422681937619,0.6895208174957531,0.6895208174957531
heldout,fine_grained_action_recognition_3135,P04,P04-20240414-173337,fine_grained,fine_grained_action_recognition,24,27,3,0.9346340229141877,0.7256200162744806,0.7256200162744806,1.0,1.0,1.0,0 1,0 1 2 3,True,0.5,True,False,0.956422681937619,0.7256200162701432,0.7256200162701432
heldout,fine_grained_action_recognition_335,P03,P03-20240218-094452,fine_grained,fine_grained_action_recognition,8,9,1,0.9291106530787213,0.7067102064524073,0.7067102064524073,1.0,1.0,1.0,0 1,0 1 2 3,True,0.5,True,False,0.9527404353819604,0.7067102064481804,0.7067102064481804
heldout,fine_grained_action_recognition_335,P03,P03-20240218-094452,fine_grained,fine_grained_action_recognition,8,10,2,0.9291106530787213,0.69624000203498,0.69624000203498,1.0,1.0,1.0,0 1,0 1 2 3,True,0.5,True,False,0.9527404353819604,0.6962400020264298,0.6962400020264298
heldout,fine_grained_action_recognition_335,P03,P03-20240218-094452,fine_grained,fine_grained_action_recognition,8,11,3,0.9291106530787213,0.6816211532425593,0.6816211532425593,1.0,1.0,1.0,0 1,0 1 2 3,True,0.5,True,False,0.9527404353819604,0.6816211532380383,0.6816211532380383
heldout,fine_grained_action_recognition_335,P03,P03-20240218-094452,fine_grained,fine_grained_action_recognition,12,13,1,0.9769745108114422,0.6095100447430798,0.6095100447430798,1.0,1.0,1.0,0 1,0 1 2 3,True,0.5,True,False,0.9846496738706669,0.609510044739913,0.609510044739913
heldout,fine_grained_action_recognition_335,P03,P03-20240218-094452,fine_grained,fine_grained_action_recognition,12,14,2,0.9769745108114422,0.6494746990039093,0.6494746990039093,1.0,1.0,1.0,0 1,0 1 2 3,True,0.5,True,False,0.9846496738706669,0.6494746990002124,0.6494746990002124
heldout,fine_grained_action_recognition_335,P03,P03-20240218-094452,fine_grained,fine_grained_action_recognition,12,15,3,0.9769745108114422,0.5268626363503428,0.5268626363503428,1.0,1.0,0.7999999999999999,0 1,0 1 2 3,True,0.5,True,False,0.9846496738706669,0.5268626363468143,0.5268626363468143
heldout,fine_grained_action_recognition_335,P03,P03-20240218-094452,fine_grained,fine_grained_action_recognition,16,17,1,0.9751176501122055,0.5695665365332547,0.5695665365332547,1.0,1.0,0.7999999999999999,0 1,0 1 2 3,True,0.5,True,False,0.9834117667382115,0.5695665365278868,0.5695665365278868
heldout,fine_grained_action_recognition_335,P03,P03-20240218-094452,fine_grained,fine_grained_action_recognition,16,18,2,0.9751176501122055,0.5201569947142504,0.5781843521830468,0.8996386580686543,0.3333333333333333,0.19999999999999998,0 1,0 1 2 3,True,0.5,True,False,0.9834117667382115,0.5201569947100537,0.5781843521783819
heldout,fine_grained_action_recognition_335,P03,P03-20240218-094452,fine_grained,fine_grained_action_recognition,16,19,3,0.9751176501122055,0.5601791436884745,0.5601791436884745,1.0,1.0,0.7999999999999999,0 1,0 1 2 3,True,0.5,True,False,0.9834117667382115,0.5601791436853096,0.5601791436853096
heldout,fine_grained_action_recognition_335,P03,P03-20240218-094452,fine_grained,fine_grained_action_recognition,20,21,1,0.9743912244404809,0.6365153866421821,0.6365153866421821,1.0,1.0,1.0,0 1,0 1 2 3,True,0.5,True,False,0.9829274829564312,0.6365153866366231,0.6365153866366231
heldout,fine_grained_action_recognition_335,P03,P03-20240218-094452,fine_grained,fine_grained_action_recognition,20,22,2,0.9743912244404809,0.6707172362876606,0.6707172362876606,1.0,1.0,1.0,0 1,0 1 2 3,True,0.5,True,False,0.9829274829564312,0.6707172362808604,0.6707172362808604
heldout,fine_grained_action_recognition_335,P03,P03-20240218-094452,fine_grained,fine_grained_action_recognition,20,23,3,0.9743912244404809,0.6418827239168539,0.6418827239168539,1.0,1.0,1.0,0 1,0 1 2 3,True,0.5,True,False,0.9829274829564312,0.6418827239107024,0.6418827239107024
heldout,fine_grained_action_recognition_335,P03,P03-20240218-094452,fine_grained,fine_grained_action_recognition,24,25,1,0.9340741854386861,0.7016525911757939,0.7016525911757939,1.0,1.0,1.0,0 1,0 1 2 3,True,0.5,True,False,0.9560494569535226,0.7016525911688383,0.7016525911688383
heldout,fine_grained_action_recognition_335,P03,P03-20240218-094452,fine_grained,fine_grained_action_recognition,24,26,2,0.9340741854386861,0.7043806773265636,0.7043806773265636,1.0,1.0,1.0,0 1,0 1 2 3,True,0.5,True,False,0.9560494569535226,0.7043806773211829,0.7043806773211829
heldout,fine_grained_action_recognition_335,P03,P03-20240218-094452,fine_grained,fine_grained_action_recognition,24,27,3,0.9340741854386861,0.7599247147262769,0.7599247147262769,1.0,1.0,1.0,0 1,0 1 2 3,True,0.5,True,False,0.9560494569535226,0.7599247147213807,0.7599247147213807
heldout,fine_grained_action_recognition_3768,P02,P02-20240209-194141,fine_grained,fine_grained_action_recognition,8,9,1,0.9561147488289985,0.6297116503671255,0.6309218817046568,0.9980818047802346,0.3333333333333333,0.7999999999999999,0 1,0 1 2 3,True,0.5,True,False,0.9707431658826711,0.6297116503632397,0.6309218817007635
heldout,fine_grained_action_recognition_3768,P02,P02-20240209-194141,fine_grained,fine_grained_action_recognition,8,10,2,0.9561147488289985,0.6473880295526673,0.6473880295526673,1.0,1.0,1.0,0 1,0 1 2 3,True,0.5,True,False,0.9707431658826711,0.6473880295444203,0.6473880295444203
heldout,fine_grained_action_recognition_3768,P02,P02-20240209-194141,fine_grained,fine_grained_action_recognition,8,11,3,0.9561147488289985,0.6214859468902476,0.6214859468902476,1.0,1.0,1.0,0 1,0 1 2 3,True,0.5,True,False,0.9707431658826711,0.6214859468862178,0.6214859468862178
heldout,fine_grained_action_recognition_3768,P02,P02-20240209-194141,fine_grained,fine_grained_action_recognition,12,13,1,0.9810487746837189,0.5816161151609842,0.5816161151609842,1.0,1.0,1.0,0 2,0 1 4 5,False,0.75,True,False,0.9873658497858478,0.5816161151580184,0.5816161151580184
heldout,fine_grained_action_recognition_3768,P02,P02-20240209-194141,fine_grained,fine_grained_action_recognition,12,14,2,0.9810487746837189,0.6247171246873078,0.6361961921225328,0.981956717790266,0.3333333333333333,0.7999999999999999,0 2,0 1 4 5,False,0.75,True,False,0.9873658497858478,0.6247171246840959,0.6361961921192618
heldout,fine_grained_action_recognition_3768,P02,P02-20240209-194141,fine_grained,fine_grained_action_recognition,12,15,3,0.9810487746837189,0.522191554595375,0.522191554595375,1.0,1.0,0.7999999999999999,0 2,0 1 4 5,False,0.75,True,False,0.9873658497858478,0.5221915545922149,0.5221915545922149
heldout,fine_grained_action_recognition_3768,P02,P02-20240209-194141,fine_grained,fine_grained_action_recognition,16,17,1,0.9909856853774641,0.541160005522026,0.547131802819266,0.9890852674502406,0.3333333333333333,0.7999999999999999,0 2,0 1 4 5,False,0.75,True,False,0.9939904569150833,0.5411600055172219,0.5471318028144089
heldout,fine_grained_action_recognition_3768,P02,P02-20240209-194141,fine_grained,fine_grained_action_recognition,16,18,2,0.9909856853774641,0.5194963643784121,0.5194963643784121,1.0,1.0,1.0,0 2,0 1 4 5,False,0.75,True,False,0.9939904569150833,0.5194963643748753,0.5194963643748753
heldout,fine_grained_action_recognition_3768,P02,P02-20240209-194141,fine_grained,fine_grained_action_recognition,16,19,3,0.9909856853774641,0.5578566412450638,0.5578566412450638,1.0,1.0,1.0,0 2,0 1 4 5,False,0.75,True,False,0.9939904569150833,0.5578566412418734,0.5578566412418734
heldout,fine_grained_action_recognition_3768,P02,P02-20240209-194141,fine_grained,fine_grained_action_recognition,20,21,1,0.9907146436815403,0.6161926424247877,0.6161926424247877,1.0,1.0,1.0,0 1,0 1 2 3,True,0.5,True,False,0.9938097624503944,0.6161926424193315,0.6161926424193315
heldout,fine_grained_action_recognition_3768,P02,P02-20240209-194141,fine_grained,fine_grained_action_recognition,20,22,2,0.9907146436815403,0.667892452228245,0.667892452228245,1.0,1.0,1.0,0 1,0 1 2 3,True,0.5,True,False,0.9938097624503944,0.6678924522200249,0.6678924522200249
heldout,fine_grained_action_recognition_3768,P02,P02-20240209-194141,fine_grained,fine_grained_action_recognition,20,23,3,0.9907146436815403,0.6467625632947351,0.6467625632947351,1.0,1.0,1.0,0 1,0 1 2 3,True,0.5,True,False,0.9938097624503944,0.6467625632876383,0.6467625632876383
heldout,fine_grained_action_recognition_3768,P02,P02-20240209-194141,fine_grained,fine_grained_action_recognition,24,25,1,0.9564799444497211,0.6572108015796514,0.6572108015796514,1.0,1.0,1.0,0 1,0 1 2 3,True,0.5,True,False,0.9709866296273181,0.6572108015722894,0.6572108015722894
heldout,fine_grained_action_recognition_3768,P02,P02-20240209-194141,fine_grained,fine_grained_action_recognition,24,26,2,0.9564799444497211,0.6410579464784165,0.6410579464784165,1.0,1.0,1.0,0 1,0 1 2 3,True,0.5,True,False,0.9709866296273181,0.6410579464732806,0.6410579464732806
heldout,fine_grained_action_recognition_3768,P02,P02-20240209-194141,fine_grained,fine_grained_action_recognition,24,27,3,0.9564799444497211,0.6852200304339494,0.6852200304339494,1.0,1.0,1.0,0 1,0 1 2 3,True,0.5,True,False,0.9709866296273181,0.6852200304291574,0.6852200304291574
heldout,fine_grained_action_recognition_3776,P04,P04-20240415-175615,fine_grained,fine_grained_action_recognition,8,9,1,0.9593149484135921,0.6845576358273167,0.6845576358273167,1.0,1.0,1.0,0 1,0 1 2 3,True,0.5,True,False,0.9728766322724076,0.6845576358235923,0.6845576358235923
heldout,fine_grained_action_recognition_3776,P04,P04-20240415-175615,fine_grained,fine_grained_action_recognition,8,10,2,0.9593149484135921,0.6736314254528395,0.6736314254528395,1.0,1.0,1.0,0 1,0 1 2 3,True,0.5,True,False,0.9728766322724076,0.6736314254455187,0.6736314254455187
heldout,fine_grained_action_recognition_3776,P04,P04-20240415-175615,fine_grained,fine_grained_action_recognition,8,11,3,0.9593149484135921,0.6442368816328663,0.6442368816328663,1.0,1.0,1.0,0 1,0 1 2 3,True,0.5,True,False,0.9728766322724076,0.6442368816287436,0.6442368816287436
heldout,fine_grained_action_recognition_3776,P04,P04-20240415-175615,fine_grained,fine_grained_action_recognition,12,13,1,0.9752771827279345,0.6148506699857084,0.6148506699857084,1.0,1.0,1.0,0 1,0 1 2 3,True,0.5,True,False,0.9835181218152939,0.614850669982566,0.614850669982566
heldout,fine_grained_action_recognition_3776,P04,P04-20240415-175615,fine_grained,fine_grained_action_recognition,12,14,2,0.9752771827279345,0.6612528456325966,0.6612528456325966,1.0,1.0,1.0,0 1,0 1 2 3,True,0.5,True,False,0.9835181218152939,0.6612528456289156,0.6612528456289156
heldout,fine_grained_action_recognition_3776,P04,P04-20240415-175615,fine_grained,fine_grained_action_recognition,12,15,3,0.9752771827279345,0.518097717552972,0.5248379496107254,0.9871574986855416,0.3333333333333333,0.39999999999999997,0 1,0 1 2 3,True,0.5,True,False,0.9835181218152939,0.518097717549634,0.524837949607344
heldout,fine_grained_action_recognition_3776,P04,P04-20240415-175615,fine_grained,fine_grained_action_recognition,16,17,1,0.9939243228424884,0.5439879517072432,0.5439879517072432,1.0,1.0,0.7999999999999999,0 1,0 1 2 3,True,0.5,True,False,0.995949548558467,0.5439879517021026,0.5439879517021026
heldout,fine_grained_action_recognition_3776,P04,P04-20240415-175615,fine_grained,fine_grained_action_recognition,16,18,2,0.9939243228424884,0.5180795712912136,0.5180795712912136,1.0,1.0,0.6000000000000001,0 1,0 1 2 3,True,0.5,True,False,0.995949548558467,0.518079571287575,0.518079571287575
heldout,fine_grained_action_recognition_3776,P04,P04-20240415-175615,fine_grained,fine_grained_action_recognition,16,19,3,0.9939243228424884,0.5349836346624826,0.5514925583086332,0.9700650110369908,0.3333333333333333,0.39999999999999997,0 1,0 1 2 3,True,0.5,True,False,0.995949548558467,0.5349836346596072,0.551492558305669
heldout,fine_grained_action_recognition_3776,P04,P04-20240415-175615,fine_grained,fine_grained_action_recognition,20,21,1,0.9946231124333573,0.6059867195286985,0.6059867195286985,1.0,1.0,0.7999999999999999,0 1,0 1 2 3,True,0.5,True,False,0.9964154082848663,0.6059867195231049,0.6059867195231049
heldout,fine_grained_action_recognition_3776,P04,P04-20240415-175615,fine_grained,fine_grained_action_recognition,20,22,2,0.9946231124333573,0.6271815581510958,0.6271815581510958,1.0,1.0,0.7999999999999999,0 1,0 1 2 3,True,0.5,True,False,0.9964154082848663,0.6271815581440041,0.6271815581440041
heldout,fine_grained_action_recognition_3776,P04,P04-20240415-175615,fine_grained,fine_grained_action_recognition,20,23,3,0.9946231124333573,0.6090639325644313,0.6090639325644313,1.0,1.0,0.7999999999999999,0 1,0 1 2 3,True,0.5,True,False,0.9964154082848663,0.6090639325584939,0.6090639325584939
heldout,fine_grained_action_recognition_3776,P04,P04-20240415-175615,fine_grained,fine_grained_action_recognition,24,25,1,0.9679678666077555,0.643391893280955,0.643391893280955,1.0,1.0,1.0,0 1,0 1 2 3,True,0.5,True,False,0.9786452443995127,0.6433918932745162,0.6433918932745162
heldout,fine_grained_action_recognition_3776,P04,P04-20240415-175615,fine_grained,fine_grained_action_recognition,24,26,2,0.9679678666077555,0.6650229383868553,0.6650229383868553,1.0,1.0,1.0,0 1,0 1 2 3,True,0.5,True,False,0.9786452443995127,0.6650229383823278,0.6650229383823278
heldout,fine_grained_action_recognition_3776,P04,P04-20240415-175615,fine_grained,fine_grained_action_recognition,24,27,3,0.9679678666077555,0.6938638541905736,0.6938638541905736,1.0,1.0,1.0,0 1,0 1 2 3,True,0.5,True,False,0.9786452443995127,0.6938638541863279,0.6938638541863279
heldout,fine_grained_action_recognition_3917,P03,P03-20240218-190556,fine_grained,fine_grained_action_recognition,8,9,1,0.9626080707079631,0.6342049997887749,0.6342049997887749,1.0,1.0,1.0,0 1,0 1 2 3,True,0.5,True,False,0.9750720471352528,0.6342049997852212,0.6342049997852212
heldout,fine_grained_action_recognition_3917,P03,P03-20240218-190556,fine_grained,fine_grained_action_recognition,8,10,2,0.9626080707079631,0.6294866440698392,0.6294866440698392,1.0,1.0,0.7999999999999999,0 1,0 1 2 3,True,0.5,True,False,0.9750720471352528,0.6294866440627507,0.6294866440627507
heldout,fine_grained_action_recognition_3917,P03,P03-20240218-190556,fine_grained,fine_grained_action_recognition,8,11,3,0.9626080707079631,0.6195204771051422,0.6195204771051422,1.0,1.0,0.7999999999999999,0 1,0 1 2 3,True,0.5,True,False,0.9750720471352528,0.6195204771013028,0.6195204771013028
heldout,fine_grained_action_recognition_3917,P03,P03-20240218-190556,fine_grained,fine_grained_action_recognition,12,13,1,0.9785067946163953,0.6135223952269366,0.6135223952269366,1.0,1.0,1.0,0 1,0 1 2 3,True,0.5,True,False,0.9856711964077086,0.6135223952238652,0.6135223952238652
heldout,fine_grained_action_recognition_3917,P03,P03-20240218-190556,fine_grained,fine_grained_action_recognition,12,14,2,0.9785067946163953,0.6529918105966193,0.6529918105966193,1.0,1.0,0.7999999999999999,0 1,0 1 2 3,True,0.5,True,False,0.9856711964077086,0.6529918105931929,0.6529918105931929
heldout,fine_grained_action_recognition_3917,P03,P03-20240218-190556,fine_grained,fine_grained_action_recognition,12,15,3,0.9785067946163953,0.5161760929272068,0.5161760929272068,1.0,1.0,1.0,0 1,0 1 2 3,True,0.5,True,False,0.9856711964077086,0.5161760929240318,0.5161760929240318
heldout,fine_grained_action_recognition_3917,P03,P03-20240218-190556,fine_grained,fine_grained_action_recognition,16,17,1,0.9864667421112903,0.5742309503757921,0.5742309503757921,1.0,1.0,0.7999999999999999,0 1,0 1 2 3,True,0.5,True,False,0.990977828070936,0.5742309503704659,0.5742309503704659
heldout,fine_grained_action_recognition_3917,P03,P03-20240218-190556,fine_grained,fine_grained_action_recognition,16,18,2,0.9864667421112903,0.5744253365624991,0.5744253365624991,1.0,1.0,0.7999999999999999,0 1,0 1 2 3,True,0.5,True,False,0.990977828070936,0.5744253365581138,0.5744253365581138
heldout,fine_grained_action_recognition_3917,P03,P03-20240218-190556,fine_grained,fine_grained_action_recognition,16,19,3,0.9864667421112903,0.6160232652440657,0.6160232652440657,1.0,1.0,1.0,0 1,0 1 2 3,True,0.5,True,False,0.990977828070936,0.6160232652404252,0.6160232652404252
heldout,fine_grained_action_recognition_3917,P03,P03-20240218-190556,fine_grained,fine_grained_action_recognition,20,21,1,0.9797380242163656,0.6500727043645822,0.6500727043645822,1.0,1.0,0.7999999999999999,0 1,0 1 2 3,True,0.5,True,False,0.9864920161402239,0.6500727043584701,0.6500727043584701
heldout,fine_grained_action_recognition_3917,P03,P03-20240218-190556,fine_grained,fine_grained_action_recognition,20,22,2,0.9797380242163656,0.7076530842562118,0.7076530842562118,1.0,1.0,0.7999999999999999,0 1,0 1 2 3,True,0.5,True,False,0.9864920161402239,0.7076530842471457,0.7076530842471457
heldout,fine_grained_action_recognition_3917,P03,P03-20240218-190556,fine_grained,fine_grained_action_recognition,20,23,3,0.9797380242163656,0.646016205028752,0.646016205028752,1.0,1.0,1.0,0 1,0 1 2 3,True,0.5,True,False,0.9864920161402239,0.6460162050222223,0.6460162050222223
heldout,fine_grained_action_recognition_3917,P03,P03-20240218-190556,fine_grained,fine_grained_action_recognition,24,25,1,0.9357128995585333,0.6844051490571617,0.6844051490571617,1.0,1.0,1.0,0 1,0 1 2 3,True,0.5,True,False,0.9571419330333809,0.6844051490495051,0.6844051490495051
heldout,fine_grained_action_recognition_3917,P03,P03-20240218-190556,fine_grained,fine_grained_action_recognition,24,26,2,0.9357128995585333,0.6892156192237766,0.6892156192237766,1.0,1.0,1.0,0 1,0 1 2 3,True,0.5,True,False,0.9571419330333809,0.6892156192180614,0.6892156192180614
heldout,fine_grained_action_recognition_3917,P03,P03-20240218-190556,fine_grained,fine_grained_action_recognition,24,27,3,0.9357128995585333,0.7102864449426898,0.7102864449426898,1.0,1.0,1.0,0 1,0 1 2 3,True,0.5,True,False,0.9571419330333809,0.7102864449377926,0.7102864449377926
heldout,fine_grained_action_recognition_4266,P09,P09-20240622-154652,fine_grained,fine_grained_action_recognition,8,9,1,0.9565114722114905,0.6349593483829123,0.6349593483829123,1.0,1.0,1.0,0 1,0 1 2 3,True,0.5,True,False,0.9710076481376385,0.6349593483788996,0.6349593483788996
heldout,fine_grained_action_recognition_4266,P09,P09-20240622-154652,fine_grained,fine_grained_action_recognition,8,10,2,0.9565114722114905,0.650502681924231,0.650502681924231,1.0,1.0,1.0,0 1,0 1 2 3,True,0.5,True,False,0.9710076481376385,0.6505026819162943,0.6505026819162943
heldout,fine_grained_action_recognition_4266,P09,P09-20240622-154652,fine_grained,fine_grained_action_recognition,8,11,3,0.9565114722114905,0.6316748612817686,0.6316748612817686,1.0,1.0,1.0,0 1,0 1 2 3,True,0.5,True,False,0.9710076481376385,0.6316748612776575,0.6316748612776575
heldout,fine_grained_action_recognition_4266,P09,P09-20240622-154652,fine_grained,fine_grained_action_recognition,12,13,1,0.9878331363643927,0.5520390847204988,0.5564638039984136,0.9920485047794279,0.3333333333333333,0.7999999999999999,0 1,0 1 2 3,True,0.5,True,False,0.9918887575731268,0.5520390847178366,0.55646380399573
heldout,fine_grained_action_recognition_4266,P09,P09-20240622-154652,fine_grained,fine_grained_action_recognition,12,14,2,0.9878331363643927,0.6437734973302727,0.6437734973302727,1.0,1.0,0.7999999999999999,0 1,0 1 2 3,True,0.5,True,False,0.9918887575731268,0.6437734973270764,0.6437734973270764
heldout,fine_grained_action_recognition_4266,P09,P09-20240622-154652,fine_grained,fine_grained_action_recognition,12,15,3,0.9878331363643927,0.47754188097907524,0.5224581190209248,0.9140290170511245,0.0,-0.7999999999999999,0 1,0 1 2 3,True,0.5,True,False,0.9918887575731268,0.477541880976403,0.5224581190180012
heldout,fine_grained_action_recognition_4266,P09,P09-20240622-154652,fine_grained,fine_grained_action_recognition,16,17,1,0.9998206073266841,0.522064840024064,0.522064840024064,1.0,1.0,1.0,0 1,0 1 2 3,True,0.5,True,False,0.9998804048812672,0.5220648400189698,0.5220648400189698
heldout,fine_grained_action_recognition_4266,P09,P09-20240622-154652,fine_grained,fine_grained_action_recognition,16,18,2,0.9998206073266841,0.4902944301982064,0.5175355866444373,0.9473637037737727,0.3333333333333333,0.39999999999999997,0 1,0 1 2 3,True,0.5,True,False,0.9998804048812672,0.4902944301948483,0.5175355866408927
heldout,fine_grained_action_recognition_4266,P09,P09-20240622-154652,fine_grained,fine_grained_action_recognition,16,19,3,0.9998206073266841,0.5287613135611029,0.5287613135611029,1.0,1.0,0.7999999999999999,0 1,0 1 2 3,True,0.5,True,False,0.9998804048812672,0.5287613135581206,0.5287613135581206
heldout,fine_grained_action_recognition_4266,P09,P09-20240622-154652,fine_grained,fine_grained_action_recognition,20,21,1,0.9990959996140795,0.5831129570473385,0.5831129570473385,1.0,1.0,1.0,0 1,0 1 2 3,True,0.5,True,False,0.9993973330720969,0.5831129570422311,0.5831129570422311
heldout,fine_grained_action_recognition_4266,P09,P09-20240622-154652,fine_grained,fine_grained_action_recognition,20,22,2,0.9990959996140795,0.676250163894502,0.676250163894502,1.0,1.0,1.0,0 1,0 1 2 3,True,0.5,True,False,0.9993973330720969,0.6762501638862255,0.6762501638862255
heldout,fine_grained_action_recognition_4266,P09,P09-20240622-154652,fine_grained,fine_grained_action_recognition,20,23,3,0.9990959996140795,0.6326087595650418,0.6326087595650418,1.0,1.0,1.0,0 1,0 1 2 3,True,0.5,True,False,0.9993973330720969,0.6326087595584708,0.6326087595584708
heldout,fine_grained_action_recognition_4266,P09,P09-20240622-154652,fine_grained,fine_grained_action_recognition,24,25,1,0.9693381477416716,0.6569891418312471,0.6569891418312471,1.0,1.0,1.0,0 1,0 1 2 3,True,0.5,True,False,0.9795587651552976,0.6569891418239471,0.6569891418239471
heldout,fine_grained_action_recognition_4266,P09,P09-20240622-154652,fine_grained,fine_grained_action_recognition,24,26,2,0.9693381477416716,0.6579889412720823,0.6579889412720823,1.0,1.0,1.0,0 1,0 1 2 3,True,0.5,True,False,0.9795587651552976,0.6579889412666288,0.6579889412666288
heldout,fine_grained_action_recognition_4266,P09,P09-20240622-154652,fine_grained,fine_grained_action_recognition,24,27,3,0.9693381477416716,0.6794807558664409,0.6794807558664409,1.0,1.0,1.0,0 1,0 1 2 3,True,0.5,True,False,0.9795587651552976,0.6794807558620389,0.6794807558620389
heldout,fine_grained_action_recognition_4688,P02,P02-20240211-141313,fine_grained,fine_grained_action_recognition,8,9,1,0.9517776837189983,0.6531062176292083,0.6531062176292083,1.0,1.0,1.0,0 1,0 1 2 3,True,0.5,True,False,0.9678517891425619,0.6531062176254854,0.6531062176254854
heldout,fine_grained_action_recognition_4688,P02,P02-20240211-141313,fine_grained,fine_grained_action_recognition,8,10,2,0.9517776837189983,0.6402976291946826,0.6402976291946826,1.0,1.0,1.0,0 1,0 1 2 3,True,0.5,True,False,0.9678517891425619,0.6402976291869519,0.6402976291869519
heldout,fine_grained_action_recognition_4688,P02,P02-20240211-141313,fine_grained,fine_grained_action_recognition,8,11,3,0.9517776837189983,0.6103729961468655,0.6103729961468655,1.0,1.0,1.0,0 1,0 1 2 3,True,0.5,True,False,0.9678517891425619,0.6103729961431492,0.6103729961431492
heldout,fine_grained_action_recognition_4688,P02,P02-20240211-141313,fine_grained,fine_grained_action_recognition,12,13,1,0.982369314375829,0.5578606426837083,0.5596291507024358,0.9968398572223985,0.3333333333333333,0.7999999999999999,0 1,0 1 2 3,True,0.5,True,False,0.9882462095807126,0.5578606426809534,0.5596291506996722
heldout,fine_grained_action_recognition_4688,P02,P02-20240211-141313,fine_grained,fine_grained_action_recognition,12,14,2,0.982369314375829,0.6033196523205688,0.6033196523205688,1.0,1.0,1.0,0 1,0 1 2 3,True,0.5,True,False,0.9882462095807126,0.6033196523176556,0.6033196523176556
heldout,fine_grained_action_recognition_4688,P02,P02-20240211-141313,fine_grained,fine_grained_action_recognition,12,15,3,0.982369314375829,0.5041184059431557,0.5183802972194955,0.9724875899936047,0.3333333333333333,0.39999999999999997,0 1,0 1 2 3,True,0.5,True,False,0.9882462095807126,0.5041184059401248,0.5183802972163789
heldout,fine_grained_action_recognition_4688,P02,P02-20240211-141313,fine_grained,fine_grained_action_recognition,16,17,1,0.9913048066080901,0.5448928956583378,0.5448928956583378,1.0,1.0,1.0,0 1,0 1 2 3,True,0.5,True,False,0.9942032044020813,0.5448928956533075,0.5448928956533075
heldout,fine_grained_action_recognition_4688,P02,P02-20240211-141313,fine_grained,fine_grained_action_recognition,16,18,2,0.9913048066080901,0.5341666461023744,0.5399337844081218,0.989318804504761,0.3333333333333333,0.7999999999999999,0 1,0 1 2 3,True,0.5,True,False,0.9942032044020813,0.5341666460982917,0.539933784403995
heldout,fine_grained_action_recognition_4688,P02,P02-20240211-141313,fine_grained,fine_grained_action_recognition,16,19,3,0.9913048066080901,0.5476835712684023,0.5476835712684023,1.0,1.0,1.0,0 1,0 1 2 3,True,0.5,True,False,0.9942032044020813,0.5476835712654131,0.5476835712654131
heldout,fine_grained_action_recognition_4688,P02,P02-20240211-141313,fine_grained,fine_grained_action_recognition,20,21,1,0.9866661127589688,0.6191395034780195,0.6191395034780195,1.0,1.0,1.0,0 1,0 1 2 3,True,0.5,True,False,0.9911107418354125,0.6191395034726063,0.6191395034726063
heldout,fine_grained_action_recognition_4688,P02,P02-20240211-141313,fine_grained,fine_grained_action_recognition,20,22,2,0.9866661127589688,0.6681678291050043,0.6681678291050043,1.0,1.0,1.0,0 1,0 1 2 3,True,0.5,True,False,0.9911107418354125,0.6681678290975651,0.6681678290975651
heldout,fine_grained_action_recognition_4688,P02,P02-20240211-141313,fine_grained,fine_grained_action_recognition,20,23,3,0.9866661127589688,0.641275178716734,0.641275178716734,1.0,1.0,1.0,0 1,0 1 2 3,True,0.5,True,False,0.9911107418354125,0.641275178710492,0.641275178710492
heldout,fine_grained_action_recognition_4688,P02,P02-20240211-141313,fine_grained,fine_grained_action_recognition,24,25,1,0.9529929905428953,0.6686739150187357,0.6686739150187357,1.0,1.0,1.0,0 1,0 1 2 3,True,0.5,True,False,0.9686619936894321,0.6686739150116595,0.6686739150116595
heldout,fine_grained_action_recognition_4688,P02,P02-20240211-141313,fine_grained,fine_grained_action_recognition,24,26,2,0.9529929905428953,0.663481319463006,0.663481319463006,1.0,1.0,1.0,0 1,0 1 2 3,True,0.5,True,False,0.9686619936894321,0.6634813194575948,0.6634813194575948
heldout,fine_grained_action_recognition_4688,P02,P02-20240211-141313,fine_grained,fine_grained_action_recognition,24,27,3,0.9529929905428953,0.7027103154249159,0.7027103154249159,1.0,1.0,1.0,0 1,0 1 2 3,True,0.5,True,False,0.9686619936894321,0.7027103154197892,0.7027103154197892
heldout,fine_grained_action_recognition_649,P02,P02-20240209-184316,fine_grained,fine_grained_action_recognition,8,9,1,0.9632042963094546,0.6443429528237818,0.6443429528237818,1.0,1.0,1.0,0 1,0 1 2 3,True,0.5,True,False,0.9754695308695625,0.6443429528199482,0.6443429528199482
heldout,fine_grained_action_recognition_649,P02,P02-20240209-184316,fine_grained,fine_grained_action_recognition,8,10,2,0.9632042963094546,0.6574573024196426,0.6574573024196426,1.0,1.0,1.0,0 1,0 1 2 3,True,0.5,True,False,0.9754695308695625,0.6574573024118738,0.6574573024118738
heldout,fine_grained_action_recognition_649,P02,P02-20240209-184316,fine_grained,fine_grained_action_recognition,8,11,3,0.9632042963094546,0.6297581157523675,0.6297581157523675,1.0,1.0,1.0,0 1,0 1 2 3,True,0.5,True,False,0.9754695308695625,0.6297581157485999,0.6297581157485999
heldout,fine_grained_action_recognition_649,P02,P02-20240209-184316,fine_grained,fine_grained_action_recognition,12,13,1,0.9830167218868868,0.5664935003516112,0.5664935003516112,1.0,1.0,1.0,0 1,0 1 2 3,True,0.5,True,False,0.9886778145880847,0.566493500348813,0.566493500348813
heldout,fine_grained_action_recognition_649,P02,P02-20240209-184316,fine_grained,fine_grained_action_recognition,12,14,2,0.9830167218868868,0.6437479456537346,0.6437479456537346,1.0,1.0,0.7999999999999999,0 1,0 1 2 3,True,0.5,True,False,0.9886778145880847,0.6437479456504155,0.6437479456504155
heldout,fine_grained_action_recognition_649,P02,P02-20240209-184316,fine_grained,fine_grained_action_recognition,12,15,3,0.9830167218868868,0.5116715816255792,0.5116715816255792,1.0,1.0,0.7999999999999999,0 1,0 1 2 3,True,0.5,True,False,0.9886778145880847,0.511671581622445,0.511671581622445
heldout,fine_grained_action_recognition_649,P02,P02-20240209-184316,fine_grained,fine_grained_action_recognition,16,17,1,0.9949734345287292,0.533877594740375,0.533877594740375,1.0,1.0,1.0,0 1,0 1 2 3,True,0.5,True,False,0.9966489563492882,0.5338775947358131,0.5338775947358131
heldout,fine_grained_action_recognition_649,P02,P02-20240209-184316,fine_grained,fine_grained_action_recognition,16,18,2,0.9949734345287292,0.49895754008520987,0.5033660301376999,0.9912419794174747,0.3333333333333333,0.19999999999999998,0 1,0 1 2 3,True,0.5,True,False,0.9966489563492882,0.49895754008181625,0.5033660301342764
heldout,fine_grained_action_recognition_649,P02,P02-20240209-184316,fine_grained,fine_grained_action_recognition,16,19,3,0.9949734345287292,0.5305309949730345,0.5305309949730345,1.0,1.0,1.0,0 1,0 1 2 3,True,0.5,True,False,0.9966489563492882,0.5305309949699965,0.5305309949699965
heldout,fine_grained_action_recognition_649,P02,P02-20240209-184316,fine_grained,fine_grained_action_recognition,20,21,1,0.9959497568568686,0.5823429131667696,0.5823429131667696,1.0,1.0,1.0,0 1,0 1 2 3,True,0.5,True,False,0.9972998379004359,0.5823429131609281,0.5823429131609281
heldout,fine_grained_action_recognition_649,P02,P02-20240209-184316,fine_grained,fine_grained_action_recognition,20,22,2,0.9959497568568686,0.6555716822745636,0.6555716822745636,1.0,1.0,1.0,0 1,0 1 2 3,True,0.5,True,False,0.9972998379004359,0.6555716822663056,0.6555716822663056
heldout,fine_grained_action_recognition_649,P02,P02-20240209-184316,fine_grained,fine_grained_action_recognition,20,23,3,0.9959497568568686,0.629202921996923,0.629202921996923,1.0,1.0,1.0,0 1,0 1 2 3,True,0.5,True,False,0.9972998379004359,0.6292029219900132,0.6292029219900132
heldout,fine_grained_action_recognition_649,P02,P02-20240209-184316,fine_grained,fine_grained_action_recognition,24,25,1,0.9607954417004172,0.665272139018596,0.665272139018596,1.0,1.0,1.0,0 1,0 1 2 3,True,0.5,True,False,0.9738636277940209,0.6652721390108782,0.6652721390108782
heldout,fine_grained_action_recognition_649,P02,P02-20240209-184316,fine_grained,fine_grained_action_recognition,24,26,2,0.9607954417004172,0.665144920648172,0.665144920648172,1.0,1.0,1.0,0 1,0 1 2 3,True,0.5,True,False,0.9738636277940209,0.6651449206425675,0.6651449206425675
heldout,fine_grained_action_recognition_649,P02,P02-20240209-184316,fine_grained,fine_grained_action_recognition,24,27,3,0.9607954417004172,0.7032635667983372,0.7032635667983372,1.0,1.0,1.0,0 1,0 1 2 3,True,0.5,True,False,0.9738636277940209,0.7032635667935134,0.7032635667935134
heldout,fine_grained_action_recognition_662,P01,P01-20240203-135502,fine_grained,fine_grained_action_recognition,8,9,1,0.9782641001342187,0.5856152019771177,0.6208766606727643,0.943206983078671,0.3333333333333333,0.7999999999999999,0 2,0 1 4 5,False,0.75,True,False,0.9855094000855545,0.58561520197364,0.6208766606690771
heldout,fine_grained_action_recognition_662,P01,P01-20240203-135502,fine_grained,fine_grained_action_recognition,8,10,2,0.9782641001342187,0.586504103732459,0.5975486614175531,0.9815168899234191,0.3333333333333333,0.7999999999999999,0 2,0 1 4 5,False,0.75,True,False,0.9855094000855545,0.5865041037251852,0.5975486614101424
heldout,fine_grained_action_recognition_662,P01,P01-20240203-135502,fine_grained,fine_grained_action_recognition,8,11,3,0.9782641001342187,0.5641413121801547,0.5998836533504173,0.9404178777490643,0.3333333333333333,0.7999999999999999,0 2,0 1 4 5,False,0.75,True,False,0.9855094000855545,0.5641413121759287,0.5998836533459235
heldout,fine_grained_action_recognition_662,P01,P01-20240203-135502,fine_grained,fine_grained_action_recognition,12,13,1,0.9899207290605693,0.5544487169359171,0.5742557820334591,0.9655082879141339,0.3333333333333333,0.39999999999999997,0 1,0 1 2 3,True,0.5,True,False,0.9932804860365472,0.5544487169329327,0.574255782030368
heldout,fine_grained_action_recognition_662,P01,P01-20240203-135502,fine_grained,fine_grained_action_recognition,12,14,2,0.9899207290605693,0.568197321211364,0.568197321211364,1.0,1.0,1.0,0 1,0 1 2 3,True,0.5,True,False,0.9932804860365472,0.568197321208125,0.568197321208125
heldout,fine_grained_action_recognition_662,P01,P01-20240203-135502,fine_grained,fine_grained_action_recognition,12,15,3,0.9899207290605693,0.47078589360429374,0.5292141063957062,0.8895943776152402,0.0,-1.0,0 1,0 1 2 3,True,0.5,True,False,0.9932804860365472,0.4707858936009275,0.5292141063919222
heldout,fine_grained_action_recognition_662,P01,P01-20240203-135502,fine_grained,fine_grained_action_recognition,16,17,1,0.9977449667053795,0.47461153754606855,0.5469302179483335,0.8677734781714024,0.3333333333333333,0.0,0 1,0 1 2 3,True,0.5,True,False,0.9984966444664105,0.4746115375414799,0.5469302179430456
heldout,fine_grained_action_recognition_662,P01,P01-20240203-135502,fine_grained,fine_grained_action_recognition,16,18,2,0.9977449667053795,0.4720073169421034,0.5303201295071208,0.8900422418073903,0.3333333333333333,0.19999999999999998,0 1,0 1 2 3,True,0.5,True,False,0.9984966444664105,0.47200731693810877,0.5303201295026327
heldout,fine_grained_action_recognition_662,P01,P01-20240203-135502,fine_grained,fine_grained_action_recognition,16,19,3,0.9977449667053795,0.4924802940305314,0.5296266198550166,0.929863182038218,0.3333333333333333,0.19999999999999998,0 1,0 1 2 3,True,0.5,True,False,0.9984966444664105,0.49248029402749394,0.52962661985175
heldout,fine_grained_action_recognition_662,P01,P01-20240203-135502,fine_grained,fine_grained_action_recognition,20,21,1,0.9959745640725332,0.5683849654715658,0.5825164943065211,0.9757405516014123,0.3333333333333333,0.7999999999999999,0 3,0 1 6 7,False,1.0,True,True,0.9973163760441828,0.5683849654667492,0.5825164943015846
heldout,fine_grained_action_recognition_662,P01,P01-20240203-135502,fine_grained,fine_grained_action_recognition,20,22,2,0.9959745640725332,0.5943299801400221,0.6543364051531838,0.908294228258454,0.3333333333333333,0.7999999999999999,0 3,0 1 6 7,False,1.0,True,True,0.9973163760441828,0.5943299801333409,0.6543364051458281
heldout,fine_grained_action_recognition_662,P01,P01-20240203-135502,fine_grained,fine_grained_action_recognition,20,23,3,0.9959745640725332,0.5914751575398636,0.6267671618236202,0.9436920016979315,0.3333333333333333,0.7999999999999999,0 3,0 1 6 7,False,1.0,True,True,0.9973163760441828,0.5914751575339384,0.6267671618173416
heldout,fine_grained_action_recognition_662,P01,P01-20240203-135502,fine_grained,fine_grained_action_recognition,24,25,1,0.95678902694262,0.6862768273002251,0.6862768273002251,1.0,1.0,0.7999999999999999,0 1,0 1 2 3,True,0.5,True,False,0.9711926846222807,0.686276827292509,0.686276827292509
heldout,fine_grained_action_recognition_662,P01,P01-20240203-135502,fine_grained,fine_grained_action_recognition,24,26,2,0.95678902694262,0.6916862351223632,0.6916862351223632,1.0,1.0,1.0,0 1,0 1 2 3,True,0.5,True,False,0.9711926846222807,0.6916862351167861,0.6916862351167861
heldout,fine_grained_action_recognition_662,P01,P01-20240203-135502,fine_grained,fine_grained_action_recognition,24,27,3,0.95678902694262,0.7453191078741401,0.7453191078741401,1.0,1.0,0.7999999999999999,0 1,0 1 2 3,True,0.5,True,False,0.9711926846222807,0.745319107868371,0.745319107868371
heldout,fine_grained_action_recognition_757,P09,P09-20240622-162302,fine_grained,fine_grained_action_recognition,8,9,1,0.9565496968157595,0.644413469744012,0.644413469744012,1.0,1.0,1.0,0 1,0 1 2 3,True,0.5,True,False,0.9710331312068349,0.6444134697401775,0.6444134697401775
heldout,fine_grained_action_recognition_757,P09,P09-20240622-162302,fine_grained,fine_grained_action_recognition,8,10,2,0.9565496968157595,0.6444442099413914,0.6444442099413914,1.0,1.0,1.0,0 1,0 1 2 3,True,0.5,True,False,0.9710331312068349,0.6444442099336292,0.6444442099336292
heldout,fine_grained_action_recognition_757,P09,P09-20240622-162302,fine_grained,fine_grained_action_recognition,8,11,3,0.9565496968157595,0.6154401154105708,0.6154401154105708,1.0,1.0,1.0,0 1,0 1 2 3,True,0.5,True,False,0.9710331312068349,0.6154401154067204,0.6154401154067204
heldout,fine_grained_action_recognition_757,P09,P09-20240622-162302,fine_grained,fine_grained_action_recognition,12,13,1,0.9866278643678028,0.5572057585215792,0.5572057585215792,1.0,1.0,0.7999999999999999,0 2,0 1 4 5,False,0.75,True,False,0.9910852429086157,0.5572057585187936,0.5572057585187936
heldout,fine_grained_action_recognition_757,P09,P09-20240622-162302,fine_grained,fine_grained_action_recognition,12,14,2,0.9866278643678028,0.5939995814006258,0.5939995814006258,1.0,1.0,1.0,0 2,0 1 4 5,False,0.75,True,False,0.9910852429086157,0.5939995813975301,0.5939995813975301
heldout,fine_grained_action_recognition_757,P09,P09-20240622-162302,fine_grained,fine_grained_action_recognition,12,15,3,0.9866278643678028,0.5092935966533926,0.5412989126688448,0.9408731197008106,0.3333333333333333,0.39999999999999997,0 2,0 1 4 5,False,0.75,True,False,0.9910852429086157,0.5092935966503053,0.5412989126655635
heldout,fine_grained_action_recognition_757,P09,P09-20240622-162302,fine_grained,fine_grained_action_recognition,16,17,1,0.9961286694431242,0.5267396674108105,0.5267396674108105,1.0,1.0,1.0,0 2,0 1 4 5,False,0.75,True,False,0.9974191129590095,0.5267396674061653,0.5267396674061653
heldout,fine_grained_action_recognition_757,P09,P09-20240622-162302,fine_grained,fine_grained_action_recognition,16,18,2,0.9961286694431242,0.5150156740668378,0.5561717612309145,0.9260011204578413,0.3333333333333333,0.39999999999999997,0 2,0 1 4 5,False,0.75,True,False,0.9974191129590095,0.5150156740633672,0.5561717612271667
heldout,fine_grained_action_recognition_757,P09,P09-20240622-162302,fine_grained,fine_grained_action_recognition,16,19,3,0.9961286694431242,0.5343441838618689,0.538506665509608,0.9922703247437058,0.3333333333333333,0.19999999999999998,0 2,0 1 4 5,False,0.75,True,False,0.9974191129590095,0.5343441838589358,0.538506665506652
heldout,fine_grained_action_recognition_757,P09,P09-20240622-162302,fine_grained,fine_grained_action_recognition,20,21,1,0.9956266937598041,0.5786238397056606,0.5786238397056606,1.0,1.0,0.7999999999999999,0 2,0 1 4 5,False,0.75,True,False,0.9970844625026478,0.5786238397005868,0.5786238397005868
heldout,fine_grained_action_recognition_757,P09,P09-20240622-162302,fine_grained,fine_grained_action_recognition,20,22,2,0.9956266937598041,0.6067250058900078,0.6197751019485902,0.9789438200767463,0.3333333333333333,0.39999999999999997,0 2,0 1 4 5,False,0.75,True,False,0.9970844625026478,0.6067250058831836,0.6197751019416191
heldout,fine_grained_action_recognition_757,P09,P09-20240622-162302,fine_grained,fine_grained_action_recognition,20,23,3,0.9956266937598041,0.5889336124865898,0.6151277330687394,0.9574167783795526,0.3333333333333333,0.39999999999999997,0 2,0 1 4 5,False,0.75,True,False,0.9970844625026478,0.5889336124808536,0.615127733062748
heldout,fine_grained_action_recognition_757,P09,P09-20240622-162302,fine_grained,fine_grained_action_recognition,24,25,1,0.9698984635977356,0.6347531631863814,0.6347531631863814,1.0,1.0,1.0,0 1,0 1 2 3,True,0.5,True,False,0.9799323090596144,0.6347531631799207,0.6347531631799207
heldout,fine_grained_action_recognition_757,P09,P09-20240622-162302,fine_grained,fine_grained_action_recognition,24,26,2,0.9698984635977356,0.6237538507317213,0.6237538507317213,1.0,1.0,1.0,0 1,0 1 2 3,True,0.5,True,False,0.9799323090596144,0.6237538507269166,0.6237538507269166
heldout,fine_grained_action_recognition_757,P09,P09-20240622-162302,fine_grained,fine_grained_action_recognition,24,27,3,0.9698984635977356,0.6424605157489898,0.6424605157489898,1.0,1.0,1.0,0 1,0 1 2 3,True,0.5,True,False,0.9799323090596144,0.6424605157450056,0.6424605157450056
heldout,gaze_interaction_anticipation_22,P03,P03-20240217-094713,gaze,gaze_interaction_anticipation,8,9,1,0.9510869494814653,0.6272330918244052,0.6272330918244052,1.0,1.0,1.0,0 3,0 1 6 7,False,1.0,True,True,0.9673912996506143,0.6272330918214271,0.6272330918214271
heldout,gaze_interaction_anticipation_22,P03,P03-20240217-094713,gaze,gaze_interaction_anticipation,8,10,2,0.9510869494814653,0.6216451648958894,0.6216451648958894,1.0,1.0,1.0,0 3,0 1 6 7,False,1.0,True,True,0.9673912996506143,0.6216451648905864,0.6216451648905864
heldout,gaze_interaction_anticipation_22,P03,P03-20240217-094713,gaze,gaze_interaction_anticipation,8,11,3,0.9510869494814653,0.5938532504807673,0.5938532504807673,1.0,1.0,0.7999999999999999,0 3,0 1 6 7,False,1.0,True,True,0.9673912996506143,0.5938532504774808,0.5938532504774808
heldout,gaze_interaction_anticipation_22,P03,P03-20240217-094713,gaze,gaze_interaction_anticipation,12,13,1,0.9890614344080868,0.5877787705558685,0.5877787705558685,1.0,1.0,1.0,0 3,0 1 6 7,False,1.0,True,True,0.992707622936342,0.5877787705537572,0.5877787705537572
heldout,gaze_interaction_anticipation_22,P03,P03-20240217-094713,gaze,gaze_interaction_anticipation,12,14,2,0.9890614344080868,0.6083872634839358,0.6083872634839358,1.0,1.0,0.7999999999999999,0 3,0 1 6 7,False,1.0,True,True,0.992707622936342,0.608387263481291,0.608387263481291
heldout,gaze_interaction_anticipation_22,P03,P03-20240217-094713,gaze,gaze_interaction_anticipation,12,15,3,0.9890614344080868,0.5662457661170526,0.5662457661170526,1.0,1.0,0.6000000000000001,0 3,0 1 6 7,False,1.0,True,True,0.992707622936342,0.5662457661138762,0.5662457661138762
heldout,gaze_interaction_anticipation_22,P03,P03-20240217-094713,gaze,gaze_interaction_anticipation,16,17,1,0.9793789948628103,0.6497376351139972,0.6497376351139972,1.0,1.0,1.0,0 3,0 1 6 7,False,1.0,True,True,0.9862526632395069,0.6497376351102016,0.6497376351102016
heldout,gaze_interaction_anticipation_22,P03,P03-20240217-094713,gaze,gaze_interaction_anticipation,16,18,2,0.9793789948628103,0.6573466547318797,0.6573466547318797,1.0,1.0,1.0,0 3,0 1 6 7,False,1.0,True,True,0.9862526632395069,0.6573466547277697,0.6573466547277697
heldout,gaze_interaction_anticipation_22,P03,P03-20240217-094713,gaze,gaze_interaction_anticipation,16,19,3,0.9793789948628103,0.6690384081800034,0.6690384081800034,1.0,1.0,0.7999999999999999,0 3,0 1 6 7,False,1.0,True,True,0.9862526632395069,0.6690384081769772,0.6690384081769772
heldout,gaze_interaction_anticipation_22,P03,P03-20240217-094713,gaze,gaze_interaction_anticipation,20,21,1,0.9755061407603941,0.6283853462627511,0.6283853462627511,1.0,1.0,0.7999999999999999,0 3,0 1 6 7,False,1.0,True,True,0.9836707605043401,0.6283853462592832,0.6283853462592832
heldout,gaze_interaction_anticipation_22,P03,P03-20240217-094713,gaze,gaze_interaction_anticipation,20,22,2,0.9755061407603941,0.6418493193558945,0.6418493193558945,1.0,1.0,0.6000000000000001,0 3,0 1 6 7,False,1.0,True,True,0.9836707605043401,0.6418493193516405,0.6418493193516405
heldout,gaze_interaction_anticipation_22,P03,P03-20240217-094713,gaze,gaze_interaction_anticipation,20,23,3,0.9755061407603941,0.6102778509794504,0.6102778509794504,1.0,1.0,0.6000000000000001,0 3,0 1 6 7,False,1.0,True,True,0.9836707605043401,0.6102778509750744,0.6102778509750744
heldout,gaze_interaction_anticipation_22,P03,P03-20240217-094713,gaze,gaze_interaction_anticipation,24,25,1,0.9736671310582952,0.5915566444053655,0.5973330081692789,0.9903297428989953,0.3333333333333333,0.7999999999999999,0 3,0 1 6 7,False,1.0,True,True,0.9824447540345348,0.5915566444011237,0.5973330081649957
heldout,gaze_interaction_anticipation_22,P03,P03-20240217-094713,gaze,gaze_interaction_anticipation,24,26,2,0.9736671310582952,0.595168887965158,0.629655720435125,0.9452290651053964,0.3333333333333333,0.7999999999999999,0 3,0 1 6 7,False,1.0,True,True,0.9824447540345348,0.5951688879613453,0.6296557204310913
heldout,gaze_interaction_anticipation_22,P03,P03-20240217-094713,gaze,gaze_interaction_anticipation,24,27,3,0.9736671310582952,0.6392783415065388,0.67471066909057,0.9474851529592829,0.3333333333333333,0.7999999999999999,0 3,0 1 6 7,False,1.0,True,True,0.9824447540345348,0.6392783415026331,0.6747106690864477
heldout,gaze_interaction_anticipation_244,P04,P04-20240413-151722,gaze,gaze_interaction_anticipation,8,9,1,0.9529770768741903,0.6190514541664469,0.6190514541664469,1.0,1.0,1.0,0 3,0 1 6 7,False,1.0,True,True,0.9686513845793951,0.6190514541637496,0.6190514541637496
heldout,gaze_interaction_anticipation_244,P04,P04-20240413-151722,gaze,gaze_interaction_anticipation,8,10,2,0.9529770768741903,0.5956013033004177,0.5956013033004177,1.0,1.0,1.0,0 3,0 1 6 7,False,1.0,True,True,0.9686513845793951,0.5956013032956119,0.5956013032956119
heldout,gaze_interaction_anticipation_244,P04,P04-20240413-151722,gaze,gaze_interaction_anticipation,8,11,3,0.9529770768741903,0.5574610202547888,0.5574610202547888,1.0,1.0,1.0,0 3,0 1 6 7,False,1.0,True,True,0.9686513845793951,0.5574610202517923,0.5574610202517923
heldout,gaze_interaction_anticipation_244,P04,P04-20240413-151722,gaze,gaze_interaction_anticipation,12,13,1,0.993566147992158,0.5826916510576747,0.5826916510576747,1.0,1.0,0.7999999999999999,0 3,0 1 6 7,False,1.0,True,True,0.9957107653259091,0.5826916510556172,0.5826916510556172
heldout,gaze_interaction_anticipation_244,P04,P04-20240413-151722,gaze,gaze_interaction_anticipation,12,14,2,0.993566147992158,0.5828069909403788,0.5828069909403788,1.0,1.0,0.6000000000000001,0 3,0 1 6 7,False,1.0,True,True,0.9957107653259091,0.5828069909380492,0.5828069909380492
heldout,gaze_interaction_anticipation_244,P04,P04-20240413-151722,gaze,gaze_interaction_anticipation,12,15,3,0.993566147992158,0.5107525904721234,0.5470202049286017,0.9336996803231207,0.3333333333333333,0.39999999999999997,0 3,0 1 6 7,False,1.0,True,True,0.9957107653259091,0.5107525904694075,0.5470202049256929
heldout,gaze_interaction_anticipation_244,P04,P04-20240413-151722,gaze,gaze_interaction_anticipation,16,17,1,0.9930842524117225,0.565203477130511,0.5807685352330021,0.9731992056073657,0.3333333333333333,0.39999999999999997,2 3,4 5 6 7,True,0.5,False,True,0.9953895016054826,0.5652034771274866,0.5807685352298945
heldout,gaze_interaction_anticipation_244,P04,P04-20240413-151722,gaze,gaze_interaction_anticipation,16,18,2,0.9930842524117225,0.6081825385286328,0.6081825385286328,1.0,1.0,1.0,2 3,4 5 6 7,True,0.5,False,True,0.9953895016054826,0.608182538525064,0.608182538525064
heldout,gaze_interaction_anticipation_244,P04,P04-20240413-151722,gaze,gaze_interaction_anticipation,16,19,3,0.9930842524117225,0.583091295952485,0.5846715906442058,0.9972971242027004,0.3333333333333333,0.7999999999999999,2 3,4 5 6 7,True,0.5,False,True,0.9953895016054826,0.583091295949845,0.5846715906415586
heldout,gaze_interaction_anticipation_244,P04,P04-20240413-151722,gaze,gaze_interaction_anticipation,20,21,1,0.9860703409817819,0.5727178498624974,0.5727178498624974,1.0,1.0,0.7999999999999999,0 3,0 1 6 7,False,1.0,True,True,0.9907135606518452,0.5727178498592104,0.5727178498592104
heldout,gaze_interaction_anticipation_244,P04,P04-20240413-151722,gaze,gaze_interaction_anticipation,20,22,2,0.9860703409817819,0.5915269052151696,0.5915269052151696,1.0,1.0,0.7999999999999999,0 3,0 1 6 7,False,1.0,True,True,0.9907135606518452,0.5915269052112302,0.5915269052112302
heldout,gaze_interaction_anticipation_244,P04,P04-20240413-151722,gaze,gaze_interaction_anticipation,20,23,3,0.9860703409817819,0.5679341644386449,0.5791826777185662,0.980578643470088,0.3333333333333333,0.39999999999999997,0 3,0 1 6 7,False,1.0,True,True,0.9907135606518452,0.5679341644344127,0.5791826777142501
heldout,gaze_interaction_anticipation_244,P04,P04-20240413-151722,gaze,gaze_interaction_anticipation,24,25,1,0.9842966489339224,0.5990115213765019,0.5990115213765019,1.0,1.0,0.7999999999999999,0 1,0 1 2 3,True,0.5,True,False,0.98953109928481,0.5990115213719159,0.5990115213719159
heldout,gaze_interaction_anticipation_244,P04,P04-20240413-151722,gaze,gaze_interaction_anticipation,24,26,2,0.9842966489339224,0.6585141888086139,0.6585141888086139,1.0,1.0,0.7999999999999999,0 1,0 1 2 3,True,0.5,True,False,0.98953109928481,0.6585141888038797,0.6585141888038797
heldout,gaze_interaction_anticipation_244,P04,P04-20240413-151722,gaze,gaze_interaction_anticipation,24,27,3,0.9842966489339224,0.659477762874054,0.659477762874054,1.0,1.0,0.7999999999999999,0 1,0 1 2 3,True,0.5,True,False,0.98953109928481,0.6594777628698352,0.6594777628698352
heldout,gaze_interaction_anticipation_468,P08,P08-20240614-132938,gaze,gaze_interaction_anticipation,8,9,1,0.962954848737866,0.5655746286450785,0.5931448680619249,0.9535185400711111,0.3333333333333333,0.39999999999999997,0 3,0 1 6 7,False,1.0,True,True,0.975303232488123,0.5655746286423723,0.5931448680590868
heldout,gaze_interaction_anticipation_468,P08,P08-20240614-132938,gaze,gaze_interaction_anticipation,8,10,2,0.962954848737866,0.5638641396642841,0.5753439512084562,0.9800470457366245,0.3333333333333333,0.39999999999999997,0 3,0 1 6 7,False,1.0,True,True,0.975303232488123,0.5638641396592357,0.575343951203305
heldout,gaze_interaction_anticipation_468,P08,P08-20240614-132938,gaze,gaze_interaction_anticipation,8,11,3,0.962954848737866,0.535540292143188,0.5496405449383703,0.974346410713272,0.3333333333333333,0.39999999999999997,0 3,0 1 6 7,False,1.0,True,True,0.975303232488123,0.5355402921398891,0.5496405449349846
heldout,gaze_interaction_anticipation_468,P08,P08-20240614-132938,gaze,gaze_interaction_anticipation,12,13,1,0.9985593363081317,0.4893718383539338,0.5370052573604073,0.911298039723837,0.3333333333333333,-0.39999999999999997,0 2,0 1 4 5,False,0.75,True,False,0.9990395575362724,0.4893718383520187,0.5370052573583057
heldout,gaze_interaction_anticipation_468,P08,P08-20240614-132938,gaze,gaze_interaction_anticipation,12,14,2,0.9985593363081317,0.5167213239133619,0.5479343455907741,0.9430351064345878,0.3333333333333333,0.19999999999999998,0 2,0 1 4 5,False,0.75,True,False,0.9990395575362724,0.5167213239110391,0.547934345588311
heldout,gaze_interaction_anticipation_468,P08,P08-20240614-132938,gaze,gaze_interaction_anticipation,12,15,3,0.9985593363081317,0.4455018983607752,0.5544981016392247,0.8034326845191506,0.0,-1.0,0 2,0 1 4 5,False,0.75,True,False,0.9990395575362724,0.4455018983581843,0.554498101636
heldout,gaze_interaction_anticipation_468,P08,P08-20240614-132938,gaze,gaze_interaction_anticipation,16,17,1,0.9989865002267665,0.5332529074504275,0.5482835546811061,0.9725859966027601,0.3333333333333333,0.39999999999999997,2 3,4 5 6 7,True,0.5,False,True,0.9993243334819734,0.5332529074473225,0.5482835546779135
heldout,gaze_interaction_anticipation_468,P08,P08-20240614-132938,gaze,gaze_interaction_anticipation,16,18,2,0.9989865002267665,0.6038367693624354,0.6038367693624354,1.0,1.0,1.0,2 3,4 5 6 7,True,0.5,False,True,0.9993243334819734,0.603836769358644,0.603836769358644
heldout,gaze_interaction_anticipation_468,P08,P08-20240614-132938,gaze,gaze_interaction_anticipation,16,19,3,0.9989865002267665,0.5579101499727501,0.5764702856515228,0.9678038293720619,0.3333333333333333,0.7999999999999999,2 3,4 5 6 7,True,0.5,False,True,0.9993243334819734,0.5579101499699793,0.5764702856486599
heldout,gaze_interaction_anticipation_468,P08,P08-20240614-132938,gaze,gaze_interaction_anticipation,20,21,1,0.991346070967818,0.5595836505355928,0.5595836505355928,1.0,1.0,0.7999999999999999,0 3,0 1 6 7,False,1.0,True,True,0.9942307139757578,0.559583650532507,0.559583650532507
heldout,gaze_interaction_anticipation_468,P08,P08-20240614-132938,gaze,gaze_interaction_anticipation,20,22,2,0.991346070967818,0.5817736691671452,0.5817736691671452,1.0,1.0,0.7999999999999999,0 3,0 1 6 7,False,1.0,True,True,0.9942307139757578,0.58177366916334,0.58177366916334
heldout,gaze_interaction_anticipation_468,P08,P08-20240614-132938,gaze,gaze_interaction_anticipation,20,23,3,0.991346070967818,0.5870199188197005,0.5870199188197005,1.0,1.0,0.7999999999999999,0 3,0 1 6 7,False,1.0,True,True,0.9942307139757578,0.5870199188154595,0.5870199188154595
heldout,gaze_interaction_anticipation_468,P08,P08-20240614-132938,gaze,gaze_interaction_anticipation,24,25,1,0.9796525205054517,0.5876471263840561,0.5876471263840561,1.0,1.0,1.0,0 3,0 1 6 7,False,1.0,True,True,0.9864350136659817,0.5876471263794127,0.5876471263794127
heldout,gaze_interaction_anticipation_468,P08,P08-20240614-132938,gaze,gaze_interaction_anticipation,24,26,2,0.9796525205054517,0.599228832546173,0.599228832546173,1.0,1.0,1.0,0 3,0 1 6 7,False,1.0,True,True,0.9864350136659817,0.599228832542203,0.599228832542203
heldout,gaze_interaction_anticipation_468,P08,P08-20240614-132938,gaze,gaze_interaction_anticipation,24,27,3,0.9796525205054517,0.6120037868939107,0.6120037868939107,1.0,1.0,1.0,0 3,0 1 6 7,False,1.0,True,True,0.9864350136659817,0.6120037868902841,0.6120037868902841
heldout,gaze_interaction_anticipation_487,P02,P02-20240211-104948,gaze,gaze_interaction_anticipation,8,9,1,0.9570317466866095,0.6143615333102647,0.6143615333102647,1.0,1.0,1.0,0 2,0 1 4 5,False,0.75,True,False,0.9713544977873493,0.6143615333073733,0.6143615333073733
heldout,gaze_interaction_anticipation_487,P02,P02-20240211-104948,gaze,gaze_interaction_anticipation,8,10,2,0.9570317466866095,0.5990673996316075,0.5995492969042889,0.9991962341125747,0.3333333333333333,0.7999999999999999,0 2,0 1 4 5,False,0.75,True,False,0.9713544977873493,0.5990673996264547,0.599549296899132
heldout,gaze_interaction_anticipation_487,P02,P02-20240211-104948,gaze,gaze_interaction_anticipation,8,11,3,0.9570317466866095,0.5832928816838083,0.5832928816838083,1.0,1.0,1.0,0 2,0 1 4 5,False,0.75,True,False,0.9713544977873493,0.5832928816804427,0.5832928816804427
heldout,gaze_interaction_anticipation_487,P02,P02-20240211-104948,gaze,gaze_interaction_anticipation,12,13,1,0.9820258841824204,0.6007145264912589,0.6007145264912589,1.0,1.0,0.7999999999999999,0 2,0 1 4 5,False,0.75,True,False,0.9880172561192961,0.6007145264890212,0.6007145264890212
heldout,gaze_interaction_anticipation_487,P02,P02-20240211-104948,gaze,gaze_interaction_anticipation,12,14,2,0.9820258841824204,0.6497145581287083,0.6497145581287083,1.0,1.0,0.7999999999999999,0 2,0 1 4 5,False,0.75,True,False,0.9880172561192961,0.6497145581258892,0.6497145581258892
heldout,gaze_interaction_anticipation_487,P02,P02-20240211-104948,gaze,gaze_interaction_anticipation,12,15,3,0.9820258841824204,0.5369991165469058,0.5875891344800284,0.913902393757007,0.3333333333333333,0.7999999999999999,0 2,0 1 4 5,False,0.75,True,False,0.9880172561192961,0.5369991165439044,0.5875891344767443
heldout,gaze_interaction_anticipation_487,P02,P02-20240211-104948,gaze,gaze_interaction_anticipation,16,17,1,0.9727653483010608,0.5337846490606643,0.582499820991013,0.9163687778522075,0.3333333333333333,0.19999999999999998,0 2,0 1 4 5,False,0.75,True,False,0.9818435655315697,0.5337846490574637,0.5824998209875205
heldout,gaze_interaction_anticipation_487,P02,P02-20240211-104948,gaze,gaze_interaction_anticipation,16,18,2,0.9727653483010608,0.5453057430666722,0.5934975622847998,0.918800308071018,0.3333333333333333,0.39999999999999997,0 2,0 1 4 5,False,0.75,True,False,0.9818435655315697,0.5453057430632222,0.5934975622810448
heldout,gaze_interaction_anticipation_487,P02,P02-20240211-104948,gaze,gaze_interaction_anticipation,16,19,3,0.9727653483010608,0.5366698952510529,0.571915817204649,0.9383721853928302,0.3333333333333333,0.7999999999999999,0 2,0 1 4 5,False,0.75,True,False,0.9818435655315697,0.5366698952484805,0.5719158172019077
heldout,gaze_interaction_anticipation_487,P02,P02-20240211-104948,gaze,gaze_interaction_anticipation,20,21,1,0.9880064288252252,0.5818568153743268,0.5828659486376813,0.9982686700677692,0.3333333333333333,0.7999999999999999,0 3,0 1 6 7,False,1.0,True,True,0.9920042858805861,0.5818568153709571,0.5828659486343059
heldout,gaze_interaction_anticipation_487,P02,P02-20240211-104948,gaze,gaze_interaction_anticipation,20,22,2,0.9880064288252252,0.6017093445827221,0.6017093445827221,1.0,1.0,1.0,0 3,0 1 6 7,False,1.0,True,True,0.9920042858805861,0.6017093445784658,0.6017093445784658
heldout,gaze_interaction_anticipation_487,P02,P02-20240211-104948,gaze,gaze_interaction_anticipation,20,23,3,0.9880064288252252,0.6191816134227175,0.6191816134227175,1.0,1.0,1.0,0 3,0 1 6 7,False,1.0,True,True,0.9920042858805861,0.6191816134177673,0.6191816134177673
heldout,gaze_interaction_anticipation_487,P02,P02-20240211-104948,gaze,gaze_interaction_anticipation,24,25,1,0.9773540426753696,0.6042335695293946,0.6042335695293946,1.0,1.0,0.7999999999999999,0 3,0 1 6 7,False,1.0,True,True,0.9849026951122273,0.6042335695250427,0.6042335695250427
heldout,gaze_interaction_anticipation_487,P02,P02-20240211-104948,gaze,gaze_interaction_anticipation,24,26,2,0.9773540426753696,0.6171609345232931,0.6171609345232931,1.0,1.0,1.0,0 3,0 1 6 7,False,1.0,True,True,0.9849026951122273,0.6171609345194884,0.6171609345194884
heldout,gaze_interaction_anticipation_487,P02,P02-20240211-104948,gaze,gaze_interaction_anticipation,24,27,3,0.9773540426753696,0.6467013849590486,0.6467013849590486,1.0,1.0,1.0,0 3,0 1 6 7,False,1.0,True,True,0.9849026951122273,0.646701384955474,0.646701384955474
heldout,gaze_interaction_anticipation_537,P04,P04-20240414-181030,gaze,gaze_interaction_anticipation,8,9,1,0.9707065375150976,0.5939296171130458,0.5939296171130458,1.0,1.0,1.0,0 3,0 1 6 7,False,1.0,True,True,0.9804710250065098,0.5939296171102006,0.5939296171102006
heldout,gaze_interaction_anticipation_537,P04,P04-20240414-181030,gaze,gaze_interaction_anticipation,8,10,2,0.9707065375150976,0.5889385863028451,0.5889385863028451,1.0,1.0,1.0,0 3,0 1 6 7,False,1.0,True,True,0.9804710250065098,0.5889385862977905,0.5889385862977905
heldout,gaze_interaction_anticipation_537,P04,P04-20240414-181030,gaze,gaze_interaction_anticipation,8,11,3,0.9707065375150976,0.551022535406709,0.551022535406709,1.0,1.0,0.7999999999999999,0 3,0 1 6 7,False,1.0,True,True,0.9804710250065098,0.5510225354035396,0.5510225354035396
heldout,gaze_interaction_anticipation_537,P04,P04-20240414-181030,gaze,gaze_interaction_anticipation,12,13,1,0.9912961160402444,0.5483813673172799,0.5503511730775796,0.9964208202750173,0.3333333333333333,0.7999999999999999,0 3,0 1 6 7,False,1.0,True,True,0.9941974106909501,0.5483813673151084,0.5503511730754004
heldout,gaze_interaction_anticipation_537,P04,P04-20240414-181030,gaze,gaze_interaction_anticipation,12,14,2,0.9912961160402444,0.5984099257472927,0.5984099257472927,1.0,1.0,1.0,0 3,0 1 6 7,False,1.0,True,True,0.9941974106909501,0.5984099257446812,0.5984099257446812
heldout,gaze_interaction_anticipation_537,P04,P04-20240414-181030,gaze,gaze_interaction_anticipation,12,15,3,0.9912961160402444,0.5590745740085333,0.6009848581118973,0.9302639932809078,0.3333333333333333,0.19999999999999998,0 3,0 1 6 7,False,1.0,True,True,0.9941974106909501,0.5590745740052251,0.6009848581083411
heldout,gaze_interaction_anticipation_537,P04,P04-20240414-181030,gaze,gaze_interaction_anticipation,16,17,1,0.9745872565638112,0.6015895400144293,0.6185282648066601,0.9726144692877932,0.3333333333333333,0.39999999999999997,0 3,0 1 6 7,False,1.0,True,True,0.9830581710400781,0.6015895400107802,0.6185282648029083
heldout,gaze_interaction_anticipation_537,P04,P04-20240414-181030,gaze,gaze_interaction_anticipation,16,18,2,0.9745872565638112,0.6276360042339125,0.6377903855705044,0.9840788108972375,0.3333333333333333,0.39999999999999997,0 3,0 1 6 7,False,1.0,True,True,0.9830581710400781,0.6276360042302902,0.6377903855668235
heldout,gaze_interaction_anticipation_537,P04,P04-20240414-181030,gaze,gaze_interaction_anticipation,16,19,3,0.9745872565638112,0.5997975795822746,0.6241868383681087,0.9609263488323495,0.3333333333333333,0.39999999999999997,0 3,0 1 6 7,False,1.0,True,True,0.9830581710400781,0.5997975795793675,0.6241868383650834
heldout,gaze_interaction_anticipation_537,P04,P04-20240414-181030,gaze,gaze_interaction_anticipation,20,21,1,0.978853213557642,0.5819428465956676,0.5819428465956676,1.0,1.0,0.7999999999999999,0 3,0 1 6 7,False,1.0,True,True,0.9859021423689567,0.5819428465923695,0.5819428465923695
heldout,gaze_interaction_anticipation_537,P04,P04-20240414-181030,gaze,gaze_interaction_anticipation,20,22,2,0.978853213557642,0.5971971082617641,0.5971971082617641,1.0,1.0,0.7999999999999999,0 3,0 1 6 7,False,1.0,True,True,0.9859021423689567,0.5971971082577887,0.5971971082577886
heldout,gaze_interaction_anticipation_537,P04,P04-20240414-181030,gaze,gaze_interaction_anticipation,20,23,3,0.978853213557642,0.621247538213566,0.621247538213566,1.0,1.0,0.7999999999999999,0 3,0 1 6 7,False,1.0,True,True,0.9859021423689567,0.6212475382086993,0.6212475382086993
heldout,gaze_interaction_anticipation_537,P04,P04-20240414-181030,gaze,gaze_interaction_anticipation,24,25,1,0.9811086497435366,0.5970031819032287,0.5970031819032287,1.0,1.0,0.7999999999999999,0 3,0 1 6 7,False,1.0,True,True,0.9874057664914275,0.5970031818988613,0.5970031818988613
heldout,gaze_interaction_anticipation_537,P04,P04-20240414-181030,gaze,gaze_interaction_anticipation,24,26,2,0.9811086497435366,0.6010650125914947,0.6010650125914947,1.0,1.0,0.6000000000000001,0 3,0 1 6 7,False,1.0,True,True,0.9874057664914275,0.6010650125875104,0.6010650125875104
heldout,gaze_interaction_anticipation_537,P04,P04-20240414-181030,gaze,gaze_interaction_anticipation,24,27,3,0.9811086497435366,0.6294843408220623,0.6294843408220623,1.0,1.0,0.7999999999999999,0 3,0 1 6 7,False,1.0,True,True,0.9874057664914275,0.6294843408183771,0.6294843408183771
heldout,gaze_interaction_anticipation_633,P06,P06-20240510-094438,gaze,gaze_interaction_anticipation,8,9,1,0.9870805645720068,0.5937226461259437,0.5937226461259437,1.0,1.0,0.6000000000000001,0 2,0 1 4 5,False,0.75,True,False,0.9913870430443132,0.593722646123089,0.5937226461230891
heldout,gaze_interaction_anticipation_633,P06,P06-20240510-094438,gaze,gaze_interaction_anticipation,8,10,2,0.9870805645720068,0.5682884078270031,0.5682884078270031,1.0,1.0,0.7999999999999999,0 2,0 1 4 5,False,0.75,True,False,0.9913870430443132,0.5682884078218469,0.5682884078218469
heldout,gaze_interaction_anticipation_633,P06,P06-20240510-094438,gaze,gaze_interaction_anticipation,8,11,3,0.9870805645720068,0.5697981150336597,0.5742504854155109,0.9922466406299516,0.3333333333333333,0.0,0 2,0 1 4 5,False,0.75,True,False,0.9913870430443132,0.569798115030186,0.5742504854120101
heldout,gaze_interaction_anticipation_633,P06,P06-20240510-094438,gaze,gaze_interaction_anticipation,12,13,1,0.9630358682004176,0.6058347522606342,0.6058347522606342,1.0,1.0,1.0,2 3,4 5 6 7,True,0.5,False,True,0.9753572454645537,0.6058347522582821,0.6058347522582821
heldout,gaze_interaction_anticipation_633,P06,P06-20240510-094438,gaze,gaze_interaction_anticipation,12,14,2,0.9630358682004176,0.5534250742153936,0.5777897367027509,0.9578312646631659,0.3333333333333333,0.7999999999999999,2 3,4 5 6 7,True,0.5,False,True,0.9753572454645537,0.5534250742130685,0.5777897367003235
heldout,gaze_interaction_anticipation_633,P06,P06-20240510-094438,gaze,gaze_interaction_anticipation,12,15,3,0.9630358682004176,0.6524195546951231,0.6524195546951231,1.0,1.0,1.0,2 3,4 5 6 7,True,0.5,False,True,0.9753572454645537,0.6524195546914349,0.6524195546914349
heldout,gaze_interaction_anticipation_633,P06,P06-20240510-094438,gaze,gaze_interaction_anticipation,16,17,1,0.964397299972981,0.6792364465486959,0.6792364465486959,1.0,1.0,1.0,2 3,4 5 6 7,True,0.5,False,True,0.9762648666463128,0.6792364465446477,0.6792364465446477
heldout,gaze_interaction_anticipation_633,P06,P06-20240510-094438,gaze,gaze_interaction_anticipation,16,18,2,0.964397299972981,0.6671064365977168,0.6671064365977168,1.0,1.0,1.0,2 3,4 5 6 7,True,0.5,False,True,0.9762648666463128,0.6671064365938844,0.6671064365938844
heldout,gaze_interaction_anticipation_633,P06,P06-20240510-094438,gaze,gaze_interaction_anticipation,16,19,3,0.964397299972981,0.6153417282209965,0.6153417282209965,1.0,1.0,1.0,2 3,4 5 6 7,True,0.5,False,True,0.9762648666463128,0.6153417282181981,0.6153417282181981
heldout,gaze_interaction_anticipation_633,P06,P06-20240510-094438,gaze,gaze_interaction_anticipation,20,21,1,0.9830856463831855,0.5496034042750251,0.58291721544567,0.9428498416448813,0.3333333333333333,0.39999999999999997,2 3,4 5 6 7,True,0.5,False,True,0.9887237642527158,0.5496034042721327,0.5829172154426022
heldout,gaze_interaction_anticipation_633,P06,P06-20240510-094438,gaze,gaze_interaction_anticipation,20,22,2,0.9830856463831855,0.5151686241625665,0.575510755244763,0.8951502981789919,0.3333333333333333,0.39999999999999997,2 3,4 5 6 7,True,0.5,False,True,0.9887237642527158,0.5151686241591557,0.5755107552409527
heldout,gaze_interaction_anticipation_633,P06,P06-20240510-094438,gaze,gaze_interaction_anticipation,20,23,3,0.9830856463831855,0.493630429185667,0.5497727124465251,0.8978809206244136,0.3333333333333333,0.19999999999999998,2 3,4 5 6 7,True,0.5,False,True,0.9887237642527158,0.4936304291820416,0.5497727124424875
heldout,gaze_interaction_anticipation_633,P06,P06-20240510-094438,gaze,gaze_interaction_anticipation,24,25,1,0.9970772440190993,0.5684158604888025,0.5684158604888025,1.0,1.0,1.0,0 2,0 1 4 5,False,0.75,True,False,0.9980514960084154,0.568415860484611,0.568415860484611
heldout,gaze_interaction_anticipation_633,P06,P06-20240510-094438,gaze,gaze_interaction_anticipation,24,26,2,0.9970772440190993,0.570085170584319,0.570085170584319,1.0,1.0,0.7999999999999999,0 2,0 1 4 5,False,0.75,True,False,0.9980514960084154,0.5700851705807101,0.5700851705807101
heldout,gaze_interaction_anticipation_633,P06,P06-20240510-094438,gaze,gaze_interaction_anticipation,24,27,3,0.9970772440190993,0.5962261398906881,0.5962261398906881,1.0,1.0,0.7999999999999999,0 2,0 1 4 5,False,0.75,True,False,0.9980514960084154,0.5962261398871416,0.5962261398871416
heldout,gaze_interaction_anticipation_751,P01,P01-20240203-150506,gaze,gaze_interaction_anticipation,8,9,1,0.9774823089203467,0.6038037136182831,0.6038037136182831,1.0,1.0,1.0,0 3,0 1 6 7,False,1.0,True,True,0.9849882059433301,0.6038037136154144,0.6038037136154144
heldout,gaze_interaction_anticipation_751,P01,P01-20240203-150506,gaze,gaze_interaction_anticipation,8,10,2,0.9774823089203467,0.5847545363419491,0.5847545363419491,1.0,1.0,1.0,0 3,0 1 6 7,False,1.0,True,True,0.9849882059433301,0.5847545363366904,0.5847545363366904
heldout,gaze_interaction_anticipation_751,P01,P01-20240203-150506,gaze,gaze_interaction_anticipation,8,11,3,0.9774823089203467,0.5711278294582227,0.5711278294582227,1.0,1.0,0.7999999999999999,0 3,0 1 6 7,False,1.0,True,True,0.9849882059433301,0.5711278294549146,0.5711278294549145
heldout,gaze_interaction_anticipation_751,P01,P01-20240203-150506,gaze,gaze_interaction_anticipation,12,13,1,0.9763193262273738,0.5914256801165363,0.6191899084829362,0.9551603991182214,0.3333333333333333,0.7999999999999999,0 3,0 1 6 7,False,1.0,True,True,0.9842128841492557,0.5914256801143044,0.6191899084805996
heldout,gaze_interaction_anticipation_751,P01,P01-20240203-150506,gaze,gaze_interaction_anticipation,12,14,2,0.9763193262273738,0.5989532033547054,0.5989532033547054,1.0,1.0,1.0,0 3,0 1 6 7,False,1.0,True,True,0.9842128841492557,0.5989532033521117,0.5989532033521117
heldout,gaze_interaction_anticipation_751,P01,P01-20240203-150506,gaze,gaze_interaction_anticipation,12,15,3,0.9763193262273738,0.5505754477037872,0.6289445691947338,0.8753958213022076,0.3333333333333333,0.7999999999999999,0 3,0 1 6 7,False,1.0,True,True,0.9842128841492557,0.5505754477005091,0.6289445691909891
heldout,gaze_interaction_anticipation_751,P01,P01-20240203-150506,gaze,gaze_interaction_anticipation,16,17,1,0.9627413597289207,0.6337824132437033,0.6337824132437033,1.0,1.0,1.0,2 3,4 5 6 7,True,0.5,False,True,0.9751609064835018,0.6337824132397554,0.6337824132397553
heldout,gaze_interaction_anticipation_751,P01,P01-20240203-150506,gaze,gaze_interaction_anticipation,16,18,2,0.9627413597289207,0.6535575690983064,0.6535575690983064,1.0,1.0,1.0,2 3,4 5 6 7,True,0.5,False,True,0.9751609064835018,0.6535575690941016,0.6535575690941017
heldout,gaze_interaction_anticipation_751,P01,P01-20240203-150506,gaze,gaze_interaction_anticipation,16,19,3,0.9627413597289207,0.6292659245477892,0.6292659245477892,1.0,1.0,1.0,2 3,4 5 6 7,True,0.5,False,True,0.9751609064835018,0.6292659245446036,0.6292659245446036
heldout,gaze_interaction_anticipation_751,P01,P01-20240203-150506,gaze,gaze_interaction_anticipation,20,21,1,0.9722372468993432,0.555100517661012,0.5789455840558719,0.9588129401941189,0.3333333333333333,0.7999999999999999,2 3,4 5 6 7,True,0.5,False,True,0.9814914979300177,0.5551005176577252,0.5789455840524439
heldout,gaze_interaction_anticipation_751,P01,P01-20240203-150506,gaze,gaze_interaction_anticipation,20,22,2,0.9722372468993432,0.5283219088768869,0.5928462832763104,0.8911617122016259,0.3333333333333333,0.7999999999999999,2 3,4 5 6 7,True,0.5,False,True,0.9814914979300177,0.5283219088730534,0.5928462832720087
heldout,gaze_interaction_anticipation_751,P01,P01-20240203-150506,gaze,gaze_interaction_anticipation,20,23,3,0.9722372468993432,0.5362883418974427,0.6134171171289795,0.874263738200642,0.3333333333333333,0.39999999999999997,2 3,4 5 6 7,True,0.5,False,True,0.9814914979300177,0.536288341893102,0.6134171171240146
heldout,gaze_interaction_anticipation_751,P01,P01-20240203-150506,gaze,gaze_interaction_anticipation,24,25,1,0.9860853390559156,0.5891568524624677,0.5891568524624677,1.0,1.0,1.0,0 3,0 1 6 7,False,1.0,True,True,0.9907235593660391,0.5891568524576494,0.5891568524576494
heldout,gaze_interaction_anticipation_751,P01,P01-20240203-150506,gaze,gaze_interaction_anticipation,24,26,2,0.9860853390559156,0.6287115942731658,0.6287115942731658,1.0,1.0,1.0,0 3,0 1 6 7,False,1.0,True,True,0.9907235593660391,0.6287115942688468,0.6287115942688468
heldout,gaze_interaction_anticipation_751,P01,P01-20240203-150506,gaze,gaze_interaction_anticipation,24,27,3,0.9860853390559156,0.6300065441789848,0.6300065441789848,1.0,1.0,1.0,0 3,0 1 6 7,False,1.0,True,True,0.9907235593660391,0.6300065441751281,0.6300065441751281
heldout,gaze_interaction_anticipation_82,P07,P07-20240529-102652,gaze,gaze_interaction_anticipation,8,9,1,0.949490199145525,0.6753350413675667,0.6753350413675667,1.0,1.0,1.0,0 1,0 1 2 3,True,0.5,True,False,0.9663267994268541,0.6753350413644561,0.6753350413644561
heldout,gaze_interaction_anticipation_82,P07,P07-20240529-102652,gaze,gaze_interaction_anticipation,8,10,2,0.949490199145525,0.6360955191689958,0.6360955191689958,1.0,1.0,1.0,0 1,0 1 2 3,True,0.5,True,False,0.9663267994268541,0.6360955191636327,0.6360955191636327
heldout,gaze_interaction_anticipation_82,P07,P07-20240529-102652,gaze,gaze_interaction_anticipation,8,11,3,0.949490199145525,0.5922111914897095,0.5922111914897095,1.0,1.0,0.7999999999999999,0 1,0 1 2 3,True,0.5,True,False,0.9663267994268541,0.5922111914865718,0.5922111914865718
heldout,gaze_interaction_anticipation_82,P07,P07-20240529-102652,gaze,gaze_interaction_anticipation,12,13,1,0.9854639818629743,0.552024381029318,0.5621800869612942,0.9819351375697598,0.3333333333333333,0.7999999999999999,1 2,2 3 4 5,True,0.5,False,False,0.9903093212397497,0.5520243810272674,0.5621800869592058
heldout,gaze_interaction_anticipation_82,P07,P07-20240529-102652,gaze,gaze_interaction_anticipation,12,14,2,0.9854639818629743,0.5083369338918378,0.6098035991212336,0.8336076314150722,0.3333333333333333,0.7999999999999999,1 2,2 3 4 5,True,0.5,False,False,0.9903093212397497,0.508336933889887,0.6098035991188935
heldout,gaze_interaction_anticipation_82,P07,P07-20240529-102652,gaze,gaze_interaction_anticipation,12,15,3,0.9854639818629743,0.5546634589839954,0.5546634589839954,1.0,1.0,0.7999999999999999,1 2,2 3 4 5,True,0.5,False,False,0.9903093212397497,0.5546634589810566,0.5546634589810566
heldout,gaze_interaction_anticipation_82,P07,P07-20240529-102652,gaze,gaze_interaction_anticipation,16,17,1,0.9822416343231991,0.5234383213424839,0.5601542477566779,0.9344538998655549,0.3333333333333333,0.7999999999999999,0 1,0 1 2 3,True,0.5,True,False,0.988161089546558,0.523438321339699,0.5601542477536977
heldout,gaze_interaction_anticipation_82,P07,P07-20240529-102652,gaze,gaze_interaction_anticipation,16,18,2,0.9822416343231991,0.5276190263094971,0.5413794937740626,0.9745825846327526,0.3333333333333333,0.7999999999999999,0 1,0 1 2 3,True,0.5,True,False,0.988161089546558,0.5276190263065081,0.5413794937709957
heldout,gaze_interaction_anticipation_82,P07,P07-20240529-102652,gaze,gaze_interaction_anticipation,16,19,3,0.9822416343231991,0.5305754299250949,0.5635040826455016,0.9415644824331788,0.3333333333333333,0.39999999999999997,0 1,0 1 2 3,True,0.5,True,False,0.988161089546558,0.5305754299227026,0.5635040826429607
heldout,gaze_interaction_anticipation_82,P07,P07-20240529-102652,gaze,gaze_interaction_anticipation,20,21,1,0.988340820717193,0.6077312551249808,0.6077312551249808,1.0,1.0,1.0,0 1,0 1 2 3,True,0.5,True,False,0.9922272138087567,0.607731255121795,0.607731255121795
heldout,gaze_interaction_anticipation_82,P07,P07-20240529-102652,gaze,gaze_interaction_anticipation,20,22,2,0.988340820717193,0.6429681542955734,0.6429681542955734,1.0,1.0,1.0,0 1,0 1 2 3,True,0.5,True,False,0.9922272138087567,0.642968154291526,0.642968154291526
heldout,gaze_interaction_anticipation_82,P07,P07-20240529-102652,gaze,gaze_interaction_anticipation,20,23,3,0.988340820717193,0.6410849305784343,0.6410849305784343,1.0,1.0,1.0,0 1,0 1 2 3,True,0.5,True,False,0.9922272138087567,0.6410849305735777,0.6410849305735777
heldout,gaze_interaction_anticipation_82,P07,P07-20240529-102652,gaze,gaze_interaction_anticipation,24,25,1,0.9725797470453941,0.6343041822735688,0.6343041822735688,1.0,1.0,1.0,0 1,0 1 2 3,True,0.5,True,False,0.9817198313593367,0.6343041822687284,0.6343041822687284
heldout,gaze_interaction_anticipation_82,P07,P07-20240529-102652,gaze,gaze_interaction_anticipation,24,26,2,0.9725797470453941,0.664953828933109,0.664953828933109,1.0,1.0,0.7999999999999999,0 1,0 1 2 3,True,0.5,True,False,0.9817198313593367,0.6649538289288022,0.6649538289288022
heldout,gaze_interaction_anticipation_82,P07,P07-20240529-102652,gaze,gaze_interaction_anticipation,24,27,3,0.9725797470453941,0.6665039560861132,0.6665039560861132,1.0,1.0,1.0,0 1,0 1 2 3,True,0.5,True,False,0.9817198313593367,0.6665039560823065,0.6665039560823065
heldout,gaze_interaction_anticipation_930,P05,P05-20240427-145526,gaze,gaze_interaction_anticipation,8,9,1,0.9650532310286084,0.5987988649794457,0.6065856767148421,0.98716288228636,0.3333333333333333,0.7999999999999999,0 1,0 1 2 3,True,0.5,True,False,0.9767021540155054,0.5987988649764365,0.6065856767117938
heldout,gaze_interaction_anticipation_930,P05,P05-20240427-145526,gaze,gaze_interaction_anticipation,8,10,2,0.9650532310286084,0.5693053337562739,0.5812864287413162,0.9793886552435338,0.3333333333333333,0.7999999999999999,0 1,0 1 2 3,True,0.5,True,False,0.9767021540155054,0.5693053337511564,0.581286428736091
heldout,gaze_interaction_anticipation_930,P05,P05-20240427-145526,gaze,gaze_interaction_anticipation,8,11,3,0.9650532310286084,0.5154573307654979,0.5804024901246714,0.8881032379009554,0.3333333333333333,0.39999999999999997,0 1,0 1 2 3,True,0.5,True,False,0.9767021540155054,0.5154573307624898,0.5804024901212843
heldout,gaze_interaction_anticipation_930,P05,P05-20240427-145526,gaze,gaze_interaction_anticipation,12,13,1,0.9955539396649306,0.5238423882837251,0.5368048434868169,0.975852574058583,0.3333333333333333,0.39999999999999997,0 2,0 1 4 5,False,0.75,True,False,0.9970359597742209,0.5238423882818483,0.5368048434848937
heldout,gaze_interaction_anticipation_930,P05,P05-20240427-145526,gaze,gaze_interaction_anticipation,12,14,2,0.9955539396649306,0.567235602037778,0.567235602037778,1.0,1.0,0.7999999999999999,0 2,0 1 4 5,False,0.75,True,False,0.9970359597742209,0.5672356020354139,0.5672356020354139
heldout,gaze_interaction_anticipation_930,P05,P05-20240427-145526,gaze,gaze_interaction_anticipation,12,15,3,0.9955539396649306,0.48528478300603217,0.5564351522393138,0.8721317858029914,0.3333333333333333,0.39999999999999997,0 2,0 1 4 5,False,0.75,True,False,0.9970359597742209,0.4852847830032283,0.5564351522360989
heldout,gaze_interaction_anticipation_930,P05,P05-20240427-145526,gaze,gaze_interaction_anticipation,16,17,1,0.9924236856014164,0.5307347580413215,0.6400010442389479,0.8292717063804802,0.3333333333333333,0.7999999999999999,0 2,0 1 4 5,False,0.75,True,False,0.9949491237316787,0.530734758038343,0.6400010442353562
heldout,gaze_interaction_anticipation_930,P05,P05-20240427-145526,gaze,gaze_interaction_anticipation,16,18,2,0.9924236856014164,0.4681853031429539,0.5775725074980302,0.8106087063788274,0.3333333333333333,0.0,0 2,0 1 4 5,False,0.75,True,False,0.9949491237316787,0.468185303140189,0.5775725074946194
heldout,gaze_interaction_anticipation_930,P05,P05-20240427-145526,gaze,gaze_interaction_anticipation,16,19,3,0.9924236856014164,0.5281696767565163,0.588349554311733,0.89771407641225,0.3333333333333333,0.7999999999999999,0 2,0 1 4 5,False,0.75,True,False,0.9949491237316787,0.5281696767542154,0.5883495543091699
heldout,gaze_interaction_anticipation_930,P05,P05-20240427-145526,gaze,gaze_interaction_anticipation,20,21,1,0.9931575258535493,0.5079449501099067,0.5485361222093997,0.9260009132379479,0.3333333333333333,0.7999999999999999,2 3,4 5 6 7,True,0.5,False,True,0.9954383505664252,0.5079449501071958,0.5485361222064721
heldout,gaze_interaction_anticipation_930,P05,P05-20240427-145526,gaze,gaze_interaction_anticipation,20,22,2,0.9931575258535493,0.4652362527255643,0.5759116096749974,0.8078257928992085,0.3333333333333333,0.0,2 3,4 5 6 7,True,0.5,False,True,0.9954383505664252,0.46523625272252983,0.5759116096712412
heldout,gaze_interaction_anticipation_930,P05,P05-20240427-145526,gaze,gaze_interaction_anticipation,20,23,3,0.9931575258535493,0.46327231297916893,0.5771938591023449,0.8026286241153927,0.3333333333333333,0.0,2 3,4 5 6 7,True,0.5,False,True,0.9954383505664252,0.4632723129757447,0.5771938590980787
heldout,gaze_interaction_anticipation_930,P05,P05-20240427-145526,gaze,gaze_interaction_anticipation,24,25,1,0.9963895232671428,0.5496817265162766,0.5722396613759544,0.9605795676492659,0.3333333333333333,0.7999999999999999,0 2,0 1 4 5,False,0.75,True,False,0.9975930155071965,0.5496817265122289,0.5722396613717406
heldout,gaze_interaction_anticipation_930,P05,P05-20240427-145526,gaze,gaze_interaction_anticipation,24,26,2,0.9963895232671428,0.5838516674994795,0.5838516674994795,1.0,1.0,1.0,0 2,0 1 4 5,False,0.75,True,False,0.9975930155071965,0.5838516674959074,0.5838516674959074
heldout,gaze_interaction_anticipation_930,P05,P05-20240427-145526,gaze,gaze_interaction_anticipation,24,27,3,0.9963895232671428,0.5930190901045211,0.5930190901045211,1.0,1.0,1.0,0 2,0 1 4 5,False,0.75,True,False,0.9975930155071965,0.5930190901010247,0.5930190901010247
heldout,gaze_interaction_anticipation_967,P03,P03-20240217-210126,gaze,gaze_interaction_anticipation,8,9,1,0.9486829130823602,0.6009401407456444,0.6009401407456444,1.0,1.0,1.0,0 3,0 1 6 7,False,1.0,True,True,0.9657886087180757,0.6009401407428516,0.6009401407428516
heldout,gaze_interaction_anticipation_967,P03,P03-20240217-210126,gaze,gaze_interaction_anticipation,8,10,2,0.9486829130823602,0.6359831456413184,0.6359831456413184,1.0,1.0,1.0,0 3,0 1 6 7,False,1.0,True,True,0.9657886087180757,0.6359831456359205,0.6359831456359205
heldout,gaze_interaction_anticipation_967,P03,P03-20240217-210126,gaze,gaze_interaction_anticipation,8,11,3,0.9486829130823602,0.6501066530730286,0.6501066530730286,1.0,1.0,1.0,0 3,0 1 6 7,False,1.0,True,True,0.9657886087180757,0.6501066530693546,0.6501066530693546
heldout,gaze_interaction_anticipation_967,P03,P03-20240217-210126,gaze,gaze_interaction_anticipation,12,13,1,0.9583017892958136,0.6373559440655405,0.6373559440655405,1.0,1.0,1.0,0 3,0 1 6 7,False,1.0,True,True,0.9722011928616568,0.6373559440632188,0.6373559440632188
heldout,gaze_interaction_anticipation_967,P03,P03-20240217-210126,gaze,gaze_interaction_anticipation,12,14,2,0.9583017892958136,0.6257788415793113,0.6257788415793113,1.0,1.0,0.7999999999999999,0 3,0 1 6 7,False,1.0,True,True,0.9722011928616568,0.6257788415768823,0.6257788415768823
heldout,gaze_interaction_anticipation_967,P03,P03-20240217-210126,gaze,gaze_interaction_anticipation,12,15,3,0.9583017892958136,0.5915831028067023,0.5915831028067023,1.0,1.0,1.0,0 3,0 1 6 7,False,1.0,True,True,0.9722011928616568,0.5915831028035163,0.5915831028035163
heldout,gaze_interaction_anticipation_967,P03,P03-20240217-210126,gaze,gaze_interaction_anticipation,16,17,1,0.9667402519117008,0.5920862441566813,0.6403256346606567,0.9246642834633036,0.3333333333333333,0.7999999999999999,0 3,0 1 6 7,False,1.0,True,True,0.9778268346056218,0.5920862441533283,0.6403256346570305
heldout,gaze_interaction_anticipation_967,P03,P03-20240217-210126,gaze,gaze_interaction_anticipation,16,18,2,0.9667402519117008,0.5906474990678172,0.6674429560884498,0.8849407933365685,0.3333333333333333,0.7999999999999999,0 3,0 1 6 7,False,1.0,True,True,0.9778268346056218,0.5906474990642538,0.6674429560844232
heldout,gaze_interaction_anticipation_967,P03,P03-20240217-210126,gaze,gaze_interaction_anticipation,16,19,3,0.9667402519117008,0.6370897344396426,0.6370897344396426,1.0,1.0,1.0,0 3,0 1 6 7,False,1.0,True,True,0.9778268346056218,0.6370897344365726,0.6370897344365726
heldout,gaze_interaction_anticipation_967,P03,P03-20240217-210126,gaze,gaze_interaction_anticipation,20,21,1,0.9591118868868084,0.6604996658735984,0.6604996658735984,1.0,1.0,0.7999999999999999,0 3,0 1 6 7,False,1.0,True,True,0.9727412579218825,0.6604996658697044,0.6604996658697044
heldout,gaze_interaction_anticipation_967,P03,P03-20240217-210126,gaze,gaze_interaction_anticipation,20,22,2,0.9591118868868084,0.6814340614942036,0.6814340614942036,1.0,1.0,0.7999999999999999,0 3,0 1 6 7,False,1.0,True,True,0.9727412579218825,0.6814340614895469,0.6814340614895469
heldout,gaze_interaction_anticipation_967,P03,P03-20240217-210126,gaze,gaze_interaction_anticipation,20,23,3,0.9591118868868084,0.6833534204977672,0.6833534204977672,1.0,1.0,0.7999999999999999,0 3,0 1 6 7,False,1.0,True,True,0.9727412579218825,0.683353420492541,0.683353420492541
heldout,gaze_interaction_anticipation_967,P03,P03-20240217-210126,gaze,gaze_interaction_anticipation,24,25,1,0.9374567737643434,0.6849918643325998,0.6849918643325998,1.0,1.0,1.0,0 3,0 1 6 7,False,1.0,True,True,0.9583045158387921,0.6849918643273089,0.6849918643273089
heldout,gaze_interaction_anticipation_967,P03,P03-20240217-210126,gaze,gaze_interaction_anticipation,24,26,2,0.9374567737643434,0.6880513536561967,0.6880513536561967,1.0,1.0,0.7999999999999999,0 3,0 1 6 7,False,1.0,True,True,0.9583045158387921,0.68805135365142,0.68805135365142
heldout,gaze_interaction_anticipation_967,P03,P03-20240217-210126,gaze,gaze_interaction_anticipation,24,27,3,0.9374567737643434,0.7353123412807797,0.7353123412807797,1.0,1.0,0.7999999999999999,0 3,0 1 6 7,False,1.0,True,True,0.9583045158387921,0.7353123412764219,0.7353123412764219
heldout,ingredient_ingredient_adding_localization_0,P03,P03-20240217-192543,ingredient,ingredient_ingredient_adding_localization,8,9,1,0.9785985814908476,0.5641156150440689,0.5642355519586019,0.9997874346731315,0.3333333333333333,0.7999999999999999,0 1,0 1 2 3,True,0.5,True,False,0.9857323876574408,0.56411561504142,0.5642355519559524
heldout,ingredient_ingredient_adding_localization_0,P03,P03-20240217-192543,ingredient,ingredient_ingredient_adding_localization,8,10,2,0.9785985814908476,0.5078323510108639,0.5835348190069776,0.8702691501341097,0.3333333333333333,0.39999999999999997,0 1,0 1 2 3,True,0.5,True,False,0.9857323876574408,0.5078323510072817,0.5835348190028613
heldout,ingredient_ingredient_adding_localization_0,P03,P03-20240217-192543,ingredient,ingredient_ingredient_adding_localization,8,11,3,0.9785985814908476,0.6284675291937722,0.6284675291937722,1.0,1.0,1.0,0 1,0 1 2 3,True,0.5,True,False,0.9857323876574408,0.6284675291893486,0.6284675291893486
heldout,ingredient_ingredient_adding_localization_0,P03,P03-20240217-192543,ingredient,ingredient_ingredient_adding_localization,12,13,1,0.9799949764694414,0.5850436575452027,0.5850436575452027,1.0,1.0,1.0,0 1,0 1 2 3,True,0.5,True,False,0.986663317643685,0.5850436575426881,0.5850436575426881
heldout,ingredient_ingredient_adding_localization_0,P03,P03-20240217-192543,ingredient,ingredient_ingredient_adding_localization,12,14,2,0.9799949764694414,0.6949874255420138,0.6949874255420138,1.0,1.0,1.0,0 1,0 1 2 3,True,0.5,True,False,0.986663317643685,0.6949874255392755,0.6949874255392755
heldout,ingredient_ingredient_adding_localization_0,P03,P03-20240217-192543,ingredient,ingredient_ingredient_adding_localization,12,15,3,0.9799949764694414,0.5945695416241815,0.5945695416241815,1.0,1.0,0.7999999999999999,0 1,0 1 2 3,True,0.5,True,False,0.986663317643685,0.5945695416212438,0.5945695416212438
heldout,ingredient_ingredient_adding_localization_0,P03,P03-20240217-192543,ingredient,ingredient_ingredient_adding_localization,16,17,1,0.979015194173248,0.5783716502392446,0.5783716502392446,1.0,1.0,1.0,0 1,0 1 2 3,True,0.5,True,False,0.9860101294466977,0.5783716502362777,0.5783716502362776
heldout,ingredient_ingredient_adding_localization_0,P03,P03-20240217-192543,ingredient,ingredient_ingredient_adding_localization,16,18,2,0.979015194173248,0.5159164327686605,0.5260313133751088,0.9807713336653869,0.3333333333333333,0.7999999999999999,0 1,0 1 2 3,True,0.5,True,False,0.9860101294466977,0.5159164327650966,0.5260313133714751
heldout,ingredient_ingredient_adding_localization_0,P03,P03-20240217-192543,ingredient,ingredient_ingredient_adding_localization,16,19,3,0.979015194173248,0.5586151086826473,0.5586151086826473,1.0,1.0,1.0,0 1,0 1 2 3,True,0.5,True,False,0.9860101294466977,0.5586151086796757,0.5586151086796758
heldout,ingredient_ingredient_adding_localization_0,P03,P03-20240217-192543,ingredient,ingredient_ingredient_adding_localization,20,21,1,0.9918533857881375,0.5953021955705253,0.5953021955705253,1.0,1.0,1.0,0 1,0 1 2 3,True,0.5,True,False,0.9945689238554617,0.5953021955660573,0.5953021955660573
heldout,ingredient_ingredient_adding_localization_0,P03,P03-20240217-192543,ingredient,ingredient_ingredient_adding_localization,20,22,2,0.9918533857881375,0.6067549946327249,0.6067549946327249,1.0,1.0,1.0,0 1,0 1 2 3,True,0.5,True,False,0.9945689238554617,0.6067549946279713,0.6067549946279713
heldout,ingredient_ingredient_adding_localization_0,P03,P03-20240217-192543,ingredient,ingredient_ingredient_adding_localization,20,23,3,0.9918533857881375,0.6018018488028672,0.6018018488028672,1.0,1.0,1.0,0 1,0 1 2 3,True,0.5,True,False,0.9945689238554617,0.6018018487984544,0.6018018487984544
heldout,ingredient_ingredient_adding_localization_0,P03,P03-20240217-192543,ingredient,ingredient_ingredient_adding_localization,24,25,1,0.9822470141679027,0.6020361479380452,0.6020361479380452,1.0,1.0,1.0,0 1,0 1 2 3,True,0.5,True,False,0.9881646761080147,0.6020361479328784,0.6020361479328784
heldout,ingredient_ingredient_adding_localization_0,P03,P03-20240217-192543,ingredient,ingredient_ingredient_adding_localization,24,26,2,0.9822470141679027,0.6221531758918568,0.6221531758918568,1.0,1.0,1.0,0 1,0 1 2 3,True,0.5,True,False,0.9881646761080147,0.6221531758874315,0.6221531758874315
heldout,ingredient_ingredient_adding_localization_0,P03,P03-20240217-192543,ingredient,ingredient_ingredient_adding_localization,24,27,3,0.9822470141679027,0.5422218332747506,0.5576659438103313,0.9723058029506757,0.3333333333333333,0.7999999999999999,0 1,0 1 2 3,True,0.5,True,False,0.9881646761080147,0.5422218332717739,0.5576659438072699
heldout,ingredient_ingredient_adding_localization_13,P08,P08-20240614-184945,ingredient,ingredient_ingredient_adding_localization,8,9,1,0.9820654823216922,0.5212543528866623,0.595874412007843,0.8747721707503049,0.3333333333333333,0.7999999999999999,0 3,0 1 6 7,False,1.0,True,True,0.9880436548782591,0.5212543528841663,0.5958744120049897
heldout,ingredient_ingredient_adding_localization_13,P08,P08-20240614-184945,ingredient,ingredient_ingredient_adding_localization,8,10,2,0.9820654823216922,0.545644177556434,0.5785760615218893,0.9430811501622948,0.3333333333333333,0.7999999999999999,0 3,0 1 6 7,False,1.0,True,True,0.9880436548782591,0.5456441775526383,0.5785760615178646
heldout,ingredient_ingredient_adding_localization_13,P08,P08-20240614-184945,ingredient,ingredient_ingredient_adding_localization,8,11,3,0.9820654823216922,0.5408683922468891,0.5416415035281903,0.9985726513270028,0.3333333333333333,0.7999999999999999,0 3,0 1 6 7,False,1.0,True,True,0.9880436548782591,0.5408683922432929,0.541641503524589
heldout,ingredient_ingredient_adding_localization_13,P08,P08-20240614-184945,ingredient,ingredient_ingredient_adding_localization,12,13,1,0.9915608462559031,0.581334758908454,0.5915053222910236,0.9828056265949106,0.3333333333333333,0.7999999999999999,0 3,0 1 6 7,False,1.0,True,True,0.994373897501268,0.5813347589057429,0.5915053222882651
heldout,ingredient_ingredient_adding_localization_13,P08,P08-20240614-184945,ingredient,ingredient_ingredient_adding_localization,12,14,2,0.9915608462559031,0.6416921087481824,0.6442468964878445,0.9960344586002824,0.3333333333333333,0.7999999999999999,0 3,0 1 6 7,False,1.0,True,True,0.994373897501268,0.641692108745582,0.6442468964852338
heldout,ingredient_ingredient_adding_localization_13,P08,P08-20240614-184945,ingredient,ingredient_ingredient_adding_localization,12,15,3,0.9915608462559031,0.5935906281436459,0.6340569946473625,0.9361786608375444,0.3333333333333333,0.7999999999999999,0 3,0 1 6 7,False,1.0,True,True,0.994373897501268,0.5935906281404114,0.6340569946439074
heldout,ingredient_ingredient_adding_localization_13,P08,P08-20240614-184945,ingredient,ingredient_ingredient_adding_localization,16,17,1,0.8609080783840561,0.6864280303996986,0.6864280303996986,1.0,1.0,1.0,2 3,4 5 6 7,True,0.5,False,True,0.907272052254313,0.6864280303952391,0.6864280303952393
heldout,ingredient_ingredient_adding_localization_13,P08,P08-20240614-184945,ingredient,ingredient_ingredient_adding_localization,16,18,2,0.8609080783840561,0.6867197366136593,0.6867197366136593,1.0,1.0,1.0,2 3,4 5 6 7,True,0.5,False,True,0.907272052254313,0.686719736608612,0.6867197366086119
heldout,ingredient_ingredient_adding_localization_13,P08,P08-20240614-184945,ingredient,ingredient_ingredient_adding_localization,16,19,3,0.8609080783840561,0.715277991302869,0.715277991302869,1.0,1.0,1.0,2 3,4 5 6 7,True,0.5,False,True,0.907272052254313,0.7152779912994072,0.7152779912994072
heldout,ingredient_ingredient_adding_localization_13,P08,P08-20240614-184945,ingredient,ingredient_ingredient_adding_localization,20,21,1,0.9690441649428454,0.6361740673651957,0.6361740673651957,1.0,1.0,1.0,0 3,0 1 6 7,False,1.0,True,True,0.979362776625144,0.6361740673607981,0.6361740673607981
heldout,ingredient_ingredient_adding_localization_13,P08,P08-20240614-184945,ingredient,ingredient_ingredient_adding_localization,20,22,2,0.9690441649428454,0.6182752844250073,0.6182752844250073,1.0,1.0,1.0,0 3,0 1 6 7,False,1.0,True,True,0.979362776625144,0.6182752844203468,0.6182752844203468
heldout,ingredient_ingredient_adding_localization_13,P08,P08-20240614-184945,ingredient,ingredient_ingredient_adding_localization,20,23,3,0.9690441649428454,0.6195505128939733,0.638784512297852,0.9698896904455468,0.3333333333333333,0.7999999999999999,0 3,0 1 6 7,False,1.0,True,True,0.979362776625144,0.6195505128892167,0.6387845122929477
heldout,ingredient_ingredient_adding_localization_13,P08,P08-20240614-184945,ingredient,ingredient_ingredient_adding_localization,24,25,1,0.9573528869053013,0.6193066995812515,0.6193066995812515,1.0,1.0,1.0,0 3,0 1 6 7,False,1.0,True,True,0.9715685912659906,0.6193066995760387,0.6193066995760388
heldout,ingredient_ingredient_adding_localization_13,P08,P08-20240614-184945,ingredient,ingredient_ingredient_adding_localization,24,26,2,0.9573528869053013,0.6344316499199524,0.6344316499199524,1.0,1.0,1.0,0 3,0 1 6 7,False,1.0,True,True,0.9715685912659906,0.6344316499152328,0.6344316499152327
heldout,ingredient_ingredient_adding_localization_13,P08,P08-20240614-184945,ingredient,ingredient_ingredient_adding_localization,24,27,3,0.9573528869053013,0.5517125374930533,0.5517125374930533,1.0,1.0,0.7999999999999999,0 3,0 1 6 7,False,1.0,True,True,0.9715685912659906,0.5517125374896309,0.5517125374896309
heldout,ingredient_ingredient_adding_localization_16,P09,P09-20240623-120359,ingredient,ingredient_ingredient_adding_localization,8,9,1,0.980410620997876,0.580899251476142,0.580899251476142,1.0,1.0,1.0,0 3,0 1 6 7,False,1.0,True,True,0.9869404139952626,0.5808992514731475,0.5808992514731475
heldout,ingredient_ingredient_adding_localization_16,P09,P09-20240623-120359,ingredient,ingredient_ingredient_adding_localization,8,10,2,0.980410620997876,0.5079924253522019,0.5873965619672703,0.8648202223909291,0.3333333333333333,0.39999999999999997,0 3,0 1 6 7,False,1.0,True,True,0.9869404139952626,0.5079924253484676,0.5873965619629522
heldout,ingredient_ingredient_adding_localization_16,P09,P09-20240623-120359,ingredient,ingredient_ingredient_adding_localization,8,11,3,0.980410620997876,0.6104046146541745,0.6105310553041947,0.9997929005430245,0.3333333333333333,0.7999999999999999,0 3,0 1 6 7,False,1.0,True,True,0.9869404139952626,0.610404614649795,0.6105310552998143
heldout,ingredient_ingredient_adding_localization_16,P09,P09-20240623-120359,ingredient,ingredient_ingredient_adding_localization,12,13,1,0.9890473866990127,0.5549979044798141,0.555284485356306,0.9994839026047918,0.3333333333333333,0.39999999999999997,0 3,0 1 6 7,False,1.0,True,True,0.9926982577965126,0.5549979044773414,0.555284485353832
heldout,ingredient_ingredient_adding_localization_16,P09,P09-20240623-120359,ingredient,ingredient_ingredient_adding_localization,12,14,2,0.9890473866990127,0.5459642633940747,0.5581567805838259,0.9781557483239781,0.3333333333333333,0.39999999999999997,0 3,0 1 6 7,False,1.0,True,True,0.9926982577965126,0.5459642633917289,0.5581567805814277
heldout,ingredient_ingredient_adding_localization_16,P09,P09-20240623-120359,ingredient,ingredient_ingredient_adding_localization,12,15,3,0.9890473866990127,0.5369551185048698,0.5572516972948515,0.9635773585105073,0.3333333333333333,0.39999999999999997,0 3,0 1 6 7,False,1.0,True,True,0.9926982577965126,0.536955118501675,0.5572516972915361
heldout,ingredient_ingredient_adding_localization_16,P09,P09-20240623-120359,ingredient,ingredient_ingredient_adding_localization,16,17,1,0.9615575639692503,0.5932079429540286,0.5932079429540286,1.0,1.0,0.7999999999999999,1 3,2 3 6 7,False,0.75,False,True,0.9743717093103116,0.5932079429496318,0.5932079429496318
heldout,ingredient_ingredient_adding_localization_16,P09,P09-20240623-120359,ingredient,ingredient_ingredient_adding_localization,16,18,2,0.9615575639692503,0.591856619226121,0.591856619226121,1.0,1.0,1.0,1 3,2 3 6 7,False,0.75,False,True,0.9743717093103116,0.591856619221046,0.5918566192210462
heldout,ingredient_ingredient_adding_localization_16,P09,P09-20240623-120359,ingredient,ingredient_ingredient_adding_localization,16,19,3,0.9615575639692503,0.6251785427168404,0.6251785427168404,1.0,1.0,1.0,1 3,2 3 6 7,False,0.75,False,True,0.9743717093103116,0.6251785427131248,0.6251785427131249
heldout,ingredient_ingredient_adding_localization_16,P09,P09-20240623-120359,ingredient,ingredient_ingredient_adding_localization,20,21,1,0.983907598242709,0.5733489120616501,0.5733489120616501,1.0,1.0,1.0,1 3,2 3 6 7,False,0.75,False,True,0.9892717321579346,0.5733489120568263,0.5733489120568263
heldout,ingredient_ingredient_adding_localization_16,P09,P09-20240623-120359,ingredient,ingredient_ingredient_adding_localization,20,22,2,0.983907598242709,0.5478151929137749,0.5579176704137843,0.981892529963217,0.3333333333333333,0.7999999999999999,1 3,2 3 6 7,False,0.75,False,True,0.9892717321579346,0.5478151929076941,0.5579176704075913
heldout,ingredient_ingredient_adding_localization_16,P09,P09-20240623-120359,ingredient,ingredient_ingredient_adding_localization,20,23,3,0.983907598242709,0.5636751341110902,0.5636751341110902,1.0,1.0,1.0,1 3,2 3 6 7,False,0.75,False,True,0.9892717321579346,0.5636751341055054,0.5636751341055054
heldout,ingredient_ingredient_adding_localization_16,P09,P09-20240623-120359,ingredient,ingredient_ingredient_adding_localization,24,25,1,0.9978814040482482,0.5388978245451757,0.6030361144234467,0.8936410467893906,0.3333333333333333,0.39999999999999997,1 3,2 3 6 7,False,0.75,False,True,0.9985876026934108,0.5388978245386153,0.6030361144161057
heldout,ingredient_ingredient_adding_localization_16,P09,P09-20240623-120359,ingredient,ingredient_ingredient_adding_localization,24,26,2,0.9978814040482482,0.533268904831771,0.5950076189199365,0.8962387839667765,0.3333333333333333,0.39999999999999997,1 3,2 3 6 7,False,0.75,False,True,0.9985876026934108,0.5332689048261944,0.5950076189137143
heldout,ingredient_ingredient_adding_localization_16,P09,P09-20240623-120359,ingredient,ingredient_ingredient_adding_localization,24,27,3,0.9978814040482482,0.47554833301538946,0.5885762155546194,0.8079638973642131,0.3333333333333333,-0.19999999999999998,1 3,2 3 6 7,False,0.75,False,True,0.9985876026934108,0.47554833301234745,0.5885762155508544
heldout,ingredient_ingredient_adding_localization_17,P08,P08-20240614-085000,ingredient,ingredient_ingredient_adding_localization,8,9,1,0.9342579547866501,0.614929504528142,0.614929504528142,1.0,1.0,0.7999999999999999,0 1,0 1 2 3,True,0.5,True,False,0.9561719698550508,0.6149295045255998,0.6149295045255998
heldout,ingredient_ingredient_adding_localization_17,P08,P08-20240614-085000,ingredient,ingredient_ingredient_adding_localization,8,10,2,0.9342579547866501,0.5785716920752361,0.5785716920752361,1.0,1.0,0.7999999999999999,0 1,0 1 2 3,True,0.5,True,False,0.9561719698550508,0.5785716920713322,0.5785716920713322
heldout,ingredient_ingredient_adding_localization_17,P08,P08-20240614-085000,ingredient,ingredient_ingredient_adding_localization,8,11,3,0.9342579547866501,0.6465332825221471,0.6465332825221471,1.0,1.0,0.7999999999999999,0 1,0 1 2 3,True,0.5,True,False,0.9561719698550508,0.6465332825175997,0.6465332825175997
heldout,ingredient_ingredient_adding_localization_17,P08,P08-20240614-085000,ingredient,ingredient_ingredient_adding_localization,12,13,1,0.977752402923614,0.5696213363879096,0.5902570082275214,0.9650395140557865,0.3333333333333333,0.39999999999999997,0 1,0 1 2 3,True,0.5,True,False,0.9851682686131006,0.5696213363856526,0.5902570082251826
heldout,ingredient_ingredient_adding_localization_17,P08,P08-20240614-085000,ingredient,ingredient_ingredient_adding_localization,12,14,2,0.977752402923614,0.5852582875796623,0.6520665482676498,0.8975437999917685,0.3333333333333333,0.39999999999999997,0 1,0 1 2 3,True,0.5,True,False,0.9851682686131006,0.5852582875774133,0.6520665482651441
heldout,ingredient_ingredient_adding_localization_17,P08,P08-20240614-085000,ingredient,ingredient_ingredient_adding_localization,12,15,3,0.977752402923614,0.5626965069426098,0.5860363854852713,0.960173328617924,0.3333333333333333,0.39999999999999997,0 1,0 1 2 3,True,0.5,True,False,0.9851682686131006,0.5626965069397613,0.5860363854823045
heldout,ingredient_ingredient_adding_localization_17,P08,P08-20240614-085000,ingredient,ingredient_ingredient_adding_localization,16,17,1,0.9740856477086669,0.5919061667979248,0.5919061667979248,1.0,1.0,1.0,0 3,0 1 6 7,False,1.0,True,True,0.9827237651370149,0.5919061667945895,0.5919061667945895
heldout,ingredient_ingredient_adding_localization_17,P08,P08-20240614-085000,ingredient,ingredient_ingredient_adding_localization,16,18,2,0.9740856477086669,0.5806677930408517,0.5806677930408517,1.0,1.0,1.0,0 3,0 1 6 7,False,1.0,True,True,0.9827237651370149,0.5806677930373481,0.5806677930373481
heldout,ingredient_ingredient_adding_localization_17,P08,P08-20240614-085000,ingredient,ingredient_ingredient_adding_localization,16,19,3,0.9740856477086669,0.6063844318343297,0.6063844318343297,1.0,1.0,0.7999999999999999,0 3,0 1 6 7,False,1.0,True,True,0.9827237651370149,0.6063844318316503,0.6063844318316503
heldout,ingredient_ingredient_adding_localization_17,P08,P08-20240614-085000,ingredient,ingredient_ingredient_adding_localization,20,21,1,0.9730279314702015,0.6141420679786129,0.6141420679786129,1.0,1.0,0.7999999999999999,0 3,0 1 6 7,False,1.0,True,True,0.9820186209774513,0.6141420679748528,0.6141420679748528
heldout,ingredient_ingredient_adding_localization_17,P08,P08-20240614-085000,ingredient,ingredient_ingredient_adding_localization,20,22,2,0.9730279314702015,0.6183740096841133,0.6183740096841133,1.0,1.0,0.7999999999999999,0 3,0 1 6 7,False,1.0,True,True,0.9820186209774513,0.6183740096797299,0.6183740096797299
heldout,ingredient_ingredient_adding_localization_17,P08,P08-20240614-085000,ingredient,ingredient_ingredient_adding_localization,20,23,3,0.9730279314702015,0.5986982499942664,0.5986982499942664,1.0,1.0,0.7999999999999999,0 3,0 1 6 7,False,1.0,True,True,0.9820186209774513,0.5986982499900231,0.5986982499900231
heldout,ingredient_ingredient_adding_localization_17,P08,P08-20240614-085000,ingredient,ingredient_ingredient_adding_localization,24,25,1,0.977094795719028,0.6081651634739849,0.6081651634739849,1.0,1.0,1.0,0 3,0 1 6 7,False,1.0,True,True,0.9847298638088829,0.6081651634694144,0.6081651634694144
heldout,ingredient_ingredient_adding_localization_17,P08,P08-20240614-085000,ingredient,ingredient_ingredient_adding_localization,24,26,2,0.977094795719028,0.6269563245131953,0.6269563245131953,1.0,1.0,1.0,0 3,0 1 6 7,False,1.0,True,True,0.9847298638088829,0.6269563245089496,0.6269563245089496
heldout,ingredient_ingredient_adding_localization_17,P08,P08-20240614-085000,ingredient,ingredient_ingredient_adding_localization,24,27,3,0.977094795719028,0.5893359227215427,0.6054070351995957,0.9734540374596826,0.3333333333333333,0.7999999999999999,0 3,0 1 6 7,False,1.0,True,True,0.9847298638088829,0.5893359227186263,0.6054070351966
heldout,ingredient_ingredient_adding_localization_74,P08,P08-20240617-130401,ingredient,ingredient_ingredient_adding_localization,8,9,1,0.9357607090047205,0.6259565272464334,0.637836700162867,0.9813742719517392,0.3333333333333333,0.7999999999999999,0 3,0 1 6 7,False,1.0,True,True,0.9571738060003888,0.6259565272436266,0.6378367001600069
heldout,ingredient_ingredient_adding_localization_74,P08,P08-20240617-130401,ingredient,ingredient_ingredient_adding_localization,8,10,2,0.9357607090047205,0.5760460799064597,0.5950060833444353,0.9681347737969259,0.3333333333333333,0.7999999999999999,0 3,0 1 6 7,False,1.0,True,True,0.9571738060003888,0.576046079902552,0.595006083340399
heldout,ingredient_ingredient_adding_localization_74,P08,P08-20240617-130401,ingredient,ingredient_ingredient_adding_localization,8,11,3,0.9357607090047205,0.6769294695964587,0.6769294695964587,1.0,1.0,1.0,0 3,0 1 6 7,False,1.0,True,True,0.9571738060003888,0.6769294695919785,0.6769294695919785
heldout,ingredient_ingredient_adding_localization_74,P08,P08-20240617-130401,ingredient,ingredient_ingredient_adding_localization,12,13,1,0.9666545354876304,0.6711799491696256,0.6711799491696256,1.0,1.0,0.7999999999999999,0 3,0 1 6 7,False,1.0,True,True,0.9777696903226891,0.6711799491668244,0.6711799491668244
heldout,ingredient_ingredient_adding_localization_74,P08,P08-20240617-130401,ingredient,ingredient_ingredient_adding_localization,12,14,2,0.9666545354876304,0.759910006695119,0.759910006695119,1.0,1.0,0.7999999999999999,0 3,0 1 6 7,False,1.0,True,True,0.9777696903226891,0.759910006691795,0.759910006691795
heldout,ingredient_ingredient_adding_localization_74,P08,P08-20240617-130401,ingredient,ingredient_ingredient_adding_localization,12,15,3,0.9666545354876304,0.6688012816363358,0.6688012816363358,1.0,1.0,0.7999999999999999,0 3,0 1 6 7,False,1.0,True,True,0.9777696903226891,0.6688012816326767,0.6688012816326767
heldout,ingredient_ingredient_adding_localization_74,P08,P08-20240617-130401,ingredient,ingredient_ingredient_adding_localization,16,17,1,0.8552690545591283,0.6793774632675023,0.6793774632675023,1.0,1.0,1.0,0 3,0 1 6 7,False,1.0,True,True,0.9035127030375751,0.6793774632635093,0.6793774632635093
heldout,ingredient_ingredient_adding_localization_74,P08,P08-20240617-130401,ingredient,ingredient_ingredient_adding_localization,16,18,2,0.8552690545591283,0.6410894605892375,0.6410894605892375,1.0,1.0,0.7999999999999999,0 3,0 1 6 7,False,1.0,True,True,0.9035127030375751,0.6410894605850502,0.6410894605850501
heldout,ingredient_ingredient_adding_localization_74,P08,P08-20240617-130401,ingredient,ingredient_ingredient_adding_localization,16,19,3,0.8552690545591283,0.7218106208574628,0.7218106208574628,1.0,1.0,1.0,0 3,0 1 6 7,False,1.0,True,True,0.9035127030375751,0.7218106208538722,0.7218106208538722
heldout,ingredient_ingredient_adding_localization_74,P08,P08-20240617-130401,ingredient,ingredient_ingredient_adding_localization,20,21,1,0.9645270300155728,0.660109787908857,0.660109787908857,1.0,1.0,0.7999999999999999,0 3,0 1 6 7,False,1.0,True,True,0.9763513533402575,0.660109787904392,0.660109787904392
heldout,ingredient_ingredient_adding_localization_74,P08,P08-20240617-130401,ingredient,ingredient_ingredient_adding_localization,20,22,2,0.9645270300155728,0.6557814376441397,0.6557814376441397,1.0,1.0,1.0,0 3,0 1 6 7,False,1.0,True,True,0.9763513533402575,0.6557814376390734,0.6557814376390734
heldout,ingredient_ingredient_adding_localization_74,P08,P08-20240617-130401,ingredient,ingredient_ingredient_adding_localization,20,23,3,0.9645270300155728,0.6853468393496744,0.6853468393496744,1.0,1.0,0.7999999999999999,0 3,0 1 6 7,False,1.0,True,True,0.9763513533402575,0.6853468393442907,0.6853468393442909
heldout,ingredient_ingredient_adding_localization_74,P08,P08-20240617-130401,ingredient,ingredient_ingredient_adding_localization,24,25,1,0.9712814553634517,0.5031423422428589,0.5881334443699409,0.8554901052802196,0.3333333333333333,0.39999999999999997,0 3,0 1 6 7,False,1.0,True,True,0.9808543035715437,0.5031423422389364,0.5881334443653558
heldout,ingredient_ingredient_adding_localization_74,P08,P08-20240617-130401,ingredient,ingredient_ingredient_adding_localization,24,26,2,0.9712814553634517,0.6063918563424291,0.6063918563424291,1.0,1.0,1.0,0 3,0 1 6 7,False,1.0,True,True,0.9808543035715437,0.6063918563380164,0.6063918563380164
heldout,ingredient_ingredient_adding_localization_74,P08,P08-20240617-130401,ingredient,ingredient_ingredient_adding_localization,24,27,3,0.9712814553634517,0.5601062803380182,0.6689033669054281,0.837350068858613,0.3333333333333333,0.19999999999999998,0 3,0 1 6 7,False,1.0,True,True,0.9808543035715437,0.5601062803349475,0.6689033669017608
heldout,ingredient_ingredient_adding_localization_94,P08,P08-20240613-123547,ingredient,ingredient_ingredient_adding_localization,8,9,1,0.9663841883158671,0.5716235266357549,0.5716235266357549,1.0,1.0,1.0,0 1,0 1 2 3,True,0.5,True,False,0.9775894588746944,0.571623526633176,0.571623526633176
heldout,ingredient_ingredient_adding_localization_94,P08,P08-20240613-123547,ingredient,ingredient_ingredient_adding_localization,8,10,2,0.9663841883158671,0.5379046532195788,0.581106284962331,0.9256562304337276,0.3333333333333333,0.39999999999999997,0 1,0 1 2 3,True,0.5,True,False,0.9775894588746944,0.5379046532158692,0.5811062849583235
heldout,ingredient_ingredient_adding_localization_94,P08,P08-20240613-123547,ingredient,ingredient_ingredient_adding_localization,8,11,3,0.9663841883158671,0.6017677757960649,0.6017677757960649,1.0,1.0,1.0,0 1,0 1 2 3,True,0.5,True,False,0.9775894588746944,0.6017677757927158,0.6017677757927158
heldout,ingredient_ingredient_adding_localization_94,P08,P08-20240613-123547,ingredient,ingredient_ingredient_adding_localization,12,13,1,0.9818771318322123,0.6091683678613709,0.6091683678613709,1.0,1.0,1.0,0 3,0 1 6 7,False,1.0,True,True,0.9879180878858649,0.609168367859028,0.609168367859028
heldout,ingredient_ingredient_adding_localization_94,P08,P08-20240613-123547,ingredient,ingredient_ingredient_adding_localization,12,14,2,0.9818771318322123,0.642053200352476,0.642053200352476,1.0,1.0,1.0,0 3,0 1 6 7,False,1.0,True,True,0.9879180878858649,0.6420532003503483,0.6420532003503483
heldout,ingredient_ingredient_adding_localization_94,P08,P08-20240613-123547,ingredient,ingredient_ingredient_adding_localization,12,15,3,0.9818771318322123,0.5721154876306294,0.5721154876306294,1.0,1.0,0.7999999999999999,0 3,0 1 6 7,False,1.0,True,True,0.9879180878858649,0.5721154876278616,0.5721154876278616
heldout,ingredient_ingredient_adding_localization_94,P08,P08-20240613-123547,ingredient,ingredient_ingredient_adding_localization,16,17,1,0.9612273005935462,0.5991767032301756,0.5991767032301756,1.0,1.0,0.7999999999999999,0 3,0 1 6 7,False,1.0,True,True,0.9741515337272137,0.5991767032267521,0.5991767032267521
heldout,ingredient_ingredient_adding_localization_94,P08,P08-20240613-123547,ingredient,ingredient_ingredient_adding_localization,16,18,2,0.9612273005935462,0.5788456819801409,0.5788456819801409,1.0,1.0,1.0,0 3,0 1 6 7,False,1.0,True,True,0.9741515337272137,0.5788456819764173,0.5788456819764173
heldout,ingredient_ingredient_adding_localization_94,P08,P08-20240613-123547,ingredient,ingredient_ingredient_adding_localization,16,19,3,0.9612273005935462,0.6270936125417542,0.6270936125417542,1.0,1.0,1.0,0 3,0 1 6 7,False,1.0,True,True,0.9741515337272137,0.6270936125388493,0.6270936125388493
heldout,ingredient_ingredient_adding_localization_94,P08,P08-20240613-123547,ingredient,ingredient_ingredient_adding_localization,20,21,1,0.9771962180735814,0.6401583292387686,0.6401583292387686,1.0,1.0,0.7999999999999999,0 3,0 1 6 7,False,1.0,True,True,0.984797478712852,0.6401583292351349,0.6401583292351349
heldout,ingredient_ingredient_adding_localization_94,P08,P08-20240613-123547,ingredient,ingredient_ingredient_adding_localization,20,22,2,0.9771962180735814,0.6581189353465208,0.6581189353465208,1.0,1.0,0.7999999999999999,0 3,0 1 6 7,False,1.0,True,True,0.984797478712852,0.6581189353421492,0.6581189353421492
heldout,ingredient_ingredient_adding_localization_94,P08,P08-20240613-123547,ingredient,ingredient_ingredient_adding_localization,20,23,3,0.9771962180735814,0.6578008361501189,0.6578008361501189,1.0,1.0,0.7999999999999999,0 3,0 1 6 7,False,1.0,True,True,0.984797478712852,0.6578008361452692,0.6578008361452692
heldout,ingredient_ingredient_adding_localization_94,P08,P08-20240613-123547,ingredient,ingredient_ingredient_adding_localization,24,25,1,0.961207826920263,0.613168307761612,0.613168307761612,1.0,1.0,0.7999999999999999,0 3,0 1 6 7,False,1.0,True,True,0.9741385512767714,0.6131683077572481,0.6131683077572481
heldout,ingredient_ingredient_adding_localization_94,P08,P08-20240613-123547,ingredient,ingredient_ingredient_adding_localization,24,26,2,0.961207826920263,0.6085829701547723,0.6085829701547723,1.0,1.0,0.7999999999999999,0 3,0 1 6 7,False,1.0,True,True,0.9741385512767714,0.6085829701508596,0.6085829701508596
heldout,ingredient_ingredient_adding_localization_94,P08,P08-20240613-123547,ingredient,ingredient_ingredient_adding_localization,24,27,3,0.961207826920263,0.5928919771421821,0.604052416514217,0.9815240547559795,0.3333333333333333,0.19999999999999998,0 3,0 1 6 7,False,1.0,True,True,0.9741385512767714,0.5928919771385962,0.6040524165105635
heldout,ingredient_ingredient_weight_14,P06,P06-20240510-115307,ingredient,ingredient_ingredient_weight,8,9,1,0.9394418624099292,0.6393778807551707,0.6393778807551707,1.0,1.0,1.0,0 1,0 1 2 3,True,0.5,True,False,0.9596279082702703,0.6393778807523914,0.6393778807523914
heldout,ingredient_ingredient_weight_14,P06,P06-20240510-115307,ingredient,ingredient_ingredient_weight,8,10,2,0.9394418624099292,0.618811152038505,0.618811152038505,1.0,1.0,1.0,0 1,0 1 2 3,True,0.5,True,False,0.9596279082702703,0.6188111520334845,0.6188111520334845
heldout,ingredient_ingredient_weight_14,P06,P06-20240510-115307,ingredient,ingredient_ingredient_weight,8,11,3,0.9394418624099292,0.6015133047644643,0.6015133047644643,1.0,1.0,1.0,0 1,0 1 2 3,True,0.5,True,False,0.9596279082702703,0.6015133047611919,0.6015133047611919
heldout,ingredient_ingredient_weight_14,P06,P06-20240510-115307,ingredient,ingredient_ingredient_weight,12,13,1,0.9905348483444211,0.5581558916406035,0.5581558916406035,1.0,1.0,1.0,0 2,0 1 4 5,False,0.75,True,False,0.9936898988939519,0.5581558916382681,0.5581558916382681
heldout,ingredient_ingredient_weight_14,P06,P06-20240510-115307,ingredient,ingredient_ingredient_weight,12,14,2,0.9905348483444211,0.6248479755862639,0.6248479755862639,1.0,1.0,1.0,0 2,0 1 4 5,False,0.75,True,False,0.9936898988939519,0.6248479755837283,0.6248479755837283
heldout,ingredient_ingredient_weight_14,P06,P06-20240510-115307,ingredient,ingredient_ingredient_weight,12,15,3,0.9905348483444211,0.5465975398702563,0.5465975398702563,1.0,1.0,0.6000000000000001,0 2,0 1 4 5,False,0.75,True,False,0.9936898988939519,0.5465975398676555,0.5465975398676555
heldout,ingredient_ingredient_weight_14,P06,P06-20240510-115307,ingredient,ingredient_ingredient_weight,16,17,1,0.9880897746366687,0.5739654921519779,0.5739654921519779,1.0,1.0,1.0,0 2,0 1 4 5,False,0.75,True,False,0.9920598497558563,0.5739654921486705,0.5739654921486707
heldout,ingredient_ingredient_weight_14,P06,P06-20240510-115307,ingredient,ingredient_ingredient_weight,16,18,2,0.9880897746366687,0.5503112728406745,0.5503112728406745,1.0,1.0,1.0,0 2,0 1 4 5,False,0.75,True,False,0.9920598497558563,0.5503112728367965,0.5503112728367965
heldout,ingredient_ingredient_weight_14,P06,P06-20240510-115307,ingredient,ingredient_ingredient_weight,16,19,3,0.9880897746366687,0.5561685357980677,0.5561685357980677,1.0,1.0,0.7999999999999999,0 2,0 1 4 5,False,0.75,True,False,0.9920598497558563,0.5561685357956193,0.5561685357956193
heldout,ingredient_ingredient_weight_14,P06,P06-20240510-115307,ingredient,ingredient_ingredient_weight,20,21,1,0.9879047615171441,0.5747026513809774,0.586455250396461,0.9799599389594714,0.3333333333333333,0.39999999999999997,0 2,0 1 4 5,False,0.75,True,False,0.9919365076750463,0.574702651377513,0.5864552503929256
heldout,ingredient_ingredient_weight_14,P06,P06-20240510-115307,ingredient,ingredient_ingredient_weight,20,22,2,0.9879047615171441,0.6439417653707926,0.6439417653707926,1.0,1.0,0.7999999999999999,0 2,0 1 4 5,False,0.75,True,False,0.9919365076750463,0.643941765366435,0.643941765366435
heldout,ingredient_ingredient_weight_14,P06,P06-20240510-115307,ingredient,ingredient_ingredient_weight,20,23,3,0.9879047615171441,0.5919770013818764,0.5919770013818764,1.0,1.0,0.7999999999999999,0 2,0 1 4 5,False,0.75,True,False,0.9919365076750463,0.5919770013777537,0.5919770013777537
heldout,ingredient_ingredient_weight_14,P06,P06-20240510-115307,ingredient,ingredient_ingredient_weight,24,25,1,0.9629431475077744,0.5774341021667215,0.5922518243614197,0.9749807065420609,0.3333333333333333,0.7999999999999999,0 2,0 1 4 5,False,0.75,True,False,0.9752954316679077,0.5774341021622822,0.5922518243568664
heldout,ingredient_ingredient_weight_14,P06,P06-20240510-115307,ingredient,ingredient_ingredient_weight,24,26,2,0.9629431475077744,0.6049560923769296,0.6049560923769296,1.0,1.0,1.0,0 2,0 1 4 5,False,0.75,True,False,0.9752954316679077,0.6049560923736381,0.6049560923736381
heldout,ingredient_ingredient_weight_14,P06,P06-20240510-115307,ingredient,ingredient_ingredient_weight,24,27,3,0.9629431475077744,0.6068717026829422,0.6068717026829422,1.0,1.0,0.7999999999999999,0 2,0 1 4 5,False,0.75,True,False,0.9752954316679077,0.6068717026796913,0.6068717026796913
heldout,ingredient_ingredient_weight_2,P07,P07-20240531-201703,ingredient,ingredient_ingredient_weight,8,9,1,0.9519995974141079,0.617245713552139,0.617245713552139,1.0,1.0,1.0,0 1,0 1 2 3,True,0.5,True,False,0.9679997316067175,0.6172457135495665,0.6172457135495665
heldout,ingredient_ingredient_weight_2,P07,P07-20240531-201703,ingredient,ingredient_ingredient_weight,8,10,2,0.9519995974141079,0.5692429758655881,0.5692429758655881,1.0,1.0,0.7999999999999999,0 1,0 1 2 3,True,0.5,True,False,0.9679997316067175,0.5692429758615205,0.5692429758615205
heldout,ingredient_ingredient_weight_2,P07,P07-20240531-201703,ingredient,ingredient_ingredient_weight,8,11,3,0.9519995974141079,0.5905892280381178,0.5905892280381178,1.0,1.0,1.0,0 1,0 1 2 3,True,0.5,True,False,0.9679997316067175,0.5905892280348167,0.5905892280348167
heldout,ingredient_ingredient_weight_2,P07,P07-20240531-201703,ingredient,ingredient_ingredient_weight,12,13,1,0.9949749053527253,0.5435475391235467,0.5435475391235467,1.0,1.0,0.6000000000000001,0 1,0 1 2 3,True,0.5,True,False,0.9966499368996001,0.5435475391218079,0.5435475391218079
heldout,ingredient_ingredient_weight_2,P07,P07-20240531-201703,ingredient,ingredient_ingredient_weight,12,14,2,0.9949749053527253,0.6162885366253275,0.6162885366253275,1.0,1.0,0.7999999999999999,0 1,0 1 2 3,True,0.5,True,False,0.9966499368996001,0.6162885366234531,0.616288536623453
heldout,ingredient_ingredient_weight_2,P07,P07-20240531-201703,ingredient,ingredient_ingredient_weight,12,15,3,0.9949749053527253,0.4908570115455979,0.5560380383750532,0.8827759571630421,0.3333333333333333,-0.39999999999999997,0 1,0 1 2 3,True,0.5,True,False,0.9966499368996001,0.4908570115435228,0.5560380383727025
heldout,ingredient_ingredient_weight_2,P07,P07-20240531-201703,ingredient,ingredient_ingredient_weight,16,17,1,0.9664854888583255,0.6032096126160329,0.6032096126160329,1.0,1.0,0.7999999999999999,1 2,2 3 4 5,True,0.5,False,False,0.9776569925707999,0.6032096126134985,0.6032096126134985
heldout,ingredient_ingredient_weight_2,P07,P07-20240531-201703,ingredient,ingredient_ingredient_weight,16,18,2,0.9664854888583255,0.5435379173178185,0.5624636147340948,0.9663521391953088,0.3333333333333333,-0.19999999999999998,1 2,2 3 4 5,True,0.5,False,False,0.9776569925707999,0.5435379173152118,0.5624636147313973
heldout,ingredient_ingredient_weight_2,P07,P07-20240531-201703,ingredient,ingredient_ingredient_weight,16,19,3,0.9664854888583255,0.607667034010619,0.607667034010619,1.0,1.0,1.0,1 2,2 3 4 5,True,0.5,False,False,0.9776569925707999,0.6076670340086684,0.6076670340086684
heldout,ingredient_ingredient_weight_2,P07,P07-20240531-201703,ingredient,ingredient_ingredient_weight,20,21,1,0.9952520381730736,0.5687812705222413,0.5687812705222413,1.0,1.0,0.7999999999999999,0 1,0 1 2 3,True,0.5,True,False,0.9968346921130677,0.5687812705196931,0.5687812705196931
heldout,ingredient_ingredient_weight_2,P07,P07-20240531-201703,ingredient,ingredient_ingredient_weight,20,22,2,0.9952520381730736,0.6340939034152033,0.6340939034152033,1.0,1.0,0.7999999999999999,0 1,0 1 2 3,True,0.5,True,False,0.9968346921130677,0.6340939034122081,0.6340939034122081
heldout,ingredient_ingredient_weight_2,P07,P07-20240531-201703,ingredient,ingredient_ingredient_weight,20,23,3,0.9952520381730736,0.620066067042037,0.620066067042037,1.0,1.0,0.7999999999999999,0 1,0 1 2 3,True,0.5,True,False,0.9968346921130677,0.6200660670386482,0.6200660670386482
heldout,ingredient_ingredient_weight_2,P07,P07-20240531-201703,ingredient,ingredient_ingredient_weight,24,25,1,0.9800823517137247,0.5475652028630833,0.6070955267569054,0.9019424105925601,0.3333333333333333,0.7999999999999999,0 1,0 1 2 3,True,0.5,True,False,0.9867215678061187,0.5475652028597364,0.6070955267531947
heldout,ingredient_ingredient_weight_2,P07,P07-20240531-201703,ingredient,ingredient_ingredient_weight,24,26,2,0.9800823517137247,0.5914934747374427,0.615106636629817,0.9616112711419417,0.3333333333333333,0.7999999999999999,0 1,0 1 2 3,True,0.5,True,False,0.9867215678061187,0.5914934747346148,0.6151066366268763
heldout,ingredient_ingredient_weight_2,P07,P07-20240531-201703,ingredient,ingredient_ingredient_weight,24,27,3,0.9800823517137247,0.6051198070365819,0.6262777960569383,0.9662162874788668,0.3333333333333333,0.7999999999999999,0 1,0 1 2 3,True,0.5,True,False,0.9867215678061187,0.6051198070338729,0.6262777960541346
heldout,ingredient_ingredient_weight_38,P06,P06-20240511-102207,ingredient,ingredient_ingredient_weight,8,9,1,0.9422639684990325,0.6489325884342694,0.6489325884342694,1.0,1.0,1.0,0 1,0 1 2 3,True,0.5,True,False,0.9615093123300271,0.6489325884315658,0.6489325884315658
heldout,ingredient_ingredient_weight_38,P06,P06-20240511-102207,ingredient,ingredient_ingredient_weight,8,10,2,0.9422639684990325,0.6033369550623701,0.6033369550623701,1.0,1.0,1.0,0 1,0 1 2 3,True,0.5,True,False,0.9615093123300271,0.6033369550580527,0.6033369550580527
heldout,ingredient_ingredient_weight_38,P06,P06-20240511-102207,ingredient,ingredient_ingredient_weight,8,11,3,0.9422639684990325,0.703564857986794,0.703564857986794,1.0,1.0,0.7999999999999999,0 1,0 1 2 3,True,0.5,True,False,0.9615093123300271,0.7035648579825908,0.7035648579825908
heldout,ingredient_ingredient_weight_38,P06,P06-20240511-102207,ingredient,ingredient_ingredient_weight,12,13,1,0.9596456862028087,0.5916233710216712,0.5916233710216712,1.0,1.0,0.7999999999999999,0 1,0 1 2 3,True,0.5,True,False,0.9730971241330623,0.5916233710196481,0.5916233710196481
heldout,ingredient_ingredient_weight_38,P06,P06-20240511-102207,ingredient,ingredient_ingredient_weight,12,14,2,0.9596456862028087,0.6838897004966471,0.6838897004966471,1.0,1.0,0.7999999999999999,0 1,0 1 2 3,True,0.5,True,False,0.9730971241330623,0.6838897004943814,0.6838897004943814
heldout,ingredient_ingredient_weight_38,P06,P06-20240511-102207,ingredient,ingredient_ingredient_weight,12,15,3,0.9596456862028087,0.5801198487860595,0.5801198487860595,1.0,1.0,0.7999999999999999,0 1,0 1 2 3,True,0.5,True,False,0.9730971241330623,0.5801198487837447,0.5801198487837447
heldout,ingredient_ingredient_weight_38,P06,P06-20240511-102207,ingredient,ingredient_ingredient_weight,16,17,1,0.9692297590970687,0.5721248748048537,0.5721248748048537,1.0,1.0,0.7999999999999999,0 1,0 1 2 3,True,0.5,True,False,0.9794865060631448,0.5721248748024114,0.5721248748024114
heldout,ingredient_ingredient_weight_38,P06,P06-20240511-102207,ingredient,ingredient_ingredient_weight,16,18,2,0.9692297590970687,0.5728694859832442,0.5728694859832442,1.0,1.0,0.6000000000000001,0 1,0 1 2 3,True,0.5,True,False,0.9794865060631448,0.5728694859802844,0.5728694859802844
heldout,ingredient_ingredient_weight_38,P06,P06-20240511-102207,ingredient,ingredient_ingredient_weight,16,19,3,0.9692297590970687,0.5908516249551786,0.5908516249551786,1.0,1.0,0.7999999999999999,0 1,0 1 2 3,True,0.5,True,False,0.9794865060631448,0.5908516249530645,0.5908516249530646
heldout,ingredient_ingredient_weight_38,P06,P06-20240511-102207,ingredient,ingredient_ingredient_weight,20,21,1,0.9662621628195914,0.6451488406314247,0.6451488406314247,1.0,1.0,0.7999999999999999,0 1,0 1 2 3,True,0.5,True,False,0.9775081085439294,0.645148840628267,0.645148840628267
heldout,ingredient_ingredient_weight_38,P06,P06-20240511-102207,ingredient,ingredient_ingredient_weight,20,22,2,0.9662621628195914,0.6819240749188779,0.6819240749188779,1.0,1.0,0.7999999999999999,0 1,0 1 2 3,True,0.5,True,False,0.9775081085439294,0.6819240749147952,0.6819240749147952
heldout,ingredient_ingredient_weight_38,P06,P06-20240511-102207,ingredient,ingredient_ingredient_weight,20,23,3,0.9662621628195914,0.6129740497539384,0.6129740497539384,1.0,1.0,0.7999999999999999,0 1,0 1 2 3,True,0.5,True,False,0.9775081085439294,0.6129740497503621,0.6129740497503621
heldout,ingredient_ingredient_weight_38,P06,P06-20240511-102207,ingredient,ingredient_ingredient_weight,24,25,1,0.9730713205877433,0.5973281113091743,0.5973281113091743,1.0,1.0,1.0,0 1,0 1 2 3,True,0.5,True,False,0.982047547055285,0.5973281113055307,0.5973281113055307
heldout,ingredient_ingredient_weight_38,P06,P06-20240511-102207,ingredient,ingredient_ingredient_weight,24,26,2,0.9730713205877433,0.5903104131443526,0.5903104131443526,1.0,1.0,1.0,0 1,0 1 2 3,True,0.5,True,False,0.982047547055285,0.5903104131411667,0.5903104131411667
heldout,ingredient_ingredient_weight_38,P06,P06-20240511-102207,ingredient,ingredient_ingredient_weight,24,27,3,0.9730713205877433,0.6275843591553092,0.6275843591553092,1.0,1.0,1.0,0 1,0 1 2 3,True,0.5,True,False,0.982047547055285,0.6275843591521677,0.6275843591521677
heldout,ingredient_ingredient_weight_42,P07,P07-20240529-134410,ingredient,ingredient_ingredient_weight,8,9,1,0.9562553296563295,0.5969160821445054,0.6291442503184531,0.9487745963542784,0.3333333333333333,0.19999999999999998,0 1,0 1 2 3,True,0.5,True,False,0.9708368864347752,0.5969160821418892,0.6291442503156957
heldout,ingredient_ingredient_weight_42,P07,P07-20240529-134410,ingredient,ingredient_ingredient_weight,8,10,2,0.9562553296563295,0.6244577683831697,0.6244577683831697,1.0,1.0,0.6000000000000001,0 1,0 1 2 3,True,0.5,True,False,0.9708368864347752,0.6244577683790463,0.6244577683790464
heldout,ingredient_ingredient_weight_42,P07,P07-20240529-134410,ingredient,ingredient_ingredient_weight,8,11,3,0.9562553296563295,0.6106548570393843,0.6106548570393843,1.0,1.0,1.0,0 1,0 1 2 3,True,0.5,True,False,0.9708368864347752,0.6106548570356379,0.6106548570356379
heldout,ingredient_ingredient_weight_42,P07,P07-20240529-134410,ingredient,ingredient_ingredient_weight,12,13,1,0.9826337985076373,0.5907796331493937,0.5907796331493937,1.0,1.0,0.6000000000000001,0 3,0 1 6 7,False,1.0,True,True,0.9884225323360027,0.5907796331471666,0.5907796331471666
heldout,ingredient_ingredient_weight_42,P07,P07-20240529-134410,ingredient,ingredient_ingredient_weight,12,14,2,0.9826337985076373,0.6526725665975945,0.6526725665975945,1.0,1.0,1.0,0 3,0 1 6 7,False,1.0,True,True,0.9884225323360027,0.6526725665950137,0.6526725665950137
heldout,ingredient_ingredient_weight_42,P07,P07-20240529-134410,ingredient,ingredient_ingredient_weight,12,15,3,0.9826337985076373,0.5295308399001323,0.5568307571329622,0.950972684459111,0.3333333333333333,-0.19999999999999998,0 3,0 1 6 7,False,1.0,True,True,0.9884225323360027,0.5295308398977039,0.5568307571304085
heldout,ingredient_ingredient_weight_42,P07,P07-20240529-134410,ingredient,ingredient_ingredient_weight,16,17,1,0.958144174731295,0.5832651230336737,0.5832651230336737,1.0,1.0,1.0,0 3,0 1 6 7,False,1.0,True,True,0.9720961164858857,0.583265123030688,0.583265123030688
heldout,ingredient_ingredient_weight_42,P07,P07-20240529-134410,ingredient,ingredient_ingredient_weight,16,18,2,0.958144174731295,0.521584711265147,0.5277131265337598,0.9883868432288833,0.3333333333333333,0.39999999999999997,0 3,0 1 6 7,False,1.0,True,True,0.9720961164858857,0.521584711262164,0.5277131265307418
heldout,ingredient_ingredient_weight_42,P07,P07-20240529-134410,ingredient,ingredient_ingredient_weight,16,19,3,0.958144174731295,0.5678100453884218,0.5678100453884218,1.0,1.0,0.7999999999999999,0 3,0 1 6 7,False,1.0,True,True,0.9720961164858857,0.5678100453863781,0.5678100453863781
heldout,ingredient_ingredient_weight_42,P07,P07-20240529-134410,ingredient,ingredient_ingredient_weight,20,21,1,0.996664165279964,0.5793713608103166,0.5793713608103166,1.0,1.0,1.0,0 3,0 1 6 7,False,1.0,True,True,0.9977761101841601,0.579371360807489,0.579371360807489
heldout,ingredient_ingredient_weight_42,P07,P07-20240529-134410,ingredient,ingredient_ingredient_weight,20,22,2,0.996664165279964,0.6130642355980502,0.6130642355980502,1.0,1.0,0.7999999999999999,0 3,0 1 6 7,False,1.0,True,True,0.9977761101841601,0.6130642355949223,0.6130642355949223
heldout,ingredient_ingredient_weight_42,P07,P07-20240529-134410,ingredient,ingredient_ingredient_weight,20,23,3,0.996664165279964,0.5648305998232177,0.5648305998232177,1.0,1.0,1.0,0 3,0 1 6 7,False,1.0,True,True,0.9977761101841601,0.5648305998201781,0.5648305998201781
heldout,ingredient_ingredient_weight_42,P07,P07-20240529-134410,ingredient,ingredient_ingredient_weight,24,25,1,0.9678844413588041,0.6691087895413395,0.6691087895413395,1.0,1.0,0.6000000000000001,0 1,0 1 2 3,True,0.5,True,False,0.9785896275698637,0.6691087895376865,0.6691087895376865
heldout,ingredient_ingredient_weight_42,P07,P07-20240529-134410,ingredient,ingredient_ingredient_weight,24,26,2,0.9678844413588041,0.6077327294899053,0.6077327294899053,1.0,1.0,0.6000000000000001,0 1,0 1 2 3,True,0.5,True,False,0.9785896275698637,0.607732729487102,0.607732729487102
heldout,ingredient_ingredient_weight_42,P07,P07-20240529-134410,ingredient,ingredient_ingredient_weight,24,27,3,0.9678844413588041,0.7292794949284559,0.7292794949284559,1.0,1.0,0.7999999999999999,0 1,0 1 2 3,True,0.5,True,False,0.9785896275698637,0.7292794949258431,0.729279494925843
heldout,object_motion_object_movement_itinerary_207,P04,P04-20240414-170520,object_motion,object_motion_object_movement_itinerary,8,9,1,0.9588937407646677,0.5850929439934445,0.6057297789995466,0.9659306249724309,0.3333333333333333,0.7999999999999999,0 1,0 1 2 3,True,0.5,True,False,0.972595827173151,0.5850929439904062,0.6057297789964012
heldout,object_motion_object_movement_itinerary_207,P04,P04-20240414-170520,object_motion,object_motion_object_movement_itinerary,8,10,2,0.9588937407646677,0.48611996925392875,0.5746855083640161,0.8458886855139066,0.3333333333333333,0.39999999999999997,0 1,0 1 2 3,True,0.5,True,False,0.972595827173151,0.48611996924937084,0.5746855083586279
heldout,object_motion_object_movement_itinerary_207,P04,P04-20240414-170520,object_motion,object_motion_object_movement_itinerary,8,11,3,0.9588937407646677,0.6189560113596426,0.6189560113596426,1.0,1.0,1.0,0 1,0 1 2 3,True,0.5,True,False,0.972595827173151,0.6189560113554785,0.6189560113554785
heldout,object_motion_object_movement_itinerary_207,P04,P04-20240414-170520,object_motion,object_motion_object_movement_itinerary,12,13,1,0.9905091605773589,0.5513787495297542,0.5513787495297542,1.0,1.0,0.7999999999999999,0 1,0 1 2 3,True,0.5,True,False,0.9936727737149617,0.5513787495272764,0.5513787495272764
heldout,object_motion_object_movement_itinerary_207,P04,P04-20240414-170520,object_motion,object_motion_object_movement_itinerary,12,14,2,0.9905091605773589,0.6149669950384424,0.6149669950384424,1.0,1.0,1.0,0 1,0 1 2 3,True,0.5,True,False,0.9936727737149617,0.6149669950361514,0.6149669950361514
heldout,object_motion_object_movement_itinerary_207,P04,P04-20240414-170520,object_motion,object_motion_object_movement_itinerary,12,15,3,0.9905091605773589,0.5064219253878204,0.530559859261104,0.9545047868738131,0.3333333333333333,-0.19999999999999998,0 1,0 1 2 3,True,0.5,True,False,0.9936727737149617,0.5064219253851592,0.5305598592583161
heldout,object_motion_object_movement_itinerary_207,P04,P04-20240414-170520,object_motion,object_motion_object_movement_itinerary,16,17,1,0.9921696820319186,0.5689822025379124,0.5689822025379124,1.0,1.0,0.7999999999999999,0 3,0 1 6 7,False,1.0,True,True,0.9947797880193325,0.5689822025351396,0.5689822025351396
heldout,object_motion_object_movement_itinerary_207,P04,P04-20240414-170520,object_motion,object_motion_object_movement_itinerary,16,18,2,0.9921696820319186,0.5415352503057788,0.5415352503057788,1.0,1.0,1.0,0 3,0 1 6 7,False,1.0,True,True,0.9947797880193325,0.5415352503028948,0.5415352503028948
heldout,object_motion_object_movement_itinerary_207,P04,P04-20240414-170520,object_motion,object_motion_object_movement_itinerary,16,19,3,0.9921696820319186,0.5462330397336639,0.5573882139422682,0.979986705980547,0.3333333333333333,0.7999999999999999,0 3,0 1 6 7,False,1.0,True,True,0.9947797880193325,0.5462330397317761,0.5573882139403419
heldout,object_motion_object_movement_itinerary_207,P04,P04-20240414-170520,object_motion,object_motion_object_movement_itinerary,20,21,1,0.9955666052015233,0.5225906704162391,0.5753012834854784,0.908377376198623,0.3333333333333333,-0.39999999999999997,0 3,0 1 6 7,False,1.0,True,True,0.9970444034650237,0.5225906704131306,0.5753012834820563
heldout,object_motion_object_movement_itinerary_207,P04,P04-20240414-170520,object_motion,object_motion_object_movement_itinerary,20,22,2,0.9955666052015233,0.5307780752747894,0.594634914280828,0.8926116891685223,0.3333333333333333,-0.39999999999999997,0 3,0 1 6 7,False,1.0,True,True,0.9970444034650237,0.5307780752712934,0.5946349142769115
heldout,object_motion_object_movement_itinerary_207,P04,P04-20240414-170520,object_motion,object_motion_object_movement_itinerary,20,23,3,0.9955666052015233,0.5454330474604545,0.5676341334610152,0.9608883879741431,0.3333333333333333,-0.39999999999999997,0 3,0 1 6 7,False,1.0,True,True,0.9970444034650237,0.5454330474568626,0.567634133457277
heldout,object_motion_object_movement_itinerary_207,P04,P04-20240414-170520,object_motion,object_motion_object_movement_itinerary,24,25,1,0.9982839458960127,0.5563605913156089,0.5919665090016877,0.9398514660126198,0.3333333333333333,0.7999999999999999,0 1,0 1 2 3,True,0.5,True,False,0.9988559639261759,0.5563605913111896,0.5919665089969857
heldout,object_motion_object_movement_itinerary_207,P04,P04-20240414-170520,object_motion,object_motion_object_movement_itinerary,24,26,2,0.9982839458960127,0.61763444397666,0.61763444397666,1.0,1.0,1.0,0 1,0 1 2 3,True,0.5,True,False,0.9988559639261759,0.6176344439715726,0.6176344439715726
heldout,object_motion_object_movement_itinerary_207,P04,P04-20240414-170520,object_motion,object_motion_object_movement_itinerary,24,27,3,0.9982839458960127,0.5498120022393495,0.5940861169622927,0.9254752577802564,0.3333333333333333,0.19999999999999998,0 1,0 1 2 3,True,0.5,True,False,0.9988559639261759,0.5498120022364573,0.5940861169591677
heldout,object_motion_object_movement_itinerary_282,P07,P07-20240530-102543,object_motion,object_motion_object_movement_itinerary,8,9,1,0.9784211177148977,0.5591715106632817,0.5591715106632817,1.0,1.0,0.7999999999999999,0 3,0 1 6 7,False,1.0,True,True,0.9856140784733405,0.5591715106602875,0.5591715106602875
heldout,object_motion_object_movement_itinerary_282,P07,P07-20240530-102543,object_motion,object_motion_object_movement_itinerary,8,10,2,0.9784211177148977,0.5577161892564353,0.6249503449665981,0.8924168035882014,0.3333333333333333,0.7999999999999999,0 3,0 1 6 7,False,1.0,True,True,0.9856140784733405,0.5577161892510095,0.6249503449605183
heldout,object_motion_object_movement_itinerary_282,P07,P07-20240530-102543,object_motion,object_motion_object_movement_itinerary,8,11,3,0.9784211177148977,0.5783039474102544,0.5783039474102544,1.0,1.0,0.7999999999999999,0 3,0 1 6 7,False,1.0,True,True,0.9856140784733405,0.5783039474063449,0.5783039474063449
heldout,object_motion_object_movement_itinerary_282,P07,P07-20240530-102543,object_motion,object_motion_object_movement_itinerary,12,13,1,0.9861190595214673,0.5905022133387088,0.6120825927371836,0.9647427003242012,0.3333333333333333,0.39999999999999997,0 3,0 1 6 7,False,1.0,True,True,0.9907460396779274,0.5905022133361322,0.6120825927345127
heldout,object_motion_object_movement_itinerary_282,P07,P07-20240530-102543,object_motion,object_motion_object_movement_itinerary,12,14,2,0.9861190595214673,0.5803994950111564,0.5803994950111564,1.0,1.0,0.7999999999999999,0 3,0 1 6 7,False,1.0,True,True,0.9907460396779274,0.5803994950089761,0.5803994950089761
heldout,object_motion_object_movement_itinerary_282,P07,P07-20240530-102543,object_motion,object_motion_object_movement_itinerary,12,15,3,0.9861190595214673,0.5546257323940935,0.6078196835460494,0.9124839938686753,0.3333333333333333,0.39999999999999997,0 3,0 1 6 7,False,1.0,True,True,0.9907460396779274,0.5546257323910502,0.6078196835427141
heldout,object_motion_object_movement_itinerary_282,P07,P07-20240530-102543,object_motion,object_motion_object_movement_itinerary,16,17,1,0.9015119019095269,0.6426128597733863,0.6574895266008529,0.9773735303368598,0.3333333333333333,0.7999999999999999,2 3,4 5 6 7,True,0.5,False,True,0.9343412679379566,0.6426128597701368,0.6574895265975281
heldout,object_motion_object_movement_itinerary_282,P07,P07-20240530-102543,object_motion,object_motion_object_movement_itinerary,16,18,2,0.9015119019095269,0.6980476264425288,0.6980476264425288,1.0,1.0,0.7999999999999999,2 3,4 5 6 7,True,0.5,False,True,0.9343412679379566,0.6980476264388551,0.698047626438855
heldout,object_motion_object_movement_itinerary_282,P07,P07-20240530-102543,object_motion,object_motion_object_movement_itinerary,16,19,3,0.9015119019095269,0.7086533492245741,0.7086533492245741,1.0,1.0,1.0,2 3,4 5 6 7,True,0.5,False,True,0.9343412679379566,0.7086533492220741,0.7086533492220741
heldout,object_motion_object_movement_itinerary_282,P07,P07-20240530-102543,object_motion,object_motion_object_movement_itinerary,20,21,1,0.9281647903426351,0.6267426601092048,0.6267426601092048,1.0,1.0,1.0,0 3,0 1 6 7,False,1.0,True,True,0.9521098602257176,0.6267426601051074,0.6267426601051075
heldout,object_motion_object_movement_itinerary_282,P07,P07-20240530-102543,object_motion,object_motion_object_movement_itinerary,20,22,2,0.9281647903426351,0.6385871991589323,0.6385871991589323,1.0,1.0,0.7999999999999999,0 3,0 1 6 7,False,1.0,True,True,0.9521098602257176,0.6385871991542922,0.6385871991542922
heldout,object_motion_object_movement_itinerary_282,P07,P07-20240530-102543,object_motion,object_motion_object_movement_itinerary,20,23,3,0.9281647903426351,0.6566081022193256,0.6566081022193256,1.0,1.0,1.0,0 3,0 1 6 7,False,1.0,True,True,0.9521098602257176,0.6566081022145658,0.6566081022145658
heldout,object_motion_object_movement_itinerary_282,P07,P07-20240530-102543,object_motion,object_motion_object_movement_itinerary,24,25,1,0.9586382433195948,0.6124532005799861,0.6124532005799861,1.0,1.0,1.0,0 3,0 1 6 7,False,1.0,True,True,0.9724254955419415,0.6124532005747054,0.6124532005747054
heldout,object_motion_object_movement_itinerary_282,P07,P07-20240530-102543,object_motion,object_motion_object_movement_itinerary,24,26,2,0.9586382433195948,0.5921451055574511,0.5921451055574511,1.0,1.0,0.7999999999999999,0 3,0 1 6 7,False,1.0,True,True,0.9724254955419415,0.5921451055520557,0.5921451055520557
heldout,object_motion_object_movement_itinerary_282,P07,P07-20240530-102543,object_motion,object_motion_object_movement_itinerary,24,27,3,0.9586382433195948,0.565375143300267,0.6165628350262372,0.9169789536150164,0.3333333333333333,0.39999999999999997,0 3,0 1 6 7,False,1.0,True,True,0.9724254955419415,0.5653751432969193,0.6165628350225865
heldout,object_motion_object_movement_itinerary_285,P04,P04-20240414-162242,object_motion,object_motion_object_movement_itinerary,8,9,1,0.9870901264172575,0.5827853068437846,0.5868799438482842,0.9930230415139929,0.3333333333333333,0.39999999999999997,0 1,0 1 2 3,True,0.5,True,False,0.9913934176080993,0.5827853068406518,0.5868799438451294
heldout,object_motion_object_movement_itinerary_285,P04,P04-20240414-162242,object_motion,object_motion_object_movement_itinerary,8,10,2,0.9870901264172575,0.49618819946191683,0.5328940722638787,0.931119757729664,0.3333333333333333,-0.19999999999999998,0 1,0 1 2 3,True,0.5,True,False,0.9913934176080993,0.49618819945687337,0.5328940722584622
heldout,object_motion_object_movement_itinerary_285,P04,P04-20240414-162242,object_motion,object_motion_object_movement_itinerary,8,11,3,0.9870901264172575,0.5968631036807589,0.5968631036807589,1.0,1.0,0.7999999999999999,0 1,0 1 2 3,True,0.5,True,False,0.9913934176080993,0.5968631036767025,0.5968631036767025
heldout,object_motion_object_movement_itinerary_285,P04,P04-20240414-162242,object_motion,object_motion_object_movement_itinerary,12,13,1,0.9976375883065389,0.5416274871501021,0.5475056139656351,0.9892638054010858,0.3333333333333333,0.39999999999999997,0 2,0 1 4 5,False,0.75,True,False,0.9984250588677506,0.5416274871475635,0.547505613963069
heldout,object_motion_object_movement_itinerary_285,P04,P04-20240414-162242,object_motion,object_motion_object_movement_itinerary,12,14,2,0.9976375883065389,0.47933653823890376,0.5404818180483653,0.8868689421778294,0.3333333333333333,-0.39999999999999997,0 2,0 1 4 5,False,0.75,True,False,0.9984250588677506,0.47933653823711825,0.540481818046352
heldout,object_motion_object_movement_itinerary_285,P04,P04-20240414-162242,object_motion,object_motion_object_movement_itinerary,12,15,3,0.9976375883065389,0.5191191649251847,0.5504497628630163,0.9430818213548247,0.3333333333333333,0.19999999999999998,0 2,0 1 4 5,False,0.75,True,False,0.9984250588677506,0.5191191649221667,0.5504497628598161
heldout,object_motion_object_movement_itinerary_285,P04,P04-20240414-162242,object_motion,object_motion_object_movement_itinerary,16,17,1,0.9950727822683849,0.5665042100358277,0.5665042100358277,1.0,1.0,1.0,2 3,4 5 6 7,True,0.5,False,True,0.9967151881770513,0.5665042100331869,0.5665042100331869
heldout,object_motion_object_movement_itinerary_285,P04,P04-20240414-162242,object_motion,object_motion_object_movement_itinerary,16,18,2,0.9950727822683849,0.6008494832762115,0.6008494832762115,1.0,1.0,0.7999999999999999,2 3,4 5 6 7,True,0.5,False,True,0.9967151881770513,0.6008494832730426,0.6008494832730426
heldout,object_motion_object_movement_itinerary_285,P04,P04-20240414-162242,object_motion,object_motion_object_movement_itinerary,16,19,3,0.9950727822683849,0.5886693218002053,0.5886693218002053,1.0,1.0,0.7999999999999999,2 3,4 5 6 7,True,0.5,False,True,0.9967151881770513,0.5886693217982426,0.5886693217982427
heldout,object_motion_object_movement_itinerary_285,P04,P04-20240414-162242,object_motion,object_motion_object_movement_itinerary,20,21,1,0.9889469663443078,0.5018103153738929,0.5309493440772126,0.9451190042357747,0.3333333333333333,-0.39999999999999997,2 3,4 5 6 7,True,0.5,False,True,0.9926313108936172,0.5018103153708544,0.5309493440739977
heldout,object_motion_object_movement_itinerary_285,P04,P04-20240414-162242,object_motion,object_motion_object_movement_itinerary,20,22,2,0.9889469663443078,0.481863584664743,0.5205483270547544,0.9256846283439456,0.3333333333333333,-0.7999999999999999,2 3,4 5 6 7,True,0.5,False,True,0.9926313108936172,0.48186358466157764,0.5205483270513349
heldout,object_motion_object_movement_itinerary_285,P04,P04-20240414-162242,object_motion,object_motion_object_movement_itinerary,20,23,3,0.9889469663443078,0.5039678537385297,0.5466535200461892,0.9219145862189769,0.3333333333333333,-0.39999999999999997,2 3,4 5 6 7,True,0.5,False,True,0.9926313108936172,0.50396785373495,0.5466535200423063
heldout,object_motion_object_movement_itinerary_285,P04,P04-20240414-162242,object_motion,object_motion_object_movement_itinerary,24,25,1,0.9922301969123317,0.5002520678227174,0.5419283511980754,0.9230963220816523,0.3333333333333333,0.19999999999999998,2 3,4 5 6 7,True,0.5,False,True,0.994820131270074,0.5002520678186937,0.5419283511937163
heldout,object_motion_object_movement_itinerary_285,P04,P04-20240414-162242,object_motion,object_motion_object_movement_itinerary,24,26,2,0.9922301969123317,0.5232931004120305,0.5232931004120305,1.0,1.0,1.0,2 3,4 5 6 7,True,0.5,False,True,0.994820131270074,0.5232931004079828,0.5232931004079828
heldout,object_motion_object_movement_itinerary_285,P04,P04-20240414-162242,object_motion,object_motion_object_movement_itinerary,24,27,3,0.9922301969123317,0.4540402814424099,0.5459597185575901,0.831636961499598,0.0,-0.6000000000000001,2 3,4 5 6 7,True,0.5,False,True,0.994820131270074,0.45404028143967495,0.5459597185543015
heldout,object_motion_object_movement_itinerary_311,P01,P01-20240202-171220,object_motion,object_motion_object_movement_itinerary,8,9,1,0.9814884093588215,0.6183704419804444,0.6183704419804444,1.0,1.0,0.6000000000000001,0 1,0 1 2 3,True,0.5,True,False,0.9876589395693743,0.6183704419766756,0.6183704419766756
heldout,object_motion_object_movement_itinerary_311,P01,P01-20240202-171220,object_motion,object_motion_object_movement_itinerary,8,10,2,0.9814884093588215,0.5753824213294493,0.5753824213294493,1.0,1.0,0.7999999999999999,0 1,0 1 2 3,True,0.5,True,False,0.9876589395693743,0.5753824213226261,0.5753824213226262
heldout,object_motion_object_movement_itinerary_311,P01,P01-20240202-171220,object_motion,object_motion_object_movement_itinerary,8,11,3,0.9814884093588215,0.5574631466172479,0.5574631466172479,1.0,1.0,0.6000000000000001,0 1,0 1 2 3,True,0.5,True,False,0.9876589395693743,0.5574631466134186,0.5574631466134186
heldout,object_motion_object_movement_itinerary_311,P01,P01-20240202-171220,object_motion,object_motion_object_movement_itinerary,12,13,1,0.9962127749335946,0.543055404704126,0.543055404704126,1.0,1.0,1.0,0 1,0 1 2 3,True,0.5,True,False,0.9974751832854758,0.5430554047012239,0.5430554047012239
heldout,object_motion_object_movement_itinerary_311,P01,P01-20240202-171220,object_motion,object_motion_object_movement_itinerary,12,14,2,0.9962127749335946,0.5814496168118596,0.5814496168118596,1.0,1.0,0.7999999999999999,0 1,0 1 2 3,True,0.5,True,False,0.9974751832854758,0.5814496168096525,0.5814496168096525
heldout,object_motion_object_movement_itinerary_311,P01,P01-20240202-171220,object_motion,object_motion_object_movement_itinerary,12,15,3,0.9962127749335946,0.45140134348859773,0.5502587256365573,0.8203438172950404,0.3333333333333333,0.0,0 1,0 1 2 3,True,0.5,True,False,0.9974751832854758,0.45140134348601746,0.5502587256334119
heldout,object_motion_object_movement_itinerary_311,P01,P01-20240202-171220,object_motion,object_motion_object_movement_itinerary,16,17,1,0.9873693872274716,0.5680614045309581,0.5680614045309581,1.0,1.0,0.7999999999999999,1 3,2 3 6 7,False,0.75,False,True,0.9915795914828475,0.5680614045278976,0.5680614045278976
heldout,object_motion_object_movement_itinerary_311,P01,P01-20240202-171220,object_motion,object_motion_object_movement_itinerary,16,18,2,0.9873693872274716,0.5365803466899203,0.5441458549120837,0.9860965435023193,0.3333333333333333,0.0,1 3,2 3 6 7,False,0.75,False,True,0.9915795914828475,0.5365803466867143,0.5441458549088324
heldout,object_motion_object_movement_itinerary_311,P01,P01-20240202-171220,object_motion,object_motion_object_movement_itinerary,16,19,3,0.9873693872274716,0.5909296659627983,0.5909296659627983,1.0,1.0,0.6000000000000001,1 3,2 3 6 7,False,0.75,False,True,0.9915795914828475,0.5909296659603935,0.5909296659603935
heldout,object_motion_object_movement_itinerary_311,P01,P01-20240202-171220,object_motion,object_motion_object_movement_itinerary,20,21,1,0.993970908128979,0.4585468435089953,0.5503165287343503,0.8332419972258289,0.3333333333333333,0.0,2 3,4 5 6 7,True,0.5,False,True,0.9959806054158811,0.45854684350596153,0.5503165287307095
heldout,object_motion_object_movement_itinerary_311,P01,P01-20240202-171220,object_motion,object_motion_object_movement_itinerary,20,22,2,0.993970908128979,0.424899458412743,0.575100541587257,0.7388263924079008,0.0,-0.7999999999999999,2 3,4 5 6 7,True,0.5,False,True,0.9959806054158811,0.4248994584094462,0.5751005415827948
heldout,object_motion_object_movement_itinerary_311,P01,P01-20240202-171220,object_motion,object_motion_object_movement_itinerary,20,23,3,0.993970908128979,0.4171413280115285,0.5828586719884716,0.7156817734021449,0.0,-0.7999999999999999,2 3,4 5 6 7,True,0.5,False,True,0.9959806054158811,0.4171413280081804,0.5828586719837935
heldout,object_motion_object_movement_itinerary_311,P01,P01-20240202-171220,object_motion,object_motion_object_movement_itinerary,24,25,1,0.9967753254925141,0.5356391461383647,0.5356391461383647,1.0,1.0,0.6000000000000001,0 1,0 1 2 3,True,0.5,True,False,0.9978502169885217,0.5356391461335337,0.5356391461335337
heldout,object_motion_object_movement_itinerary_311,P01,P01-20240202-171220,object_motion,object_motion_object_movement_itinerary,24,26,2,0.9967753254925141,0.5232859294113216,0.5473812034846048,0.9559808157096119,0.3333333333333333,0.19999999999999998,0 1,0 1 2 3,True,0.5,True,False,0.9978502169885217,0.5232859294057699,0.5473812034787976
heldout,object_motion_object_movement_itinerary_311,P01,P01-20240202-171220,object_motion,object_motion_object_movement_itinerary,24,27,3,0.9967753254925141,0.5687199503950173,0.611205383857458,0.9304891046700123,0.3333333333333333,0.39999999999999997,0 1,0 1 2 3,True,0.5,True,False,0.9978502169885217,0.568719950390538,0.6112053838526441
heldout,object_motion_object_movement_itinerary_316,P06,P06-20240510-090328,object_motion,object_motion_object_movement_itinerary,8,9,1,0.9938381110430464,0.5508481703380572,0.591218352979664,0.9317169664335584,0.3333333333333333,0.39999999999999997,0 2,0 1 4 5,False,0.75,True,False,0.9958920740252729,0.5508481703352197,0.5912183529766184
heldout,object_motion_object_movement_itinerary_316,P06,P06-20240510-090328,object_motion,object_motion_object_movement_itinerary,8,10,2,0.9938381110430464,0.5178966804034093,0.5705087737446216,0.9077803957406566,0.3333333333333333,0.39999999999999997,0 2,0 1 4 5,False,0.75,True,False,0.9958920740252729,0.5178966803980658,0.5705087737387352
heldout,object_motion_object_movement_itinerary_316,P06,P06-20240510-090328,object_motion,object_motion_object_movement_itinerary,8,11,3,0.9938381110430464,0.5214762420703061,0.5842295221450081,0.8925879680912009,0.3333333333333333,0.39999999999999997,0 2,0 1 4 5,False,0.75,True,False,0.9958920740252729,0.5214762420666619,0.5842295221409254
heldout,object_motion_object_movement_itinerary_316,P06,P06-20240510-090328,object_motion,object_motion_object_movement_itinerary,12,13,1,0.9999390088962872,0.5141799367568536,0.5332920070553864,0.9641620912264154,0.3333333333333333,0.39999999999999997,1 3,2 3 6 7,False,0.75,False,True,0.9999593392610008,0.5141799367543832,0.5332920070528242
heldout,object_motion_object_movement_itinerary_316,P06,P06-20240510-090328,object_motion,object_motion_object_movement_itinerary,12,14,2,0.9999390088962872,0.5364763905140252,0.544704459450232,0.9848944344158456,0.3333333333333333,0.39999999999999997,1 3,2 3 6 7,False,0.75,False,True,0.9999593392610008,0.5364763905119083,0.5447044594480827
heldout,object_motion_object_movement_itinerary_316,P06,P06-20240510-090328,object_motion,object_motion_object_movement_itinerary,12,15,3,0.9999390088962872,0.5372004628977005,0.5585705040329554,0.9617415510110895,0.3333333333333333,0.39999999999999997,1 3,2 3 6 7,False,0.75,False,True,0.9999593392610008,0.5372004628945528,0.5585705040296824
heldout,object_motion_object_movement_itinerary_316,P06,P06-20240510-090328,object_motion,object_motion_object_movement_itinerary,16,17,1,0.9311345612582108,0.6314085018815856,0.6314085018815856,1.0,1.0,1.0,2 3,4 5 6 7,True,0.5,False,True,0.9540897075034583,0.6314085018784588,0.6314085018784588
heldout,object_motion_object_movement_itinerary_316,P06,P06-20240510-090328,object_motion,object_motion_object_movement_itinerary,16,18,2,0.9311345612582108,0.6627315695166113,0.6627315695166113,1.0,1.0,1.0,2 3,4 5 6 7,True,0.5,False,True,0.9540897075034583,0.6627315695129975,0.6627315695129974
heldout,object_motion_object_movement_itinerary_316,P06,P06-20240510-090328,object_motion,object_motion_object_movement_itinerary,16,19,3,0.9311345612582108,0.7592256652586361,0.7592256652586361,1.0,1.0,1.0,2 3,4 5 6 7,True,0.5,False,True,0.9540897075034583,0.7592256652560994,0.7592256652560995
heldout,object_motion_object_movement_itinerary_316,P06,P06-20240510-090328,object_motion,object_motion_object_movement_itinerary,20,21,1,0.9494749152552701,0.5617013598636095,0.5617013598636095,1.0,1.0,0.7999999999999999,2 3,4 5 6 7,True,0.5,False,True,0.9663166101675323,0.5617013598602532,0.5617013598602533
heldout,object_motion_object_movement_itinerary_316,P06,P06-20240510-090328,object_motion,object_motion_object_movement_itinerary,20,22,2,0.9494749152552701,0.48933497515359825,0.5547697140092139,0.88205062893082,0.3333333333333333,-0.19999999999999998,2 3,4 5 6 7,True,0.5,False,True,0.9663166101675323,0.48933497515021473,0.554769714005378
heldout,object_motion_object_movement_itinerary_316,P06,P06-20240510-090328,object_motion,object_motion_object_movement_itinerary,20,23,3,0.9494749152552701,0.5262398714076113,0.5863390670357385,0.8975009529350293,0.3333333333333333,0.39999999999999997,2 3,4 5 6 7,True,0.5,False,True,0.9663166101675323,0.5262398714036587,0.5863390670313345
heldout,object_motion_object_movement_itinerary_316,P06,P06-20240510-090328,object_motion,object_motion_object_movement_itinerary,24,25,1,0.9847484750919692,0.5072654313123497,0.5196445987622065,0.9761776270178811,0.3333333333333333,-0.39999999999999997,0 3,0 1 6 7,False,1.0,True,True,0.9898323167230842,0.5072654313080873,0.5196445987578401
heldout,object_motion_object_movement_itinerary_316,P06,P06-20240510-090328,object_motion,object_motion_object_movement_itinerary,24,26,2,0.9847484750919692,0.5738486475329716,0.5738486475329716,1.0,1.0,0.6000000000000001,0 3,0 1 6 7,False,1.0,True,True,0.9898323167230842,0.5738486475280292,0.5738486475280292
heldout,object_motion_object_movement_itinerary_316,P06,P06-20240510-090328,object_motion,object_motion_object_movement_itinerary,24,27,3,0.9847484750919692,0.5182617377396169,0.6114912837108009,0.8475374082105871,0.3333333333333333,-0.39999999999999997,0 3,0 1 6 7,False,1.0,True,True,0.9898323167230842,0.518261737736297,0.6114912837068838
heldout,object_motion_object_movement_itinerary_367,P03,P03-20240218-140054,object_motion,object_motion_object_movement_itinerary,8,9,1,0.9599971642727889,0.6544845848704702,0.6544845848704702,1.0,1.0,0.7999999999999999,0 1,0 1 2 3,True,0.5,True,False,0.9733314428449056,0.6544845848667686,0.6544845848667686
heldout,object_motion_object_movement_itinerary_367,P03,P03-20240218-140054,object_motion,object_motion_object_movement_itinerary,8,10,2,0.9599971642727889,0.5741086854450249,0.5741086854450249,1.0,1.0,0.6000000000000001,0 1,0 1 2 3,True,0.5,True,False,0.9733314428449056,0.5741086854391306,0.5741086854391305
heldout,object_motion_object_movement_itinerary_367,P03,P03-20240218-140054,object_motion,object_motion_object_movement_itinerary,8,11,3,0.9599971642727889,0.6198542859885723,0.6273039210292322,0.9881243607907997,0.3333333333333333,0.39999999999999997,0 1,0 1 2 3,True,0.5,True,False,0.9733314428449056,0.6198542859840498,0.6273039210246553
heldout,object_motion_object_movement_itinerary_367,P03,P03-20240218-140054,object_motion,object_motion_object_movement_itinerary,12,13,1,0.9837373473016539,0.5362686586034147,0.5370469894149857,0.9985507212089226,0.3333333333333333,0.7999999999999999,0 1,0 1 2 3,True,0.5,True,False,0.9891582315311832,0.5362686586008129,0.5370469894123802
heldout,object_motion_object_movement_itinerary_367,P03,P03-20240218-140054,object_motion,object_motion_object_movement_itinerary,12,14,2,0.9837373473016539,0.5049492625171452,0.5956622373548472,0.8477107173344907,0.3333333333333333,0.19999999999999998,0 1,0 1 2 3,True,0.5,True,False,0.9891582315311832,0.5049492625151889,0.5956622373525395
heldout,object_motion_object_movement_itinerary_367,P03,P03-20240218-140054,object_motion,object_motion_object_movement_itinerary,12,15,3,0.9837373473016539,0.460963837495203,0.539036162504797,0.8551631032567333,0.0,-0.7999999999999999,0 1,0 1 2 3,True,0.5,True,False,0.9891582315311832,0.4609638374924988,0.5390361625016349
heldout,object_motion_object_movement_itinerary_367,P03,P03-20240218-140054,object_motion,object_motion_object_movement_itinerary,16,17,1,0.9474600949689297,0.6304706908719504,0.6304706908719504,1.0,1.0,1.0,2 3,4 5 6 7,True,0.5,False,True,0.964973396643842,0.6304706908688059,0.6304706908688059
heldout,object_motion_object_movement_itinerary_367,P03,P03-20240218-140054,object_motion,object_motion_object_movement_itinerary,16,18,2,0.9474600949689297,0.6285346761242032,0.6285346761242032,1.0,1.0,1.0,2 3,4 5 6 7,True,0.5,False,True,0.964973396643842,0.628534676120617,0.6285346761206171
heldout,object_motion_object_movement_itinerary_367,P03,P03-20240218-140054,object_motion,object_motion_object_movement_itinerary,16,19,3,0.9474600949689297,0.7115072348129324,0.7115072348129324,1.0,1.0,1.0,2 3,4 5 6 7,True,0.5,False,True,0.964973396643842,0.7115072348105558,0.7115072348105558
heldout,object_motion_object_movement_itinerary_367,P03,P03-20240218-140054,object_motion,object_motion_object_movement_itinerary,20,21,1,0.9601601369394058,0.5473432586322288,0.6052592057199366,0.9043121582614861,0.3333333333333333,0.7999999999999999,2 3,4 5 6 7,True,0.5,False,True,0.9734400912902936,0.5473432586287704,0.6052592057161124
heldout,object_motion_object_movement_itinerary_367,P03,P03-20240218-140054,object_motion,object_motion_object_movement_itinerary,20,22,2,0.9601601369394058,0.5099912776951242,0.6108432089338427,0.8348971884049524,0.3333333333333333,0.39999999999999997,2 3,4 5 6 7,True,0.5,False,True,0.9734400912902936,0.5099912776916098,0.6108432089296332
heldout,object_motion_object_movement_itinerary_367,P03,P03-20240218-140054,object_motion,object_motion_object_movement_itinerary,20,23,3,0.9601601369394058,0.4906150588072887,0.6068102716774637,0.8085147561049593,0.3333333333333333,0.39999999999999997,2 3,4 5 6 7,True,0.5,False,True,0.9734400912902936,0.49061505880370976,0.6068102716730371
heldout,object_motion_object_movement_itinerary_367,P03,P03-20240218-140054,object_motion,object_motion_object_movement_itinerary,24,25,1,0.995129116659193,0.5396181512843748,0.6061145233693354,0.8902907461855339,0.3333333333333333,0.19999999999999998,0 3,0 1 6 7,False,1.0,True,True,0.9967527444345254,0.5396181512798902,0.606114523364298
heldout,object_motion_object_movement_itinerary_367,P03,P03-20240218-140054,object_motion,object_motion_object_movement_itinerary,24,26,2,0.995129116659193,0.5820709505614449,0.6072365304100963,0.9585572036786787,0.3333333333333333,0.19999999999999998,0 3,0 1 6 7,False,1.0,True,True,0.9967527444345254,0.5820709505565955,0.6072365304050373
heldout,object_motion_object_movement_itinerary_367,P03,P03-20240218-140054,object_motion,object_motion_object_movement_itinerary,24,27,3,0.995129116659193,0.5071467160494881,0.6622342364661564,0.7658116843305276,0.3333333333333333,0.19999999999999998,0 3,0 1 6 7,False,1.0,True,True,0.9967527444345254,0.5071467160467098,0.6622342364625284
heldout,object_motion_object_movement_itinerary_477,P02,P02-20240211-115653,object_motion,object_motion_object_movement_itinerary,8,9,1,0.9849200650301883,0.5685423802487302,0.5795792708518525,0.9809570646187872,0.3333333333333333,0.19999999999999998,0 3,0 1 6 7,False,1.0,True,True,0.9899467100169271,0.5685423802456371,0.5795792708486993
heldout,object_motion_object_movement_itinerary_477,P02,P02-20240211-115653,object_motion,object_motion_object_movement_itinerary,8,10,2,0.9849200650301883,0.5529677749176576,0.5529677749176576,1.0,1.0,1.0,0 3,0 1 6 7,False,1.0,True,True,0.9899467100169271,0.5529677749116046,0.5529677749116046
heldout,object_motion_object_movement_itinerary_477,P02,P02-20240211-115653,object_motion,object_motion_object_movement_itinerary,8,11,3,0.9849200650301883,0.5751657039392568,0.5772861542722896,0.9963268643854697,0.3333333333333333,0.7999999999999999,0 3,0 1 6 7,False,1.0,True,True,0.9899467100169271,0.5751657039353186,0.5772861542683368
heldout,object_motion_object_movement_itinerary_477,P02,P02-20240211-115653,object_motion,object_motion_object_movement_itinerary,12,13,1,0.9969594194734054,0.516886013047673,0.5512290860104702,0.9376972771677277,0.3333333333333333,0.7999999999999999,0 2,0 1 4 5,False,0.75,True,False,0.9979729463124779,0.5168860130450375,0.5512290860076594
heldout,object_motion_object_movement_itinerary_477,P02,P02-20240211-115653,object_motion,object_motion_object_movement_itinerary,12,14,2,0.9969594194734054,0.6027203056364543,0.6027203056364543,1.0,1.0,1.0,0 2,0 1 4 5,False,0.75,True,False,0.9979729463124779,0.6027203056339903,0.6027203056339903
heldout,object_motion_object_movement_itinerary_477,P02,P02-20240211-115653,object_motion,object_motion_object_movement_itinerary,12,15,3,0.9969594194734054,0.5051902048082713,0.6197087460473745,0.8152058657078423,0.3333333333333333,0.19999999999999998,0 2,0 1 4 5,False,0.75,True,False,0.9979729463124779,0.5051902048056209,0.6197087460441234
heldout,object_motion_object_movement_itinerary_477,P02,P02-20240211-115653,object_motion,object_motion_object_movement_itinerary,16,17,1,0.9154618023604898,0.644974573102001,0.644974573102001,1.0,1.0,1.0,2 3,4 5 6 7,True,0.5,False,True,0.9436412015719371,0.6449745730987101,0.6449745730987101
heldout,object_motion_object_movement_itinerary_477,P02,P02-20240211-115653,object_motion,object_motion_object_movement_itinerary,16,18,2,0.9154618023604898,0.6674288927416621,0.6674288927416621,1.0,1.0,1.0,2 3,4 5 6 7,True,0.5,False,True,0.9436412015719371,0.6674288927382453,0.6674288927382453
heldout,object_motion_object_movement_itinerary_477,P02,P02-20240211-115653,object_motion,object_motion_object_movement_itinerary,16,19,3,0.9154618023604898,0.7083236306360868,0.7083236306360868,1.0,1.0,1.0,2 3,4 5 6 7,True,0.5,False,True,0.9436412015719371,0.7083236306337529,0.7083236306337529
heldout,object_motion_object_movement_itinerary_477,P02,P02-20240211-115653,object_motion,object_motion_object_movement_itinerary,20,21,1,0.9658740181601873,0.49659175957478235,0.5979892840914087,0.8304358836953226,0.3333333333333333,0.39999999999999997,2 3,4 5 6 7,True,0.5,False,True,0.9772493454374023,0.4965917595716056,0.5979892840875833
heldout,object_motion_object_movement_itinerary_477,P02,P02-20240211-115653,object_motion,object_motion_object_movement_itinerary,20,22,2,0.9658740181601873,0.4676064819649407,0.5783305913204873,0.8085453008758657,0.3333333333333333,0.39999999999999997,2 3,4 5 6 7,True,0.5,False,True,0.9772493454374023,0.4676064819617032,0.5783305913164831
heldout,object_motion_object_movement_itinerary_477,P02,P02-20240211-115653,object_motion,object_motion_object_movement_itinerary,20,23,3,0.9658740181601873,0.5109521035079141,0.5908827913729588,0.8647266614766017,0.3333333333333333,0.39999999999999997,2 3,4 5 6 7,True,0.5,False,True,0.9772493454374023,0.510952103504227,0.5908827913686949
heldout,object_motion_object_movement_itinerary_477,P02,P02-20240211-115653,object_motion,object_motion_object_movement_itinerary,24,25,1,0.9950187010161217,0.5346507042574333,0.5395254862100587,0.9909646864194152,0.3333333333333333,0.7999999999999999,0 2,0 1 4 5,False,0.75,True,False,0.996679134005913,0.5346507042536544,0.5395254862062453
heldout,object_motion_object_movement_itinerary_477,P02,P02-20240211-115653,object_motion,object_motion_object_movement_itinerary,24,26,2,0.9950187010161217,0.5721815834967656,0.5721815834967656,1.0,1.0,0.7999999999999999,0 2,0 1 4 5,False,0.75,True,False,0.996679134005913,0.5721815834926091,0.5721815834926091
heldout,object_motion_object_movement_itinerary_477,P02,P02-20240211-115653,object_motion,object_motion_object_movement_itinerary,24,27,3,0.9950187010161217,0.5359904136451042,0.5755653379124417,0.9312416477147938,0.3333333333333333,0.7999999999999999,0 2,0 1 4 5,False,0.75,True,False,0.996679134005913,0.535990413642367,0.5755653379095023
heldout,object_motion_object_movement_itinerary_55,P01,P01-20240204-130448,object_motion,object_motion_object_movement_itinerary,8,9,1,0.9663688051979953,0.6341208977265347,0.6341208977265347,1.0,1.0,0.7999999999999999,0 1,0 1 2 3,True,0.5,True,False,0.9775792034623856,0.6341208977230165,0.6341208977230165
heldout,object_motion_object_movement_itinerary_55,P01,P01-20240204-130448,object_motion,object_motion_object_movement_itinerary,8,10,2,0.9663688051979953,0.6181341486299576,0.6181341486299576,1.0,1.0,1.0,0 1,0 1 2 3,True,0.5,True,False,0.9775792034623856,0.6181341486224136,0.6181341486224136
heldout,object_motion_object_movement_itinerary_55,P01,P01-20240204-130448,object_motion,object_motion_object_movement_itinerary,8,11,3,0.9663688051979953,0.5936920678764764,0.5936920678764764,1.0,1.0,1.0,0 1,0 1 2 3,True,0.5,True,False,0.9775792034623856,0.5936920678723864,0.5936920678723864
heldout,object_motion_object_movement_itinerary_55,P01,P01-20240204-130448,object_motion,object_motion_object_movement_itinerary,12,13,1,0.9843788229648318,0.6104437640480835,0.6104437640480835,1.0,1.0,1.0,0 3,0 1 6 7,False,1.0,True,True,0.9895858819730755,0.6104437640449988,0.6104437640449988
heldout,object_motion_object_movement_itinerary_55,P01,P01-20240204-130448,object_motion,object_motion_object_movement_itinerary,12,14,2,0.9843788229648318,0.6880477810672938,0.6880477810672938,1.0,1.0,0.7999999999999999,0 3,0 1 6 7,False,1.0,True,True,0.9895858819730755,0.6880477810647947,0.6880477810647947
heldout,object_motion_object_movement_itinerary_55,P01,P01-20240204-130448,object_motion,object_motion_object_movement_itinerary,12,15,3,0.9843788229648318,0.5933431103105655,0.5933431103105655,1.0,1.0,0.6000000000000001,0 3,0 1 6 7,False,1.0,True,True,0.9895858819730755,0.5933431103070037,0.5933431103070038
heldout,object_motion_object_movement_itinerary_55,P01,P01-20240204-130448,object_motion,object_motion_object_movement_itinerary,16,17,1,0.9041513519847398,0.6799211699971324,0.6799211699971324,1.0,1.0,1.0,0 3,0 1 6 7,False,1.0,True,True,0.9361009013215205,0.6799211699935276,0.6799211699935276
heldout,object_motion_object_movement_itinerary_55,P01,P01-20240204-130448,object_motion,object_motion_object_movement_itinerary,16,18,2,0.9041513519847398,0.6783471722598239,0.6783471722598239,1.0,1.0,1.0,0 3,0 1 6 7,False,1.0,True,True,0.9361009013215205,0.6783471722558754,0.6783471722558753
heldout,object_motion_object_movement_itinerary_55,P01,P01-20240204-130448,object_motion,object_motion_object_movement_itinerary,16,19,3,0.9041513519847398,0.6862748495258213,0.6862748495258213,1.0,1.0,1.0,0 3,0 1 6 7,False,1.0,True,True,0.9361009013215205,0.6862748495233181,0.686274849523318
heldout,object_motion_object_movement_itinerary_55,P01,P01-20240204-130448,object_motion,object_motion_object_movement_itinerary,20,21,1,0.9769400919910073,0.6386299796441568,0.6386299796441568,1.0,1.0,0.6000000000000001,0 3,0 1 6 7,False,1.0,True,True,0.9846267279909338,0.6386299796401167,0.6386299796401167
heldout,object_motion_object_movement_itinerary_55,P01,P01-20240204-130448,object_motion,object_motion_object_movement_itinerary,20,22,2,0.9769400919910073,0.6174092215809024,0.6174092215809024,1.0,1.0,0.6000000000000001,0 3,0 1 6 7,False,1.0,True,True,0.9846267279909338,0.6174092215763223,0.6174092215763223
heldout,object_motion_object_movement_itinerary_55,P01,P01-20240204-130448,object_motion,object_motion_object_movement_itinerary,20,23,3,0.9769400919910073,0.6204179441848768,0.6204179441848768,1.0,1.0,0.6000000000000001,0 3,0 1 6 7,False,1.0,True,True,0.9846267279909338,0.620417944180183,0.620417944180183
heldout,object_motion_object_movement_itinerary_55,P01,P01-20240204-130448,object_motion,object_motion_object_movement_itinerary,24,25,1,0.9819519514833573,0.552302822930454,0.5925315730767111,0.9321069931558752,0.3333333333333333,0.7999999999999999,0 3,0 1 6 7,False,1.0,True,True,0.9879679676492698,0.5523028229252936,0.592531573071175
heldout,object_motion_object_movement_itinerary_55,P01,P01-20240204-130448,object_motion,object_motion_object_movement_itinerary,24,26,2,0.9819519514833573,0.5747837388582928,0.5747837388582928,1.0,1.0,1.0,0 3,0 1 6 7,False,1.0,True,True,0.9879679676492698,0.5747837388525875,0.5747837388525875
heldout,object_motion_object_movement_itinerary_55,P01,P01-20240204-130448,object_motion,object_motion_object_movement_itinerary,24,27,3,0.9819519514833573,0.577475057908239,0.6116815470881936,0.9440779448999423,0.3333333333333333,0.39999999999999997,0 3,0 1 6 7,False,1.0,True,True,0.9879679676492698,0.577475057903907,0.611681547083605
heldout,object_motion_object_movement_itinerary_87,P04,P04-20240413-145245,object_motion,object_motion_object_movement_itinerary,8,9,1,0.9866237106236697,0.6235852053865991,0.6235852053865991,1.0,1.0,1.0,0 1,0 1 2 3,True,0.5,True,False,0.9910824737458073,0.62358520538307,0.62358520538307
heldout,object_motion_object_movement_itinerary_87,P04,P04-20240413-145245,object_motion,object_motion_object_movement_itinerary,8,10,2,0.9866237106236697,0.5188704469411366,0.54964782509931,0.9440052761918734,0.3333333333333333,0.7999999999999999,0 1,0 1 2 3,True,0.5,True,False,0.9910824737458073,0.5188704469354991,0.5496478250933381
heldout,object_motion_object_movement_itinerary_87,P04,P04-20240413-145245,object_motion,object_motion_object_movement_itinerary,8,11,3,0.9866237106236697,0.6634373502334692,0.6634373502334692,1.0,1.0,0.7999999999999999,0 1,0 1 2 3,True,0.5,True,False,0.9910824737458073,0.6634373502289694,0.6634373502289694
heldout,object_motion_object_movement_itinerary_87,P04,P04-20240413-145245,object_motion,object_motion_object_movement_itinerary,12,13,1,0.9939092410851091,0.5011119812810667,0.5289330772549258,0.9474014820206633,0.3333333333333333,0.39999999999999997,0 1,0 1 2 3,True,0.5,True,False,0.9959394940535231,0.5011119812787475,0.5289330772524777
heldout,object_motion_object_movement_itinerary_87,P04,P04-20240413-145245,object_motion,object_motion_object_movement_itinerary,12,14,2,0.9939092410851091,0.5882934305130361,0.5882934305130361,1.0,1.0,0.7999999999999999,0 1,0 1 2 3,True,0.5,True,False,0.9959394940535231,0.588293430511078,0.588293430511078
heldout,object_motion_object_movement_itinerary_87,P04,P04-20240413-145245,object_motion,object_motion_object_movement_itinerary,12,15,3,0.9939092410851091,0.5161499737321145,0.5460693422807835,0.9452095801172358,0.3333333333333333,0.39999999999999997,0 1,0 1 2 3,True,0.5,True,False,0.9959394940535231,0.5161499737291909,0.5460693422776906
heldout,object_motion_object_movement_itinerary_87,P04,P04-20240413-145245,object_motion,object_motion_object_movement_itinerary,16,17,1,0.9683501507203626,0.5950223092534985,0.5950223092534985,1.0,1.0,1.0,0 2,0 1 4 5,False,0.75,True,False,0.9789001004785897,0.5950223092509135,0.5950223092509135
heldout,object_motion_object_movement_itinerary_87,P04,P04-20240413-145245,object_motion,object_motion_object_movement_itinerary,16,18,2,0.9683501507203626,0.5875343898829506,0.5875343898829506,1.0,1.0,0.7999999999999999,0 2,0 1 4 5,False,0.75,True,False,0.9789001004785897,0.5875343898801417,0.5875343898801417
heldout,object_motion_object_movement_itinerary_87,P04,P04-20240413-145245,object_motion,object_motion_object_movement_itinerary,16,19,3,0.9683501507203626,0.714128311441725,0.714128311441725,1.0,1.0,1.0,0 2,0 1 4 5,False,0.75,True,False,0.9789001004785897,0.7141283114393473,0.7141283114393473
heldout,object_motion_object_movement_itinerary_87,P04,P04-20240413-145245,object_motion,object_motion_object_movement_itinerary,20,21,1,0.9703061083754394,0.6253740239225567,0.6253740239225567,1.0,1.0,0.7999999999999999,0 2,0 1 4 5,False,0.75,True,False,0.9802040722476282,0.6253740239185885,0.6253740239185885
heldout,object_motion_object_movement_itinerary_87,P04,P04-20240413-145245,object_motion,object_motion_object_movement_itinerary,20,22,2,0.9703061083754394,0.6169988495941852,0.6169988495941852,1.0,1.0,0.7999999999999999,0 2,0 1 4 5,False,0.75,True,False,0.9802040722476282,0.6169988495897667,0.6169988495897667
heldout,object_motion_object_movement_itinerary_87,P04,P04-20240413-145245,object_motion,object_motion_object_movement_itinerary,20,23,3,0.9703061083754394,0.6096007181280259,0.6096007181280259,1.0,1.0,0.7999999999999999,0 2,0 1 4 5,False,0.75,True,False,0.9802040722476282,0.6096007181236338,0.6096007181236338
heldout,object_motion_object_movement_itinerary_87,P04,P04-20240413-145245,object_motion,object_motion_object_movement_itinerary,24,25,1,0.9864291154550194,0.6099338925637129,0.6099338925637129,1.0,1.0,0.7999999999999999,0 2,0 1 4 5,False,0.75,True,False,0.9909527436312955,0.6099338925578558,0.6099338925578558
heldout,object_motion_object_movement_itinerary_87,P04,P04-20240413-145245,object_motion,object_motion_object_movement_itinerary,24,26,2,0.9864291154550194,0.6023541402711395,0.6023541402711395,1.0,1.0,0.7999999999999999,0 2,0 1 4 5,False,0.75,True,False,0.9909527436312955,0.6023541402653756,0.6023541402653756
heldout,object_motion_object_movement_itinerary_87,P04,P04-20240413-145245,object_motion,object_motion_object_movement_itinerary,24,27,3,0.9864291154550194,0.6233278735349617,0.6233278735349617,1.0,1.0,0.7999999999999999,0 2,0 1 4 5,False,0.75,True,False,0.9909527436312955,0.6233278735309945,0.6233278735309945
